id_chamado,abertura,inicio_atendimento,encerramento,id_cliente,id_pop,id_tecnico,tipo_falha,causa_raiz,prioridade,sla_horas,distancia_falha_km,perda_db,status
1,2025-01-01 02:53:24,2025-01-01 03:31:18,2025-01-01 10:38:39,255,4,10.0,Rompimento de fibra,Roedores,Alta,8,4.62,19.2,Encerrado
2,2025-01-01 06:01:37,2025-01-01 07:24:42,2025-01-01 10:31:32,205,14,18.0,Rompimento de fibra,Acidente de trânsito (poste),Alta,8,1.09,19.6,Encerrado
3,2025-01-01 06:40:31,2025-01-01 06:53:16,2025-01-01 07:55:39,324,12,3.0,Rompimento de fibra,Roedores,Crítica,4,2.1,19.0,Encerrado
4,2025-01-01 08:16:18,2025-01-01 17:10:27,2025-01-01 18:02:04,149,9,2.0,Atenuação alta,Emenda degradada,Média,24,6.24,3.5,Encerrado
5,2025-01-01 12:44:27,2025-01-01 15:35:53,2025-01-01 16:39:53,14,2,7.0,Configuração,Erro de configuração,Alta,8,,,Encerrado
6,2025-01-01 15:26:31,2025-01-01 16:04:32,2025-01-01 19:32:21,194,3,16.0,Rompimento de fibra,Queda de árvore,Crítica,4,6.68,28.4,Encerrado
7,2025-01-01 15:29:00,2025-01-01 19:07:36,2025-01-02 01:35:27,251,3,16.0,Rompimento de fibra,Queda de árvore,Alta,8,2.87,33.8,Encerrado
8,2025-01-01 15:30:46,2025-01-01 19:23:13,2025-01-01 21:35:28,208,14,3.0,Queda de energia,Falta de energia da concessionária,Média,24,,,Encerrado
9,2025-01-01 16:50:39,2025-01-01 20:40:23,2025-01-01 22:24:08,313,1,1.0,Falha de equipamento,Módulo óptico (SFP/QSFP),Média,24,,,Encerrado
10,2025-01-01 17:09:14,2025-01-01 18:15:03,2025-01-01 19:08:52,17,2,10.0,Queda de energia,Disjuntor,Alta,8,,,Encerrado
11,2025-01-01 19:22:22,2025-01-01 19:44:08,2025-01-01 21:58:15,173,12,15.0,Rompimento de fibra,Roedores,Crítica,4,1.64,37.6,Encerrado
12,2025-01-01 23:00:17,2025-01-02 00:13:58,2025-01-02 07:28:37,98,1,4.0,Rompimento de fibra,Roedores,Crítica,4,6.81,20.4,Encerrado
13,2025-01-01 23:00:38,2025-01-01 23:56:25,2025-01-02 03:35:31,16,4,1.0,Rompimento de fibra,Acidente de trânsito (poste),Crítica,4,5.89,32.4,Encerrado
14,2025-01-02 03:46:31,2025-01-02 05:10:14,2025-01-02 05:43:31,55,9,17.0,Queda de energia,Bateria do nobreak,Alta,8,,,Encerrado
15,2025-01-02 05:21:52,2025-01-02 07:30:50,2025-01-02 09:21:53,329,13,9.0,Falha de equipamento,Fonte de alimentação,Média,24,,,Encerrado
16,2025-01-02 06:14:11,2025-01-02 06:31:27,2025-01-02 10:15:42,151,5,13.0,Rompimento de fibra,Obra de terceiros,Crítica,4,2.34,30.5,Encerrado
17,2025-01-02 14:45:07,2025-01-02 16:45:17,2025-01-02 18:36:02,325,4,1.0,Furto/vandalismo de cabo,Furto de cabo,Crítica,4,2.13,29.0,Encerrado
18,2025-01-02 19:44:09,2025-01-02 20:33:37,2025-01-02 23:41:35,388,11,9.0,Atenuação alta,Umidade na caixa de emenda,Média,24,1.45,7.2,Encerrado
19,2025-01-03 02:14:04,2025-01-04 12:11:18,2025-01-04 13:42:52,150,8,2.0,Atenuação alta,Curvatura excessiva,Média,24,2.93,6.7,Encerrado
20,2025-01-03 09:45:36,2025-01-03 11:34:17,2025-01-03 14:51:15,234,8,5.0,Atenuação alta,Conector sujo,Média,24,3.86,7.0,Encerrado
21,2025-01-03 15:39:38,2025-01-03 19:05:28,2025-01-03 23:01:27,38,16,18.0,Falha de equipamento,Switch,Média,24,,,Encerrado
22,2025-01-03 22:48:07,2025-01-03 23:21:34,2025-01-04 08:13:25,89,9,17.0,Furto/vandalismo de cabo,Vandalismo,Crítica,4,2.81,32.0,Encerrado
23,2025-01-03 23:42:39,2025-01-04 01:41:29,2025-01-04 04:37:12,121,6,1.0,Rompimento de fibra,Roedores,Crítica,4,4.51,38.0,Encerrado
24,2025-01-03 23:56:25,2025-01-04 00:57:43,2025-01-04 05:32:43,15,6,7.0,Atenuação alta,Curvatura excessiva,Crítica,4,4.97,2.8,Encerrado
25,2025-01-04 00:56:58,2025-01-04 08:39:21,2025-01-04 12:00:05,351,14,9.0,Falha de equipamento,Fonte de alimentação,Média,24,,,Encerrado
26,2025-01-04 01:33:47,2025-01-04 02:16:24,2025-01-04 07:22:50,123,6,10.0,Rompimento de fibra,Roedores,Alta,8,2.11,32.6,Encerrado
27,2025-01-04 02:39:51,2025-01-04 12:19:09,2025-01-04 13:03:48,349,14,12.0,Atenuação alta,Umidade na caixa de emenda,Média,24,3.39,9.0,Encerrado
28,2025-01-04 07:20:58,2025-01-04 08:25:34,2025-01-04 12:08:48,348,11,12.0,Rompimento de fibra,Acidente de trânsito (poste),Crítica,4,6.46,20.5,Encerrado
29,2025-01-04 13:55:26,2025-01-04 20:44:15,2025-01-04 23:06:23,365,2,10.0,Configuração,Atualização de firmware,Alta,8,,,Encerrado
30,2025-01-04 14:42:57,2025-01-04 15:28:49,2025-01-04 18:21:02,210,1,1.0,Atenuação alta,Conector sujo,Alta,8,1.31,1.7,Encerrado
31,2025-01-04 16:25:02,2025-01-04 19:18:20,2025-01-05 03:12:48,381,7,5.0,Rompimento de fibra,Queda de árvore,Alta,8,2.4,18.9,Encerrado
32,2025-01-04 16:35:34,2025-01-04 16:57:05,2025-01-04 21:09:28,268,13,6.0,Atenuação alta,Emenda degradada,Alta,8,5.61,3.6,Encerrado
33,2025-01-04 19:28:45,2025-01-04 22:03:29,2025-01-05 02:13:59,128,16,3.0,Rompimento de fibra,Acidente de trânsito (poste),Alta,8,1.23,38.2,Encerrado
34,2025-01-04 20:27:54,2025-01-05 10:41:54,2025-01-05 13:06:10,164,16,6.0,Atenuação alta,Emenda degradada,Média,24,2.65,5.8,Encerrado
35,2025-01-05 00:43:05,2025-01-05 01:07:06,2025-01-05 01:34:28,384,9,8.0,Falha de equipamento,Módulo óptico (SFP/QSFP),Alta,8,,,Encerrado
36,2025-01-05 08:52:11,2025-01-06 14:08:23,2025-01-06 15:49:17,160,2,7.0,Falha de equipamento,Fonte de alimentação,Média,24,,,Encerrado
37,2025-01-05 09:39:03,2025-01-05 11:05:02,2025-01-05 13:57:10,72,7,5.0,Rompimento de fibra,Acidente de trânsito (poste),Crítica,4,4.79,32.2,Encerrado
38,2025-01-05 10:32:42,2025-01-05 17:24:53,2025-01-05 19:41:02,303,2,16.0,Configuração,Atualização de firmware,Média,24,,,Encerrado
39,2025-01-05 10:33:55,,,328,14,,Queda de energia,,Baixa,48,,,Cancelado
40,2025-01-05 11:42:40,2025-01-05 15:04:29,2025-01-05 16:52:15,5,10,14.0,Queda de energia,Bateria do nobreak,Crítica,4,,,Encerrado
41,2025-01-05 12:34:39,2025-01-05 18:25:49,2025-01-05 19:51:56,248,12,9.0,Falha de equipamento,Placa de interface,Média,24,,,Encerrado
42,2025-01-05 17:02:52,2025-01-05 19:40:14,2025-01-05 21:47:31,73,1,1.0,Queda de energia,Falta de energia da concessionária,Alta,8,,,Encerrado
43,2025-01-05 17:05:05,2025-01-05 22:45:22,2025-01-05 23:41:39,398,7,14.0,Queda de energia,Falta de energia da concessionária,Média,24,,,Encerrado
44,2025-01-05 19:01:14,2025-01-05 19:58:39,2025-01-05 23:16:03,112,7,11.0,Rompimento de fibra,Queda de árvore,Crítica,4,5.09,34.3,Encerrado
45,2025-01-05 20:12:47,2025-01-05 21:18:56,2025-01-06 06:44:18,365,1,4.0,Rompimento de fibra,Roedores,Crítica,4,1.38,27.3,Encerrado
46,2025-01-05 20:42:50,2025-01-05 21:30:32,2025-01-06 02:17:44,72,8,2.0,Rompimento de fibra,Queda de árvore,Crítica,4,7.67,21.9,Encerrado
47,2025-01-05 21:53:33,2025-01-05 23:02:00,2025-01-06 01:11:55,46,12,6.0,Queda de energia,Falta de energia da concessionária,Crítica,4,,,Encerrado
48,2025-01-05 23:28:38,2025-01-06 09:07:19,2025-01-06 11:46:09,333,12,9.0,Atenuação alta,Umidade na caixa de emenda,Média,24,3.83,4.7,Encerrado
49,2025-01-06 01:02:43,2025-01-06 12:23:27,2025-01-06 17:45:21,129,3,10.0,Atenuação alta,Emenda degradada,Média,24,4.26,8.4,Encerrado
50,2025-01-06 02:19:14,2025-01-06 03:08:38,2025-01-06 08:49:28,148,1,13.0,Rompimento de fibra,Obra de terceiros,Alta,8,1.55,25.4,Encerrado
51,2025-01-06 04:46:46,2025-01-06 05:47:21,2025-01-06 06:37:16,22,2,13.0,Queda de energia,Disjuntor,Alta,8,,,Encerrado
52,2025-01-06 08:11:17,2025-01-06 09:13:28,2025-01-06 12:15:33,79,7,8.0,Rompimento de fibra,Roedores,Crítica,4,4.16,19.5,Encerrado
53,2025-01-06 09:18:58,2025-01-06 10:35:09,2025-01-06 15:39:43,253,8,2.0,Rompimento de fibra,Obra de terceiros,Crítica,4,2.81,21.0,Encerrado
54,2025-01-06 12:28:01,2025-01-06 12:30:17,2025-01-06 15:21:50,266,7,17.0,Furto/vandalismo de cabo,Vandalismo,Crítica,4,2.46,34.9,Encerrado
55,2025-01-06 16:05:29,2025-01-06 16:41:01,2025-01-07 00:31:46,370,2,16.0,Rompimento de fibra,Obra de terceiros,Crítica,4,7.72,26.3,Encerrado
56,2025-01-06 16:17:15,2025-01-06 17:42:12,2025-01-06 20:57:11,127,16,6.0,Atenuação alta,Umidade na caixa de emenda,Alta,8,0.21,5.6,Encerrado
57,2025-01-06 18:13:02,2025-01-06 19:01:59,2025-01-06 22:53:20,73,1,10.0,Rompimento de fibra,Queda de árvore,Crítica,4,2.53,23.2,Encerrado
58,2025-01-06 19:12:03,2025-01-07 07:04:11,2025-01-07 08:37:57,275,16,12.0,Configuração,Atualização de firmware,Média,24,,,Encerrado
59,2025-01-06 19:18:34,2025-01-07 04:48:44,2025-01-07 09:46:56,225,13,3.0,Atenuação alta,Emenda degradada,Média,24,2.07,8.4,Encerrado
60,2025-01-06 23:07:49,2025-01-07 21:19:26,2025-01-07 23:42:11,340,16,6.0,Atenuação alta,Curvatura excessiva,Baixa,48,4.93,6.6,Encerrado
61,2025-01-07 00:43:17,2025-01-07 01:10:36,2025-01-07 01:38:10,333,12,6.0,Configuração,Atualização de firmware,Alta,8,,,Encerrado
62,2025-01-07 01:56:45,2025-01-07 02:43:43,2025-01-07 07:30:53,248,12,9.0,Rompimento de fibra,Roedores,Alta,8,5.3,21.6,Encerrado
63,2025-01-07 05:35:53,2025-01-07 11:05:42,2025-01-07 11:34:52,25,9,11.0,Atenuação alta,Umidade na caixa de emenda,Média,24,4.59,5.3,Encerrado
64,2025-01-07 06:08:34,2025-01-07 06:17:16,2025-01-07 07:32:07,106,13,9.0,Rompimento de fibra,Acidente de trânsito (poste),Crítica,4,2.32,26.1,Encerrado
65,2025-01-07 06:20:22,2025-01-07 07:12:14,2025-01-07 08:26:54,186,14,18.0,Queda de energia,Bateria do nobreak,Alta,8,,,Encerrado
66,2025-01-07 06:31:30,2025-01-07 06:54:50,2025-01-07 08:51:35,17,1,10.0,Falha de equipamento,Fonte de alimentação,Média,24,,,Encerrado
67,2025-01-07 08:35:03,2025-01-07 09:45:36,2025-01-07 14:29:55,299,13,12.0,Rompimento de fibra,Acidente de trânsito (poste),Alta,8,3.92,23.7,Encerrado
68,2025-01-07 08:47:40,2025-01-07 11:20:33,2025-01-07 12:38:24,289,10,17.0,Configuração,Atualização de firmware,Alta,8,,,Encerrado
69,2025-01-07 10:40:30,2025-01-07 11:21:37,2025-01-07 13:07:27,193,7,11.0,Furto/vandalismo de cabo,Furto de cabo,Crítica,4,8.58,34.8,Encerrado
70,2025-01-07 15:35:56,2025-01-07 15:46:20,2025-01-07 17:55:12,44,2,10.0,Rompimento de fibra,Roedores,Crítica,4,2.68,19.1,Encerrado
71,2025-01-07 21:51:21,2025-01-07 22:15:06,2025-01-08 02:42:43,392,2,7.0,Atenuação alta,Emenda degradada,Alta,8,2.55,4.1,Encerrado
72,2025-01-08 01:09:41,2025-01-08 03:05:18,2025-01-08 04:04:47,43,11,18.0,Rompimento de fibra,Obra de terceiros,Crítica,4,2.33,33.4,Encerrado
73,2025-01-08 10:40:54,2025-01-08 13:50:37,2025-01-08 17:31:13,389,3,4.0,Furto/vandalismo de cabo,Vandalismo,Alta,8,6.26,35.3,Encerrado
74,2025-01-08 13:01:06,,,86,6,,Rompimento de fibra,,Crítica,4,1.43,27.0,Cancelado
75,2025-01-08 13:07:43,2025-01-08 15:13:11,2025-01-08 17:38:44,126,15,3.0,Queda de energia,Falta de energia da concessionária,Média,24,,,Encerrado
76,2025-01-08 15:35:35,2025-01-08 16:28:39,2025-01-08 21:00:38,297,1,4.0,Rompimento de fibra,Acidente de trânsito (poste),Crítica,4,8.28,37.1,Encerrado
77,2025-01-08 16:50:30,2025-01-08 17:10:43,2025-01-08 20:48:00,55,9,5.0,Rompimento de fibra,Obra de terceiros,Crítica,4,9.75,38.9,Encerrado
78,2025-01-08 21:11:54,,,250,9,,Rompimento de fibra,,Crítica,4,3.41,24.5,Cancelado
79,2025-01-09 01:09:57,2025-01-09 03:31:51,2025-01-09 09:51:04,363,6,1.0,Rompimento de fibra,Obra de terceiros,Alta,8,8.82,23.3,Encerrado
80,2025-01-09 03:39:31,2025-01-09 05:25:44,2025-01-09 08:28:25,20,16,18.0,Furto/vandalismo de cabo,Furto de cabo,Crítica,4,6.8,24.6,Encerrado
81,2025-01-09 04:35:38,2025-01-09 13:47:08,2025-01-09 14:49:10,199,3,7.0,Configuração,Erro de configuração,Média,24,,,Encerrado
82,2025-01-09 06:54:50,2025-01-09 15:18:25,2025-01-09 17:09:25,168,1,10.0,Configuração,Erro de configuração,Média,24,,,Encerrado
83,2025-01-09 09:02:10,2025-01-09 10:04:00,2025-01-09 14:46:07,389,3,7.0,Rompimento de fibra,Acidente de trânsito (poste),Alta,8,7.7,21.0,Encerrado
84,2025-01-09 10:36:54,2025-01-09 10:41:46,2025-01-09 18:34:52,179,15,15.0,Rompimento de fibra,Queda de árvore,Crítica,4,1.96,22.1,Encerrado
85,2025-01-09 18:46:44,2025-01-11 17:44:58,2025-01-11 18:52:46,231,4,4.0,Queda de energia,Falta de energia da concessionária,Baixa,48,,,Encerrado
86,2025-01-09 18:48:15,2025-01-09 19:35:47,2025-01-09 20:33:47,301,14,18.0,Queda de energia,Disjuntor,Média,24,,,Encerrado
87,2025-01-09 21:42:59,2025-01-10 00:36:37,2025-01-10 02:18:29,31,3,1.0,Atenuação alta,Curvatura excessiva,Alta,8,7.08,7.6,Encerrado
88,2025-01-09 22:05:35,,,171,6,,Atenuação alta,,Baixa,48,4.53,4.5,Cancelado
89,2025-01-09 22:13:08,2025-01-10 00:01:30,2025-01-10 01:18:38,266,7,8.0,Furto/vandalismo de cabo,Vandalismo,Alta,8,0.99,18.1,Encerrado
90,2025-01-09 22:42:41,2025-01-09 23:43:01,2025-01-10 05:39:02,153,13,3.0,Rompimento de fibra,Roedores,Crítica,4,6.71,27.1,Encerrado
91,2025-01-09 23:25:17,2025-01-10 02:54:14,2025-01-10 03:13:03,173,11,9.0,Queda de energia,Bateria do nobreak,Alta,8,,,Encerrado
92,2025-01-10 02:33:14,2025-01-10 04:05:53,2025-01-10 11:35:11,134,2,16.0,Furto/vandalismo de cabo,Vandalismo,Crítica,4,6.38,33.2,Encerrado
93,2025-01-10 05:09:43,2025-01-10 05:29:35,2025-01-10 08:53:20,259,10,5.0,Rompimento de fibra,Roedores,Crítica,4,8.98,38.6,Encerrado
94,2025-01-10 07:29:17,2025-01-10 08:01:29,2025-01-10 15:31:42,38,16,6.0,Rompimento de fibra,Roedores,Crítica,4,2.44,28.7,Encerrado
95,2025-01-10 08:28:47,2025-01-10 09:35:41,2025-01-10 13:44:15,23,12,12.0,Atenuação alta,Conector sujo,Alta,8,3.08,6.9,Encerrado
96,2025-01-10 09:39:49,2025-01-10 14:31:52,2025-01-10 16:45:16,271,5,7.0,Atenuação alta,Umidade na caixa de emenda,Média,24,3.82,8.8,Encerrado
97,2025-01-10 10:51:43,2025-01-10 11:09:55,2025-01-10 18:15:07,349,14,6.0,Rompimento de fibra,Queda de árvore,Alta,8,4.52,18.9,Encerrado
98,2025-01-10 12:17:12,2025-01-10 13:30:12,2025-01-10 18:29:50,101,1,10.0,Atenuação alta,Curvatura excessiva,Crítica,4,6.64,2.5,Encerrado
99,2025-01-10 14:05:00,2025-01-10 14:12:18,2025-01-10 18:42:20,37,2,10.0,Rompimento de fibra,Acidente de trânsito (poste),Crítica,4,6.04,32.9,Encerrado
100,2025-01-10 15:07:35,2025-01-10 16:09:43,2025-01-10 21:40:10,100,4,16.0,Rompimento de fibra,Roedores,Crítica,4,7.59,38.1,Encerrado
101,2025-01-10 15:24:40,2025-01-10 21:26:09,2025-01-11 00:39:43,234,8,8.0,Falha de equipamento,Fonte de alimentação,Média,24,,,Encerrado
102,2025-01-10 18:38:18,2025-01-10 21:22:09,2025-01-10 22:13:47,212,9,2.0,Atenuação alta,Umidade na caixa de emenda,Alta,8,0.48,1.5,Encerrado
103,2025-01-10 22:38:19,2025-01-10 23:01:36,2025-01-11 00:27:46,399,14,15.0,Configuração,Atualização de firmware,Alta,8,,,Encerrado
104,2025-01-11 02:25:29,2025-01-12 01:36:46,2025-01-12 04:10:14,51,6,16.0,Queda de energia,Bateria do nobreak,Média,24,,,Encerrado
105,2025-01-11 04:47:27,2025-01-11 10:57:41,2025-01-11 11:37:41,2,12,12.0,Queda de energia,Disjuntor,Alta,8,,,Encerrado
106,2025-01-11 07:21:10,2025-01-11 08:03:31,2025-01-11 09:33:41,211,6,7.0,Queda de energia,Bateria do nobreak,Alta,8,,,Encerrado
107,2025-01-11 07:28:19,2025-01-11 10:39:46,2025-01-11 12:44:12,6,2,7.0,Atenuação alta,Umidade na caixa de emenda,Alta,8,2.44,8.6,Encerrado
108,2025-01-11 17:22:53,2025-01-11 17:58:42,2025-01-11 19:43:57,77,5,10.0,Rompimento de fibra,Acidente de trânsito (poste),Crítica,4,6.97,29.8,Encerrado
109,2025-01-11 17:47:54,2025-01-11 18:58:27,2025-01-12 01:20:20,240,9,8.0,Rompimento de fibra,Obra de terceiros,Alta,8,6.15,23.9,Encerrado
110,2025-01-11 18:33:24,2025-01-11 20:26:34,2025-01-12 03:44:58,133,4,13.0,Rompimento de fibra,Queda de árvore,Crítica,4,4.85,26.3,Encerrado
111,2025-01-11 20:55:07,2025-01-12 01:32:46,2025-01-12 02:18:42,201,2,1.0,Queda de energia,Falta de energia da concessionária,Alta,8,,,Encerrado
112,2025-01-11 22:17:11,2025-01-12 08:23:01,2025-01-12 10:17:23,303,1,16.0,Falha de equipamento,Placa de interface,Média,24,,,Encerrado
113,2025-01-11 22:32:59,2025-01-12 01:14:36,2025-01-12 02:57:45,32,4,7.0,Queda de energia,Falta de energia da concessionária,Alta,8,,,Encerrado
114,2025-01-12 00:38:38,2025-01-12 00:52:06,2025-01-12 04:14:38,75,10,2.0,Rompimento de fibra,Roedores,Crítica,4,1.75,38.2,Encerrado
115,2025-01-12 01:05:28,2025-01-12 05:52:19,2025-01-12 10:37:27,363,6,10.0,Falha de equipamento,Módulo óptico (SFP/QSFP),Alta,8,,,Encerrado
116,2025-01-12 01:10:23,2025-01-12 02:21:45,2025-01-12 03:27:41,131,10,11.0,Furto/vandalismo de cabo,Furto de cabo,Alta,8,1.77,18.1,Encerrado
117,2025-01-12 01:28:17,2025-01-12 02:32:34,2025-01-12 03:18:19,324,11,3.0,Configuração,Erro de configuração,Alta,8,,,Encerrado
118,2025-01-12 04:09:40,2025-01-13 00:20:02,2025-01-13 07:28:49,291,5,4.0,Atenuação alta,Curvatura excessiva,Baixa,48,1.85,4.2,Encerrado
119,2025-01-12 04:24:36,2025-01-12 05:06:48,2025-01-12 07:29:05,228,10,11.0,Furto/vandalismo de cabo,Furto de cabo,Alta,8,4.6,20.0,Encerrado
120,2025-01-12 07:17:22,2025-01-12 11:45:07,2025-01-12 13:09:20,32,4,13.0,Falha de equipamento,Fonte de alimentação,Média,24,,,Encerrado
121,2025-01-12 08:10:26,2025-01-12 12:12:48,2025-01-12 18:07:10,371,6,16.0,Atenuação alta,Conector sujo,Média,24,6.65,4.0,Encerrado
122,2025-01-12 11:08:31,2025-01-12 14:17:15,2025-01-12 15:52:29,201,1,13.0,Queda de energia,Bateria do nobreak,Média,24,,,Encerrado
123,2025-01-12 12:24:13,2025-01-12 14:15:30,2025-01-12 18:50:08,53,13,15.0,Atenuação alta,Conector sujo,Crítica,4,3.77,8.8,Encerrado
124,2025-01-12 14:04:08,2025-01-12 14:22:40,2025-01-12 15:47:16,41,11,18.0,Queda de energia,Disjuntor,Crítica,4,,,Encerrado
125,2025-01-12 23:00:20,2025-01-13 05:07:51,2025-01-13 10:05:16,173,11,3.0,Rompimento de fibra,Roedores,Alta,8,6.31,35.7,Encerrado
126,2025-01-13 02:35:20,2025-01-13 06:33:22,2025-01-13 07:33:55,112,8,14.0,Falha de equipamento,Módulo óptico (SFP/QSFP),Média,24,,,Encerrado
127,2025-01-13 06:50:43,2025-01-13 07:40:40,2025-01-13 10:58:17,235,12,6.0,Rompimento de fibra,Queda de árvore,Alta,8,0.13,35.6,Encerrado
128,2025-01-13 07:40:36,2025-01-13 11:49:06,2025-01-13 12:51:26,266,7,5.0,Queda de energia,Bateria do nobreak,Média,24,,,Encerrado
129,2025-01-13 10:27:04,2025-01-13 11:44:56,2025-01-13 15:51:45,113,10,14.0,Rompimento de fibra,Acidente de trânsito (poste),Crítica,4,2.47,39.7,Encerrado
130,2025-01-13 12:49:50,2025-01-13 14:00:55,2025-01-13 17:07:14,19,9,5.0,Falha de equipamento,Placa de interface,Alta,8,,,Encerrado
131,2025-01-13 14:01:26,2025-01-13 21:37:04,2025-01-13 22:10:57,374,6,10.0,Queda de energia,Falta de energia da concessionária,Média,24,,,Encerrado
132,2025-01-13 15:23:58,2025-01-13 16:27:23,2025-01-13 19:55:44,327,16,15.0,Atenuação alta,Curvatura excessiva,Média,24,1.44,7.8,Encerrado
133,2025-01-13 17:52:10,2025-01-13 18:49:26,2025-01-13 20:09:54,23,12,15.0,Queda de energia,Falta de energia da concessionária,Crítica,4,,,Encerrado
134,2025-01-13 18:05:55,2025-01-13 20:40:16,2025-01-13 21:11:38,112,8,2.0,Configuração,Erro de configuração,Alta,8,,,Encerrado
135,2025-01-14 05:51:35,2025-01-14 12:05:04,2025-01-14 13:04:29,206,10,8.0,Queda de energia,Bateria do nobreak,Baixa,48,,,Encerrado
136,2025-01-14 18:08:05,2025-01-14 18:37:25,2025-01-14 19:31:16,335,2,4.0,Configuração,Erro de configuração,Média,24,,,Encerrado
137,2025-01-15 00:12:35,2025-01-15 00:31:13,2025-01-15 06:10:32,101,2,7.0,Rompimento de fibra,Acidente de trânsito (poste),Crítica,4,6.52,32.5,Encerrado
138,2025-01-15 05:37:33,2025-01-15 06:04:31,2025-01-15 06:57:44,355,16,3.0,Rompimento de fibra,Obra de terceiros,Alta,8,8.2,25.2,Encerrado
139,2025-01-15 06:41:22,2025-01-15 09:04:43,2025-01-15 12:40:02,199,3,10.0,Atenuação alta,Curvatura excessiva,Alta,8,1.35,9.0,Encerrado
140,2025-01-15 07:39:10,2025-01-15 08:08:52,2025-01-15 13:22:23,125,13,15.0,Falha de equipamento,Placa de interface,Média,24,,,Encerrado
141,2025-01-15 12:25:43,2025-01-15 12:28:05,2025-01-15 22:34:47,12,15,12.0,Rompimento de fibra,Queda de árvore,Crítica,4,3.69,33.3,Encerrado
142,2025-01-15 16:15:06,2025-01-15 19:03:22,2025-01-16 01:29:40,300,10,11.0,Atenuação alta,Curvatura excessiva,Alta,8,3.63,3.9,Encerrado
143,2025-01-15 17:27:23,2025-01-15 17:57:04,2025-01-15 20:37:41,3,14,12.0,Falha de equipamento,Placa de interface,Crítica,4,,,Encerrado
144,2025-01-15 18:49:01,2025-01-15 20:26:08,2025-01-15 23:22:06,4,5,10.0,Falha de equipamento,Fonte de alimentação,Alta,8,,,Encerrado
145,2025-01-15 19:49:46,2025-01-15 20:30:17,2025-01-16 04:29:21,203,10,2.0,Rompimento de fibra,Acidente de trânsito (poste),Alta,8,7.08,27.9,Encerrado
146,2025-01-16 00:51:29,2025-01-16 01:49:14,2025-01-16 02:29:32,94,9,5.0,Furto/vandalismo de cabo,Vandalismo,Crítica,4,2.71,18.5,Encerrado
147,2025-01-16 11:57:06,2025-01-16 12:10:01,2025-01-16 16:25:36,360,3,16.0,Rompimento de fibra,Roedores,Crítica,4,4.42,20.1,Encerrado
148,2025-01-16 13:29:02,2025-01-17 12:54:56,2025-01-17 13:18:33,356,6,10.0,Queda de energia,Falta de energia da concessionária,Baixa,48,,,Encerrado
149,2025-01-16 15:55:48,2025-01-16 16:05:22,2025-01-16 20:09:43,182,11,3.0,Rompimento de fibra,Obra de terceiros,Alta,8,2.94,34.0,Encerrado
150,2025-01-16 18:20:15,2025-01-17 11:38:33,2025-01-17 12:46:24,318,15,12.0,Atenuação alta,Conector sujo,Baixa,48,5.1,8.4,Encerrado
151,2025-01-16 20:23:48,2025-01-16 23:51:21,2025-01-17 00:49:50,213,7,11.0,Atenuação alta,Curvatura excessiva,Média,24,2.69,3.8,Encerrado
152,2025-01-16 22:21:41,2025-01-16 23:27:59,2025-01-17 02:25:09,80,14,9.0,Rompimento de fibra,Queda de árvore,Crítica,4,3.45,32.6,Encerrado
153,2025-01-17 01:10:41,2025-01-17 02:16:43,2025-01-17 05:32:43,148,2,13.0,Rompimento de fibra,Roedores,Crítica,4,9.48,20.4,Encerrado
154,2025-01-17 04:11:59,2025-01-17 22:09:05,2025-01-17 23:56:00,384,8,5.0,Falha de equipamento,Switch,Baixa,48,,,Encerrado
155,2025-01-17 06:36:32,2025-01-17 18:27:54,2025-01-17 20:16:29,381,7,5.0,Atenuação alta,Emenda degradada,Baixa,48,2.45,1.6,Encerrado
156,2025-01-17 10:45:54,2025-01-17 11:56:56,2025-01-17 22:31:04,233,15,3.0,Rompimento de fibra,Roedores,Crítica,4,5.0,26.2,Encerrado
157,2025-01-17 11:36:03,2025-01-17 14:17:27,2025-01-17 14:51:26,330,11,12.0,Queda de energia,Disjuntor,Média,24,,,Encerrado
158,2025-01-17 18:22:55,2025-01-17 18:37:28,2025-01-18 00:19:27,58,11,3.0,ROMPIMENTO DE FIBRA,Queda de árvore,Crítica,4,1.65,31.0,Encerrado
159,2025-01-17 18:33:21,2025-01-17 19:39:53,2025-01-18 01:00:07,266,8,17.0,Rompimento de fibra,Roedores,Crítica,4,3.7,36.2,Encerrado
160,2025-01-17 22:16:03,2025-01-18 00:12:58,2025-01-18 05:58:25,11,6,10.0,Falha de equipamento,Switch,Alta,8,,,Encerrado
161,2025-01-18 04:09:03,2025-01-18 11:33:37,2025-01-18 12:43:43,195,6,4.0,Configuração,Atualização de firmware,Média,24,,,Encerrado
162,2025-01-18 09:36:09,2025-01-18 12:25:30,2025-01-18 13:10:26,76,11,12.0,Queda de energia,Falta de energia da concessionária,Alta,8,,,Encerrado
163,2025-01-18 13:48:46,2025-01-18 13:54:24,2025-01-18 17:15:47,115,14,15.0,Rompimento de fibra,Queda de árvore,Crítica,4,3.71,22.7,Encerrado
164,2025-01-18 16:12:27,2025-01-18 17:47:39,2025-01-18 23:05:48,240,9,5.0,Falha de equipamento,Fonte de alimentação,Alta,8,,,Encerrado
165,2025-01-18 17:45:29,2025-01-18 17:54:40,2025-01-19 00:01:33,296,6,4.0,Rompimento de fibra,Roedores,Alta,8,0.85,23.8,Encerrado
166,2025-01-18 18:34:40,2025-01-20 23:25:01,2025-01-21 11:18:31,354,7,17.0,Atenuação alta,Umidade na caixa de emenda,Baixa,48,2.17,8.8,Encerrado
167,2025-01-18 22:10:40,2025-01-19 00:08:28,2025-01-19 04:55:30,373,16,12.0,Rompimento de fibra,Obra de terceiros,Crítica,4,5.71,20.8,Encerrado
168,2025-01-18 22:40:18,2025-01-19 07:22:08,2025-01-19 09:02:37,251,4,4.0,Falha de equipamento,Placa de interface,Alta,8,,,Encerrado
169,2025-01-19 00:02:38,2025-01-19 01:47:49,2025-01-19 03:09:55,335,2,13.0,Rompimento de fibra,Queda de árvore,Crítica,4,2.96,36.5,Encerrado
170,2025-01-19 06:55:34,2025-01-20 00:23:19,2025-01-20 01:14:41,196,15,6.0,Queda de energia,Falta de energia da concessionária,Média,24,,,Encerrado
171,2025-01-19 08:54:49,2025-01-19 09:48:14,2025-01-19 19:41:01,307,13,12.0,Furto/vandalismo de cabo,Vandalismo,Alta,8,1.8,19.9,Encerrado
172,2025-01-19 09:56:59,2025-01-19 10:48:07,2025-01-19 13:22:10,93,6,16.0,Rompimento de fibra,Obra de terceiros,Crítica,4,5.51,25.9,Encerrado
173,2025-01-19 19:41:11,2025-01-19 23:35:42,2025-01-20 04:03:44,245,5,1.0,Rompimento de fibra,Roedores,Alta,8,2.67,30.7,Encerrado
174,2025-01-19 23:30:47,2025-01-20 00:16:57,2025-01-20 08:59:33,149,8,2.0,Atenuação alta,Umidade na caixa de emenda,Média,24,2.4,4.2,Encerrado
175,2025-01-20 00:43:11,2025-01-20 17:07:38,2025-01-20 20:37:43,160,1,13.0,Falha de equipamento,Módulo óptico (SFP/QSFP),Baixa,48,,,Encerrado
176,2025-01-20 02:17:05,2025-01-20 02:42:26,2025-01-20 05:22:31,242,12,18.0,Furto/vandalismo de cabo,Vandalismo,Crítica,4,8.28,37.5,Encerrado
177,2025-01-20 03:56:17,2025-01-20 08:47:47,2025-01-20 11:56:21,232,10,2.0,Furto/vandalismo de cabo,Vandalismo,Alta,8,2.19,26.1,Encerrado
178,2025-01-20 03:56:19,2025-01-20 04:14:00,2025-01-20 06:08:22,357,5,16.0,Rompimento de fibra,Roedores,Crítica,4,6.56,36.3,Encerrado
179,2025-01-20 04:23:16,2025-01-20 05:26:45,2025-01-20 06:30:50,41,12,12.0,Falha de equipamento,Switch,Crítica,4,,,Encerrado
180,2025-01-20 06:44:04,2025-01-20 07:23:11,2025-01-20 08:39:02,353,2,4.0,Falha de equipamento,Switch,Alta,8,,,Encerrado
181,2025-01-20 08:27:08,2025-01-20 11:55:01,2025-01-20 12:53:17,279,5,7.0,Queda de energia,Bateria do nobreak,Média,24,,,Encerrado
182,2025-01-20 09:02:29,2025-01-20 09:23:15,2025-01-20 16:29:50,101,1,4.0,Furto/vandalismo de cabo,Furto de cabo,Crítica,4,1.79,24.8,Encerrado
183,2025-01-20 09:55:18,2025-01-20 11:03:37,2025-01-20 12:51:02,22,2,1.0,Rompimento de fibra,Queda de árvore,Crítica,4,2.77,23.3,Encerrado
184,2025-01-20 18:33:09,2025-01-20 22:05:36,2025-01-21 00:37:12,269,15,18.0,Atenuação alta,Emenda degradada,Média,24,2.47,2.7,Encerrado
185,2025-01-20 19:16:40,2025-01-20 22:51:03,2025-01-21 01:06:47,131,10,14.0,Configuração,Atualização de firmware,Média,24,,,Encerrado
186,2025-01-20 20:01:22,2025-01-20 22:43:41,2025-01-20 23:09:16,278,15,12.0,Queda de energia,Disjuntor,Média,24,,,Encerrado
187,2025-01-21 04:08:59,2025-01-21 08:03:21,2025-01-21 11:45:45,133,4,1.0,Falha de equipamento,Fonte de alimentação,Média,24,,,Encerrado
188,2025-01-21 04:56:45,2025-01-21 13:20:45,2025-01-21 13:43:44,118,3,1.0,Queda de energia,Falta de energia da concessionária,Alta,8,,,Encerrado
189,2025-01-21 06:12:31,2025-01-21 06:38:24,2025-01-21 09:12:51,89,8,2.0,Rompimento de fibra,Acidente de trânsito (poste),Crítica,4,2.48,39.0,Encerrado
190,2025-01-21 06:31:01,2025-01-21 08:57:54,2025-01-21 13:13:16,361,13,12.0,Atenuação alta,Curvatura excessiva,Alta,8,5.24,3.4,Encerrado
191,2025-01-21 10:04:12,2025-01-21 10:45:37,2025-01-21 16:53:28,194,3,13.0,Rompimento de fibra,Queda de árvore,Alta,8,0.98,22.1,Encerrado
192,2025-01-21 10:04:52,2025-01-21 10:39:41,2025-01-21 13:38:40,215,10,5.0,Rompimento de fibra,Queda de árvore,Crítica,4,3.61,20.8,Encerrado
193,2025-01-21 10:39:48,2025-01-21 11:19:03,2025-01-21 22:18:00,382,15,6.0,Rompimento de fibra,Queda de árvore,Crítica,4,1.73,24.9,Encerrado
194,2025-01-22 02:37:48,2025-01-22 03:41:44,2025-01-22 06:14:32,184,5,4.0,Rompimento de fibra,Acidente de trânsito (poste),Crítica,4,1.04,21.5,Encerrado
195,2025-01-22 03:04:00,2025-01-22 03:55:16,2025-01-22 09:59:20,50,13,12.0,Rompimento de fibra,Roedores,Crítica,4,0.78,29.8,Encerrado
196,2025-01-22 04:49:24,2025-01-22 06:32:49,2025-01-22 07:29:26,351,14,6.0,Rompimento de fibra,Acidente de trânsito (poste),Crítica,4,3.46,30.8,Encerrado
197,2025-01-22 18:08:40,,,54,11,,Rompimento de fibra,,Crítica,4,1.32,24.8,Cancelado
198,2025-01-22 20:55:26,2025-01-22 21:17:09,2025-01-23 01:00:49,381,7,17.0,Rompimento de fibra,Roedores,Crítica,4,5.17,37.4,Encerrado
199,2025-01-22 23:27:57,2025-01-23 07:15:45,2025-01-23 07:30:35,177,8,14.0,Queda de energia,Disjuntor,Média,24,,,Encerrado
200,2025-01-22 23:33:57,2025-01-23 00:25:43,2025-01-23 01:12:55,290,16,3.0,Rompimento de fibra,Roedores,Crítica,4,11.21,26.0,Encerrado
201,2025-01-23 00:33:39,2025-01-23 01:14:23,2025-01-23 06:23:01,351,15,15.0,Rompimento de fibra,Queda de árvore,Crítica,4,3.64,32.8,Encerrado
202,2025-01-23 01:40:03,2025-01-23 03:00:58,2025-01-23 08:53:38,246,10,17.0,Rompimento de fibra,Queda de árvore,Alta,8,1.08,32.1,Encerrado
203,2025-01-23 04:59:42,2025-01-23 05:12:33,2025-01-23 12:26:16,39,15,15.0,Rompimento de fibra,Acidente de trânsito (poste),Crítica,4,1.59,20.7,Encerrado
204,2025-01-23 08:40:36,2025-01-23 08:56:41,2025-01-23 17:27:46,72,8,11.0,Furto/vandalismo de cabo,Vandalismo,Crítica,4,3.57,37.1,Encerrado
205,2025-01-23 10:04:50,2025-01-23 10:53:27,2025-01-23 13:56:00,220,6,1.0,Rompimento de fibra,Acidente de trânsito (poste),Crítica,4,2.09,23.5,Encerrado
206,2025-01-23 12:32:01,2025-01-23 13:03:16,2025-01-23 13:49:42,209,14,15.0,Queda de energia,Falta de energia da concessionária,Alta,8,,,Encerrado
207,2025-01-23 13:45:39,2025-01-23 21:50:52,2025-01-23 23:22:44,154,10,17.0,Falha de equipamento,Placa de interface,Baixa,48,,,Encerrado
208,2025-01-23 18:42:39,2025-01-23 19:34:29,2025-01-24 00:17:29,5,10,2.0,Atenuação alta,Conector sujo,Crítica,4,2.13,3.9,Encerrado
209,2025-01-23 20:30:08,2025-01-23 21:21:44,2025-01-24 02:22:11,76,11,3.0,Rompimento de fibra,Queda de árvore,Crítica,4,1.95,39.1,Encerrado
210,2025-01-23 23:32:21,2025-01-24 02:28:35,2025-01-24 06:55:22,186,15,15.0,Rompimento de fibra,Obra de terceiros,Crítica,4,2.22,33.7,Encerrado
211,2025-01-23 23:54:35,2025-01-24 06:55:37,2025-01-24 09:20:25,261,16,15.0,Falha de equipamento,Placa de interface,Média,24,,,Encerrado
212,2025-01-24 01:37:05,2025-01-24 02:11:54,2025-01-24 05:02:57,193,9,8.0,Rompimento de fibra,Queda de árvore,Alta,8,2.26,25.2,Encerrado
213,2025-01-24 05:20:33,2025-01-25 01:02:28,2025-01-25 01:22:42,333,12,15.0,Queda de energia,Disjuntor,Baixa,48,,,Encerrado
214,2025-01-24 06:10:06,2025-01-24 07:12:29,2025-01-24 08:52:17,365,1,4.0,Queda de energia,Disjuntor,Alta,8,,,Encerrado
215,2025-01-24 06:39:24,2025-01-24 09:26:09,2025-01-24 12:11:21,137,5,10.0,Rompimento de fibra,Queda de árvore,Alta,8,3.29,34.1,Encerrado
216,2025-01-24 07:31:06,2025-01-24 10:26:16,2025-01-24 11:11:34,84,12,18.0,Queda de energia,Bateria do nobreak,Média,24,,,Encerrado
217,2025-01-24 09:38:01,2025-01-24 10:27:42,2025-01-24 14:18:14,27,4,16.0,Falha de equipamento,Switch,Alta,8,,,Encerrado
218,2025-01-24 12:21:01,2025-01-24 12:30:25,2025-01-24 22:10:39,11,6,7.0,Rompimento de fibra,Acidente de trânsito (poste),Crítica,4,11.87,19.5,Encerrado
219,2025-01-24 12:54:27,2025-01-24 13:20:45,2025-01-24 16:44:18,100,3,1.0,Rompimento de fibra,Acidente de trânsito (poste),Crítica,4,6.27,20.7,Encerrado
220,2025-01-24 14:29:06,2025-01-24 14:49:05,2025-01-24 15:50:38,65,13,18.0,Queda de energia,Falta de energia da concessionária,Crítica,4,,,Encerrado
221,2025-01-24 16:43:52,,,250,9,,Queda de energia,,Alta,8,,,Cancelado
222,2025-01-24 18:32:58,2025-01-25 11:17:14,2025-01-25 12:52:50,188,15,6.0,Atenuação alta,Emenda degradada,Média,24,6.5,8.8,Encerrado
223,2025-01-24 22:33:20,2025-01-24 23:14:17,2025-01-25 05:40:46,26,10,14.0,Furto/vandalismo de cabo,Furto de cabo,Crítica,4,4.07,37.2,Encerrado
224,2025-01-24 23:46:30,,,3,14,,Atenuação alta,,Alta,8,9.1,6.1,Cancelado
225,2025-01-25 00:52:17,2025-01-25 01:41:57,2025-01-25 09:12:04,54,12,15.0,Rompimento de fibra,Obra de terceiros,Crítica,4,6.44,39.9,Encerrado
226,2025-01-25 03:04:41,2025-01-25 22:36:12,2025-01-26 00:50:45,350,5,1.0,Queda de energia,Falta de energia da concessionária,Baixa,48,,,Encerrado
227,2025-01-25 08:25:34,2025-01-26 05:06:12,2025-01-26 06:48:06,149,8,11.0,Falha de equipamento,Placa de interface,Baixa,48,,,Encerrado
228,2025-01-25 10:12:54,2025-01-26 01:27:48,2025-01-26 04:18:18,137,5,7.0,Falha de equipamento,Placa de interface,Baixa,48,,,Encerrado
229,2025-01-25 11:26:08,2025-01-26 14:44:43,2025-01-26 19:49:09,150,7,14.0,Atenuação alta,Conector sujo,Média,24,3.09,4.8,Encerrado
230,2025-01-25 19:34:14,2025-01-27 00:32:52,2025-01-27 02:27:17,354,7,8.0,Falha de equipamento,Módulo óptico (SFP/QSFP),Média,24,,,Encerrado
231,2025-01-26 03:21:32,2025-01-26 04:01:37,2025-01-26 11:37:18,98,1,16.0,Rompimento de fibra,Queda de árvore,Crítica,4,13.11,22.6,Encerrado
232,2025-01-26 06:04:32,2025-01-26 09:00:58,2025-01-26 12:16:47,240,9,11.0,Falha de equipamento,Switch,Alta,8,,,Encerrado
233,2025-01-26 10:00:33,2025-01-26 11:29:52,2025-01-26 16:03:50,58,12,18.0,Rompimento de fibra,Roedores,Crítica,4,6.02,26.7,Encerrado
234,2025-01-26 17:41:31,2025-01-26 21:03:42,2025-01-27 00:39:53,328,14,9.0,Atenuação alta,Umidade na caixa de emenda,Média,24,6.87,2.5,Encerrado
235,2025-01-26 18:51:00,2025-01-26 23:25:25,2025-01-27 00:41:22,91,3,7.0,Queda de energia,Falta de energia da concessionária,Alta,8,,,Encerrado
236,2025-01-27 01:45:34,2025-01-27 01:55:44,2025-01-27 03:47:43,59,6,1.0,Queda de energia,Falta de energia da concessionária,Crítica,4,,,Encerrado
237,2025-01-27 06:31:24,2025-01-27 07:26:04,2025-01-27 11:05:05,389,4,1.0,Rompimento de fibra,Queda de árvore,Crítica,4,5.1,22.2,Encerrado
238,2025-01-27 09:15:27,2025-01-27 10:23:30,2025-01-27 11:12:48,39,15,18.0,Rompimento de fibra,Roedores,Crítica,4,4.1,29.6,Encerrado
239,2025-01-27 12:34:23,2025-01-27 13:14:16,2025-01-27 18:34:52,3,15,15.0,Rompimento de fibra,Queda de árvore,Crítica,4,6.42,19.6,Encerrado
240,2025-01-27 15:03:33,2025-01-27 15:37:04,2025-01-27 23:40:02,217,10,17.0,Rompimento de fibra,Acidente de trânsito (poste),Crítica,4,2.26,25.9,Encerrado
241,2025-01-27 18:20:33,2025-01-27 23:18:36,2025-01-28 00:59:30,79,9,8.0,Queda de energia,Bateria do nobreak,Média,24,,,Encerrado
242,2025-01-27 20:09:09,2025-01-27 22:07:50,2025-01-28 00:54:57,242,12,18.0,Atenuação alta,Emenda degradada,Alta,8,4.65,7.2,Encerrado
243,2025-01-27 21:56:52,2025-01-28 07:38:55,2025-01-28 10:21:16,175,3,10.0,Atenuação alta,Conector sujo,Média,24,3.4,6.2,Encerrado
244,2025-01-28 05:43:52,2025-01-28 06:18:37,2025-01-28 08:20:09,269,14,18.0,Rompimento de fibra,Obra de terceiros,Crítica,4,3.52,36.5,Encerrado
245,2025-01-28 06:10:33,2025-01-28 07:35:02,2025-01-28 09:45:36,32,3,13.0,Queda de energia,Disjuntor,Alta,8,,,Encerrado
246,2025-01-28 07:33:25,2025-01-28 13:45:39,2025-01-28 16:30:40,212,9,8.0,Queda de energia,Bateria do nobreak,Média,24,,,Encerrado
247,2025-01-28 08:00:45,2025-01-28 09:23:18,2025-01-28 14:21:53,25,8,8.0,Atenuação alta,Curvatura excessiva,Média,24,6.73,3.2,Encerrado
248,2025-01-28 11:53:23,,,388,11,,Rompimento de fibra,,Alta,8,6.9,19.6,Cancelado
249,2025-01-28 14:23:41,2025-01-28 15:33:53,2025-01-28 18:22:20,324,11,18.0,Rompimento de fibra,Obra de terceiros,Crítica,4,4.74,33.1,Encerrado
250,2025-01-28 15:38:56,2025-01-28 21:34:25,2025-01-28 23:29:59,313,1,7.0,Queda de energia,Bateria do nobreak,Média,24,,,Encerrado
251,2025-01-28 17:23:50,2025-01-28 18:23:37,2025-01-28 22:00:54,80,15,18.0,Rompimento de fibra,Acidente de trânsito (poste),Crítica,4,1.15,24.0,Encerrado
252,2025-01-28 23:40:03,2025-01-29 00:06:53,2025-01-29 00:34:05,92,5,10.0,Furto/vandalismo de cabo,Vandalismo,Crítica,4,7.57,38.1,Encerrado
253,2025-01-28 23:44:43,2025-01-29 01:14:43,2025-01-29 12:00:42,160,2,10.0,Furto/vandalismo de cabo,Furto de cabo,Crítica,4,0.73,21.7,Encerrado
254,2025-01-29 01:32:03,2025-01-29 03:45:42,2025-01-29 08:26:24,16,4,1.0,Rompimento de fibra,Roedores,Crítica,4,16.45,19.1,Encerrado
255,2025-01-29 01:57:26,2025-01-29 04:21:33,2025-01-29 06:44:27,381,8,11.0,Furto/vandalismo de cabo,Furto de cabo,Crítica,4,3.39,31.5,Encerrado
256,2025-01-29 08:18:52,2025-01-29 15:35:13,2025-01-29 19:53:53,202,14,3.0,Atenuação alta,Emenda degradada,Baixa,48,8.54,4.2,Encerrado
257,2025-01-29 14:51:34,2025-01-29 16:20:22,2025-01-29 20:23:47,103,4,7.0,Falha de equipamento,Módulo óptico (SFP/QSFP),Média,24,,,Encerrado
258,2025-01-29 20:49:13,2025-01-29 22:10:55,2025-01-30 09:34:16,66,8,8.0,Rompimento de fibra,Acidente de trânsito (poste),Crítica,4,6.74,25.3,Encerrado
259,2025-01-30 05:02:21,2025-01-30 06:18:30,2025-01-30 06:43:49,117,6,7.0,Queda de energia,Bateria do nobreak,Alta,8,,,Encerrado
260,2025-01-30 06:02:25,2025-01-30 11:18:12,2025-01-30 14:04:08,129,3,4.0,Atenuação alta,Emenda degradada,Média,24,4.17,5.4,Encerrado
261,2025-01-30 06:36:02,2025-01-30 07:21:28,2025-01-30 09:47:07,33,11,18.0,Queda de energia,Bateria do nobreak,Crítica,4,,,Encerrado
262,2025-01-30 12:30:07,2025-01-30 14:14:31,2025-01-30 16:54:24,76,12,6.0,Furto/vandalismo de cabo,Vandalismo,Crítica,4,1.23,32.8,Encerrado
263,2025-01-30 15:41:38,2025-01-30 22:22:01,2025-01-30 23:06:07,13,10,17.0,Atenuação alta,Emenda degradada,Média,24,2.0,5.0,Encerrado
264,2025-01-31 00:52:03,2025-01-31 01:42:08,2025-01-31 08:32:22,25,9,8.0,Rompimento de fibra,Acidente de trânsito (poste),Crítica,4,3.57,30.7,Encerrado
265,2025-01-31 07:19:42,2025-01-31 08:06:58,2025-01-31 17:55:12,66,8,17.0,Rompimento de fibra,Queda de árvore,Crítica,4,1.92,36.0,Encerrado
266,2025-01-31 11:06:37,2025-01-31 12:33:06,2025-01-31 16:52:29,360,4,1.0,Rompimento de fibra,Queda de árvore,Alta,8,7.4,27.9,Encerrado
267,2025-01-31 11:50:17,2025-01-31 12:28:09,2025-01-31 18:33:06,76,11,6.0,Rompimento de fibra,Queda de árvore,Crítica,4,3.46,39.6,Encerrado
268,2025-01-31 13:07:26,2025-01-31 17:29:09,2025-01-31 19:59:02,371,6,4.0,Atenuação alta,Curvatura excessiva,Média,24,6.7,7.7,Encerrado
269,2025-01-31 13:39:01,2025-01-31 13:48:30,2025-01-31 14:42:50,115,14,12.0,Rompimento de fibra,Acidente de trânsito (poste),Crítica,4,2.92,34.8,Encerrado
270,2025-01-31 18:37:00,2025-01-31 19:16:28,2025-01-31 21:08:23,22,2,13.0,Atenuação alta,Conector sujo,Crítica,4,3.15,2.2,Encerrado
271,2025-01-31 22:06:36,2025-01-31 23:20:38,2025-02-01 03:15:08,33,11,12.0,Atenuação alta,Umidade na caixa de emenda,Crítica,4,4.73,3.7,Encerrado
272,2025-02-01 00:08:57,2025-02-01 00:38:05,2025-02-01 09:34:30,63,13,3.0,Rompimento de fibra,Obra de terceiros,Crítica,4,9.43,28.4,Encerrado
273,2025-02-01 00:20:07,2025-02-01 12:13:23,2025-02-01 14:22:30,253,8,8.0,Atenuação alta,Curvatura excessiva,Média,24,1.1,5.5,Encerrado
274,2025-02-01 01:49:26,2025-02-01 08:02:02,2025-02-01 08:53:33,16,3,4.0,Atenuação alta,Emenda degradada,Alta,8,1.66,3.1,Encerrado
275,2025-02-01 05:21:16,2025-02-01 05:52:04,2025-02-01 12:01:04,84,11,15.0,Rompimento de fibra,Queda de árvore,Crítica,4,2.54,23.0,Encerrado
276,2025-02-01 07:49:47,2025-02-02 12:39:58,2025-02-02 15:18:03,140,16,12.0,Queda de energia,Falta de energia da concessionária,Baixa,48,,,Encerrado
277,2025-02-01 13:01:59,2025-02-01 14:20:52,2025-02-01 14:44:31,76,11,12.0,Queda de energia,Bateria do nobreak,Alta,8,,,Encerrado
278,2025-02-01 13:28:43,2025-02-02 06:28:25,2025-02-02 07:33:48,187,5,7.0,Queda de energia,Bateria do nobreak,Média,24,,,Encerrado
279,2025-02-01 13:40:57,2025-02-01 14:21:33,2025-02-01 16:06:49,165,6,1.0,Rompimento de fibra,Roedores,Alta,8,6.67,19.2,Encerrado
280,2025-02-01 13:55:39,2025-02-02 02:24:40,2025-02-02 04:38:11,208,15,18.0,Atenuação alta,Curvatura excessiva,Média,24,1.98,1.5,Encerrado
281,2025-02-01 14:03:40,2025-02-01 15:40:04,2025-02-01 20:10:24,44,1,4.0,Rompimento de fibra,Obra de terceiros,Crítica,4,2.13,39.3,Encerrado
282,2025-02-01 14:43:50,2025-02-01 16:42:29,2025-02-01 19:59:24,27,4,16.0,Atenuação alta,Umidade na caixa de emenda,Média,24,5.79,8.9,Encerrado
283,2025-02-01 18:18:28,2025-02-02 01:14:54,2025-02-02 02:29:55,66,9,2.0,Queda de energia,Falta de energia da concessionária,Média,24,,,Encerrado
284,2025-02-01 19:13:24,2025-02-01 19:57:50,2025-02-01 21:30:03,12,14,3.0,Rompimento de fibra,Queda de árvore,Crítica,4,7.05,30.8,Encerrado
285,2025-02-01 21:52:11,2025-02-01 23:09:30,2025-02-02 00:50:14,19,7,5.0,Falha de equipamento,Fonte de alimentação,Alta,8,,,Encerrado
286,2025-02-02 02:35:43,2025-02-02 04:56:13,2025-02-02 11:32:27,357,5,16.0,Rompimento de fibra,Acidente de trânsito (poste),Alta,8,5.68,37.2,Encerrado
287,2025-02-02 04:42:58,2025-02-02 10:03:09,2025-02-02 16:12:10,239,5,10.0,Rompimento de fibra,Obra de terceiros,Alta,8,8.28,25.1,Encerrado
288,2025-02-02 06:10:33,2025-02-02 07:09:12,2025-02-02 17:29:32,285,16,15.0,Rompimento de fibra,Acidente de trânsito (poste),Crítica,4,4.01,28.1,Encerrado
289,2025-02-02 08:08:08,2025-02-02 09:06:19,2025-02-02 12:25:50,283,15,6.0,Rompimento de fibra,Acidente de trânsito (poste),Crítica,4,6.44,37.5,Encerrado
290,2025-02-02 08:17:31,2025-02-02 16:34:48,2025-02-02 17:10:34,264,14,15.0,Queda de energia,Bateria do nobreak,Média,24,,,Encerrado
291,2025-02-02 08:54:03,2025-02-02 13:05:40,2025-02-02 17:16:58,234,9,8.0,Rompimento de fibra,Obra de terceiros,Alta,8,3.92,19.7,Encerrado
292,2025-02-02 09:03:25,2025-02-02 09:53:11,2025-02-02 10:41:58,36,9,5.0,Configuração,Erro de configuração,Crítica,4,,,Encerrado
293,2025-02-02 09:55:21,2025-02-02 11:09:37,2025-02-02 12:44:39,44,2,10.0,Queda de energia,Falta de energia da concessionária,Alta,8,,,Encerrado
294,2025-02-02 15:02:05,2025-02-03 09:10:02,2025-02-03 11:39:13,303,2,1.0,Atenuação alta,Emenda degradada,Média,24,6.97,5.7,Encerrado
295,2025-02-02 19:07:34,2025-02-02 21:55:50,2025-02-03 04:26:32,12,14,9.0,Atenuação alta,Curvatura excessiva,Alta,8,9.7,2.1,Encerrado
296,2025-02-02 22:44:11,2025-02-03 04:19:47,2025-02-03 06:17:04,230,13,12.0,Furto/vandalismo de cabo,Furto de cabo,Alta,8,3.4,20.0,Encerrado
297,2025-02-03 04:01:23,2025-02-03 04:04:47,2025-02-03 11:05:08,354,9,2.0,Furto/vandalismo de cabo,Furto de cabo,Crítica,4,11.91,39.8,Encerrado
298,2025-02-03 05:03:10,2025-02-03 05:58:39,2025-02-03 07:38:43,177,8,2.0,Rompimento de fibra,Queda de árvore,Alta,8,5.31,27.4,Encerrado
299,2025-02-03 09:00:26,2025-02-03 09:25:26,2025-02-03 12:45:26,384,7,8.0,Rompimento de fibra,Acidente de trânsito (poste),Crítica,4,7.09,25.0,Encerrado
300,2025-02-03 11:47:53,2025-02-03 14:39:40,2025-02-03 17:48:10,317,13,18.0,Rompimento de fibra,Roedores,Alta,8,2.92,21.6,Encerrado
301,2025-02-03 13:25:06,2025-02-03 14:09:00,2025-02-03 17:38:16,150,9,2.0,Rompimento de fibra,Queda de árvore,Crítica,4,6.27,18.4,Encerrado
302,2025-02-03 15:02:32,2025-02-03 15:36:27,2025-02-03 16:24:23,380,11,18.0,Furto/vandalismo de cabo,Vandalismo,Alta,8,2.55,39.5,Encerrado
303,2025-02-03 18:34:11,2025-02-03 20:55:09,2025-02-03 21:40:34,124,6,4.0,Queda de energia,Bateria do nobreak,Média,24,,,Encerrado
304,2025-02-03 18:35:21,2025-02-03 20:08:31,2025-02-03 20:58:44,321,16,15.0,Configuração,Atualização de firmware,Alta,8,,,Encerrado
305,2025-02-03 19:00:57,2025-02-03 21:32:15,2025-02-04 02:08:43,361,13,18.0,Rompimento de fibra,Obra de terceiros,Alta,8,2.24,23.2,Encerrado
306,2025-02-03 19:37:54,2025-02-03 20:01:37,2025-02-03 22:35:34,25,8,14.0,Rompimento de fibra,Obra de terceiros,Crítica,4,2.74,35.6,Encerrado
307,2025-02-03 21:17:52,2025-02-04 07:40:49,2025-02-04 08:45:27,191,8,14.0,Configuração,Erro de configuração,Média,24,,,Encerrado
308,2025-02-04 01:07:00,2025-02-04 08:36:35,2025-02-04 09:10:07,250,8,11.0,Queda de energia,Falta de energia da concessionária,Alta,8,,,Encerrado
309,2025-02-04 02:11:11,2025-02-04 04:55:44,2025-02-04 09:19:05,132,4,7.0,Furto/vandalismo de cabo,Furto de cabo,Alta,8,6.38,35.7,Encerrado
310,2025-02-04 06:30:49,2025-02-04 15:32:09,2025-02-04 17:28:44,179,14,18.0,Falha de equipamento,Placa de interface,Média,24,,,Encerrado
311,2025-02-04 09:20:43,2025-02-04 12:39:54,2025-02-04 13:27:14,149,8,2.0,Queda de energia,Falta de energia da concessionária,Alta,8,,,Encerrado
312,2025-02-04 10:01:46,2025-02-04 20:19:46,2025-02-04 21:54:29,149,7,5.0,Queda de energia,Falta de energia da concessionária,Média,24,,,Encerrado
313,2025-02-04 10:02:06,2025-02-05 01:19:34,2025-02-05 03:46:51,138,12,9.0,Atenuação alta,Conector sujo,Baixa,48,1.66,3.5,Encerrado
314,2025-02-04 14:45:36,2025-02-04 17:13:15,2025-02-05 00:13:20,397,5,7.0,Rompimento de fibra,Queda de árvore,Alta,8,7.39,22.4,Encerrado
315,2025-02-04 21:49:59,2025-02-04 23:51:38,2025-02-05 04:23:03,131,10,8.0,Rompimento de fibra,Roedores,Alta,8,3.93,19.2,Encerrado
316,2025-02-04 22:45:20,2025-02-04 23:09:50,2025-02-05 04:05:53,94,7,11.0,Rompimento de fibra,Roedores,Crítica,4,0.96,21.4,Encerrado
317,2025-02-05 09:41:42,2025-02-05 13:59:56,2025-02-05 14:46:43,17,2,10.0,Queda de energia,Disjuntor,Média,24,,,Encerrado
318,2025-02-05 13:27:19,2025-02-05 14:13:00,2025-02-05 17:07:38,81,10,5.0,Queda de energia,Bateria do nobreak,Crítica,4,,,Encerrado
319,2025-02-05 14:07:15,2025-02-06 07:29:06,2025-02-06 09:39:04,368,5,10.0,Atenuação alta,Curvatura excessiva,Baixa,48,3.13,6.6,Encerrado
320,2025-02-05 16:24:05,2025-02-05 16:59:06,2025-02-06 00:28:36,21,3,13.0,Furto/vandalismo de cabo,Vandalismo,Crítica,4,3.66,32.6,Encerrado
321,2025-02-06 00:16:31,2025-02-06 02:18:52,2025-02-06 05:33:16,34,16,12.0,Rompimento de fibra,Roedores,Crítica,4,3.23,32.1,Encerrado
322,2025-02-06 00:47:22,2025-02-06 01:32:44,2025-02-06 02:04:34,138,12,15.0,Queda de energia,Disjuntor,Alta,8,,,Encerrado
323,2025-02-06 01:14:06,2025-02-06 04:26:21,2025-02-06 08:52:14,331,15,9.0,Rompimento de fibra,Roedores,Alta,8,2.15,38.0,Encerrado
324,2025-02-06 02:31:31,2025-02-06 05:28:43,2025-02-06 08:02:31,287,16,15.0,Queda de energia,Bateria do nobreak,Média,24,,,Encerrado
325,2025-02-06 08:40:12,2025-02-06 10:00:54,2025-02-06 11:04:45,344,11,6.0,Rompimento de fibra,Queda de árvore,Crítica,4,0.57,33.3,Encerrado
326,2025-02-06 09:55:19,2025-02-06 10:52:46,2025-02-06 11:43:56,315,1,13.0,Queda de energia,Bateria do nobreak,Alta,8,,,Encerrado
327,2025-02-06 10:19:14,2025-02-06 12:42:10,2025-02-06 14:07:21,192,2,13.0,Queda de energia,Falta de energia da concessionária,Média,24,,,Encerrado
328,2025-02-06 10:19:47,2025-02-06 23:18:21,2025-02-07 01:37:44,354,9,8.0,Atenuação alta,Conector sujo,Baixa,48,1.88,2.9,Encerrado
329,2025-02-06 15:15:09,2025-02-06 16:13:36,2025-02-06 16:54:38,310,5,4.0,Configuração,Erro de configuração,Média,24,,,Encerrado
330,2025-02-06 20:03:53,2025-02-07 00:40:14,2025-02-07 02:40:35,356,6,4.0,Falha de equipamento,Módulo óptico (SFP/QSFP),Média,24,,,Encerrado
331,2025-02-06 20:40:23,2025-02-06 23:20:15,2025-02-07 01:07:48,296,6,1.0,Atenuação alta,Conector sujo,Alta,8,1.17,7.4,Encerrado
332,2025-02-06 22:12:27,2025-02-08 15:04:54,2025-02-08 15:15:53,167,2,16.0,Queda de energia,Falta de energia da concessionária,Baixa,48,,,Encerrado
333,2025-02-07 00:09:28,2025-02-08 07:21:55,2025-02-08 08:06:41,392,2,10.0,Configuração,Erro de configuração,Baixa,48,,,Encerrado
334,2025-02-07 03:03:02,2025-02-07 03:20:43,2025-02-07 07:28:00,27,4,10.0,Rompimento de fibra,Acidente de trânsito (poste),Crítica,4,4.82,27.8,Encerrado
335,2025-02-07 06:16:30,2025-02-07 12:20:55,2025-02-07 12:41:52,194,4,4.0,Atenuação alta,Curvatura excessiva,Média,24,6.82,2.5,Encerrado
336,2025-02-07 06:53:18,2025-02-07 17:32:12,2025-02-07 18:56:29,216,9,14.0,Atenuação alta,Conector sujo,Média,24,2.21,8.7,Encerrado
337,2025-02-07 07:28:07,2025-02-07 08:19:38,2025-02-07 13:04:09,75,10,5.0,Rompimento de fibra,Queda de árvore,Crítica,4,0.86,18.3,Encerrado
338,2025-02-07 12:17:21,2025-02-07 17:50:26,2025-02-07 19:29:08,49,4,10.0,Falha de equipamento,Placa de interface,Média,24,,,Encerrado
339,2025-02-07 16:41:30,2025-02-07 18:14:51,2025-02-07 22:17:49,41,11,12.0,Furto/vandalismo de cabo,Furto de cabo,Crítica,4,1.65,30.8,Encerrado
340,2025-02-07 17:15:32,2025-02-08 22:55:20,2025-02-09 05:34:19,193,8,14.0,Atenuação alta,Umidade na caixa de emenda,Baixa,48,0.39,4.5,Encerrado
341,2025-02-07 18:22:30,2025-02-07 20:02:27,2025-02-07 20:53:28,95,10,8.0,Falha de equipamento,Módulo óptico (SFP/QSFP),Alta,8,,,Encerrado
342,2025-02-08 02:25:49,2025-02-08 07:52:51,2025-02-08 19:35:15,216,9,8.0,Rompimento de fibra,Roedores,Alta,8,1.54,33.3,Encerrado
343,2025-02-08 04:35:44,2025-02-08 05:47:08,2025-02-08 10:50:10,105,13,18.0,Rompimento de fibra,Acidente de trânsito (poste),Crítica,4,4.19,19.5,Encerrado
344,2025-02-08 04:37:16,2025-02-08 05:52:41,2025-02-08 17:05:18,362,16,6.0,Furto/vandalismo de cabo,Vandalismo,Alta,8,4.13,25.1,Encerrado
345,2025-02-08 04:47:06,2025-02-08 09:18:38,2025-02-08 13:20:25,247,3,7.0,Falha de equipamento,Fonte de alimentação,Baixa,48,,,Encerrado
346,2025-02-08 08:04:03,2025-02-09 00:49:10,2025-02-09 03:12:48,21,3,13.0,Queda de energia,Bateria do nobreak,Média,24,,,Encerrado
347,2025-02-08 11:39:05,2025-02-08 17:53:35,2025-02-08 21:49:28,208,15,15.0,Queda de energia,Falta de energia da concessionária,Média,24,,,Encerrado
348,2025-02-08 12:23:04,2025-02-08 13:53:04,2025-02-08 17:52:42,31,4,13.0,Falha de equipamento,Módulo óptico (SFP/QSFP),Crítica,4,,,Encerrado
349,2025-02-08 15:41:57,2025-02-08 18:47:54,2025-02-08 20:03:00,94,8,2.0,Falha de equipamento,Switch,Alta,8,,,Encerrado
350,2025-02-08 18:07:32,2025-02-08 18:22:39,2025-02-08 23:37:49,304,13,9.0,Rompimento de fibra,Queda de árvore,Crítica,4,7.18,31.2,Encerrado
351,2025-02-08 18:28:59,2025-02-08 20:36:40,2025-02-08 21:04:29,39,14,3.0,Rompimento de fibra,Acidente de trânsito (poste),Crítica,4,9.41,20.2,Encerrado
352,2025-02-08 19:41:17,2025-02-08 23:39:34,2025-02-09 01:59:01,381,8,17.0,Queda de energia,Disjuntor,Média,24,,,Encerrado
353,2025-02-08 21:40:03,2025-02-09 12:48:15,2025-02-09 16:45:11,391,13,18.0,Atenuação alta,Conector sujo,Média,24,6.62,3.0,Encerrado
354,2025-02-08 22:08:39,2025-02-09 01:06:55,2025-02-09 02:14:32,339,10,14.0,Queda de energia,Falta de energia da concessionária,Alta,8,,,Encerrado
355,2025-02-09 00:56:14,2025-02-09 12:40:30,2025-02-09 13:22:47,116,12,9.0,Queda de energia,Bateria do nobreak,Média,24,,,Encerrado
356,2025-02-09 01:06:37,2025-02-09 01:29:23,2025-02-09 05:48:00,89,9,11.0,Furto/vandalismo de cabo,Vandalismo,Crítica,4,8.65,37.7,Encerrado
357,2025-02-09 10:22:46,2025-02-09 12:08:35,2025-02-09 18:39:04,161,6,13.0,Rompimento de fibra,Obra de terceiros,Crítica,4,2.66,20.0,Encerrado
358,2025-02-09 11:50:41,2025-02-09 17:17:53,2025-02-09 19:24:22,342,1,1.0,Atenuação alta,Umidade na caixa de emenda,Média,24,4.35,4.6,Encerrado
359,2025-02-09 12:02:21,2025-02-09 17:22:28,2025-02-09 18:39:22,189,16,12.0,Configuração,Atualização de firmware,Baixa,48,,,Encerrado
360,2025-02-09 13:30:55,2025-02-09 14:39:00,2025-02-09 21:49:01,246,10,8.0,Rompimento de fibra,Roedores,Crítica,4,4.67,37.1,Encerrado
361,2025-02-09 14:10:50,2025-02-09 18:19:42,2025-02-09 19:13:04,213,8,17.0,Configuração,Atualização de firmware,Baixa,48,,,Encerrado
362,2025-02-09 16:19:40,2025-02-09 17:20:23,2025-02-09 19:00:31,62,16,15.0,Queda de energia,Disjuntor,Alta,8,,,Encerrado
363,2025-02-09 18:03:10,2025-02-09 19:43:37,2025-02-10 02:54:50,235,11,3.0,Rompimento de fibra,Obra de terceiros,Crítica,4,10.9,18.3,Encerrado
364,2025-02-09 20:14:37,2025-02-10 00:32:30,2025-02-10 05:08:14,388,11,6.0,Rompimento de fibra,Acidente de trânsito (poste),Alta,8,3.48,26.8,Encerrado
365,2025-02-10 00:11:27,2025-02-10 05:33:44,2025-02-10 07:38:46,212,8,17.0,Queda de energia,Disjuntor,Média,24,,,Encerrado
366,2025-02-10 02:19:30,2025-02-10 03:29:15,2025-02-10 05:22:00,280,5,13.0,Rompimento de fibra,Roedores,Crítica,4,5.25,32.7,Encerrado
367,2025-02-10 04:23:20,2025-02-10 06:21:00,2025-02-10 08:00:55,11,6,4.0,Falha de equipamento,Switch,Crítica,4,,,Encerrado
368,2025-02-10 09:55:28,2025-02-10 10:33:29,2025-02-10 15:48:13,332,10,8.0,Rompimento de fibra,Roedores,Crítica,4,7.3,35.6,Encerrado
369,2025-02-10 14:46:59,2025-02-10 16:17:24,2025-02-10 21:13:23,303,1,13.0,Rompimento de fibra,Queda de árvore,Alta,8,4.39,22.5,Encerrado
370,2025-02-10 22:32:49,2025-02-10 23:43:34,2025-02-11 00:57:49,115,14,15.0,Configuração,Atualização de firmware,Alta,8,,,Encerrado
371,2025-02-10 23:10:31,2025-02-10 23:53:53,2025-02-11 04:12:35,244,12,3.0,Rompimento de fibra,Acidente de trânsito (poste),Crítica,4,3.72,26.0,Encerrado
372,2025-02-10 23:30:05,2025-02-11 10:48:48,2025-02-11 12:37:12,375,2,1.0,Atenuação alta,Emenda degradada,Baixa,48,2.43,4.1,Encerrado
373,2025-02-11 01:37:14,2025-02-11 06:35:04,2025-02-11 10:44:47,313,2,7.0,Rompimento de fibra,Roedores,Alta,8,3.37,39.8,Encerrado
374,2025-02-11 04:00:01,2025-02-11 04:18:39,2025-02-11 09:12:46,72,8,5.0,Furto/vandalismo de cabo,Furto de cabo,Crítica,4,5.57,31.2,Encerrado
375,2025-02-11 04:39:31,2025-02-11 09:15:27,2025-02-11 12:47:54,235,12,6.0,Rompimento de fibra,Obra de terceiros,Alta,8,0.36,27.6,Encerrado
376,2025-02-11 05:28:00,2025-02-11 06:06:23,2025-02-11 13:00:31,135,1,1.0,Furto/vandalismo de cabo,Vandalismo,Crítica,4,6.72,26.3,Encerrado
377,2025-02-11 06:42:09,2025-02-11 07:44:07,2025-02-11 08:41:30,331,14,18.0,Configuração,Erro de configuração,Alta,8,,,Encerrado
378,2025-02-11 16:16:11,2025-02-11 18:25:59,2025-02-11 20:24:35,9,10,17.0,Queda de energia,Falta de energia da concessionária,Crítica,4,,,Encerrado
379,2025-02-11 16:21:05,2025-02-11 17:16:05,2025-02-11 19:49:40,123,6,16.0,Rompimento de fibra,Queda de árvore,Crítica,4,1.53,31.6,Encerrado
380,2025-02-11 17:02:38,2025-02-11 18:54:32,2025-02-11 20:09:53,251,4,7.0,Configuração,Erro de configuração,Alta,8,,,Encerrado
381,2025-02-11 19:23:26,2025-02-11 20:18:12,2025-02-12 00:41:27,322,12,15.0,Rompimento de fibra,Roedores,Alta,8,3.45,29.8,Encerrado
382,2025-02-11 19:46:31,2025-02-11 20:23:28,2025-02-11 21:55:59,36,7,2.0,Rompimento de fibra,Acidente de trânsito (poste),Crítica,4,11.61,36.7,Encerrado
383,2025-02-11 23:34:56,2025-02-12 06:29:51,2025-02-12 11:22:34,277,3,13.0,Falha de equipamento,Switch,Baixa,48,,,Encerrado
384,2025-02-12 05:37:43,2025-02-12 06:54:19,2025-02-12 11:52:56,250,9,11.0,Rompimento de fibra,Acidente de trânsito (poste),Alta,8,3.6,28.3,Encerrado
385,2025-02-12 05:39:06,2025-02-12 05:40:52,2025-02-12 10:48:57,43,11,12.0,Rompimento de fibra,Roedores,Crítica,4,1.05,18.3,Encerrado
386,2025-02-12 06:18:52,2025-02-12 10:10:32,2025-02-12 14:29:42,1,4,16.0,Falha de equipamento,Placa de interface,Alta,8,,,Encerrado
387,2025-02-12 06:33:22,2025-02-12 06:41:05,2025-02-12 09:14:11,180,5,10.0,Rompimento de fibra,Roedores,Alta,8,1.81,19.1,Encerrado
388,2025-02-12 09:27:24,2025-02-12 12:48:40,2025-02-12 13:15:01,289,10,8.0,Queda de energia,Bateria do nobreak,Baixa,48,,,Encerrado
389,2025-02-12 11:10:30,2025-02-12 12:52:48,2025-02-12 16:20:34,331,15,9.0,Furto/vandalismo de cabo,Vandalismo,Alta,8,2.49,28.9,Encerrado
390,2025-02-12 12:14:17,2025-02-12 13:00:39,2025-02-12 16:11:51,394,11,9.0,Rompimento de fibra,Obra de terceiros,Crítica,4,5.28,21.0,Encerrado
391,2025-02-12 19:05:29,2025-02-12 19:57:30,2025-02-12 21:15:38,123,6,13.0,Queda de energia,Bateria do nobreak,Alta,8,,,Encerrado
392,2025-02-13 03:53:23,2025-02-13 06:26:37,2025-02-13 10:49:23,57,16,18.0,Rompimento de fibra,Acidente de trânsito (poste),Crítica,4,3.13,29.0,Encerrado
393,2025-02-13 04:46:19,2025-02-13 05:25:52,2025-02-13 08:34:37,46,11,15.0,Falha de equipamento,Fonte de alimentação,Crítica,4,,,Encerrado
394,2025-02-13 14:49:51,2025-02-13 15:52:41,2025-02-14 03:59:16,265,14,15.0,Rompimento de fibra,Queda de árvore,Alta,8,2.15,21.9,Encerrado
395,2025-02-13 17:29:45,2025-02-13 18:19:25,2025-02-13 19:51:10,321,16,18.0,Falha de equipamento,Fonte de alimentação,Alta,8,,,Encerrado
396,2025-02-13 21:37:19,2025-02-14 01:14:16,2025-02-14 02:50:18,89,7,11.0,Queda de energia,Falta de energia da concessionária,Média,24,,,Encerrado
397,2025-02-13 21:38:38,2025-02-13 21:58:43,2025-02-14 01:32:28,38,16,12.0,Furto/vandalismo de cabo,Furto de cabo,Crítica,4,1.84,32.5,Encerrado
398,2025-02-14 00:36:48,2025-02-15 01:48:44,2025-02-15 02:56:53,365,1,13.0,Queda de energia,Disjuntor,Baixa,48,,,Encerrado
399,2025-02-14 02:36:59,2025-02-14 02:55:35,2025-02-14 06:05:48,185,6,16.0,Atenuação alta,Umidade na caixa de emenda,Alta,8,6.61,2.1,Encerrado
400,2025-02-14 03:21:41,2025-02-14 06:36:32,2025-02-14 13:05:48,61,15,18.0,Rompimento de fibra,Roedores,Crítica,4,1.08,29.2,Encerrado
401,2025-02-14 05:14:38,2025-02-14 21:44:49,2025-02-15 00:05:44,394,12,3.0,Atenuação alta,Emenda degradada,Baixa,48,2.14,7.5,Encerrado
402,2025-02-14 07:01:02,2025-02-14 09:02:53,2025-02-14 14:15:02,392,1,10.0,Rompimento de fibra,Queda de árvore,Alta,8,10.14,36.3,Encerrado
403,2025-02-14 07:31:43,2025-02-14 07:53:59,2025-02-14 18:12:40,8,7,14.0,Rompimento de fibra,Queda de árvore,Crítica,4,1.95,34.4,Encerrado
404,2025-02-14 07:40:28,2025-02-14 08:25:57,2025-02-14 11:52:18,250,7,17.0,Atenuação alta,Umidade na caixa de emenda,Alta,8,9.73,6.5,Encerrado
405,2025-02-14 10:06:06,2025-02-14 10:56:08,2025-02-14 11:49:34,375,2,10.0,Rompimento de fibra,Queda de árvore,Crítica,4,1.87,23.2,Encerrado
406,2025-02-14 10:18:34,2025-02-14 11:43:46,2025-02-14 15:28:44,179,14,18.0,Rompimento de fibra,Roedores,Alta,8,10.22,35.4,Encerrado
407,2025-02-14 14:47:52,2025-02-16 05:42:38,2025-02-16 06:58:45,253,8,17.0,Configuração,Atualização de firmware,Baixa,48,,,Encerrado
408,2025-02-14 20:43:38,2025-02-14 21:03:19,2025-02-15 07:54:25,12,15,3.0,Rompimento de fibra,Obra de terceiros,Crítica,4,3.12,34.0,Encerrado
409,2025-02-14 21:33:44,2025-02-14 22:04:50,2025-02-15 03:15:17,144,15,12.0,Rompimento de fibra,Obra de terceiros,Crítica,4,1.66,37.7,Encerrado
410,2025-02-14 23:07:47,2025-02-15 01:15:39,2025-02-15 07:07:22,381,7,17.0,Furto/vandalismo de cabo,Furto de cabo,Crítica,4,2.09,35.6,Encerrado
411,2025-02-15 02:29:44,2025-02-15 06:17:12,2025-02-15 07:27:07,114,1,16.0,Configuração,Erro de configuração,Alta,8,,,Encerrado
412,2025-02-15 04:35:41,2025-02-15 07:56:11,2025-02-15 10:15:37,397,5,7.0,Queda de energia,Disjuntor,Média,24,,,Encerrado
413,2025-02-15 04:58:23,2025-02-15 06:26:32,2025-02-15 11:43:27,89,9,2.0,Rompimento de fibra,Obra de terceiros,Crítica,4,2.55,35.5,Encerrado
414,2025-02-15 05:24:41,2025-02-15 06:28:17,2025-02-15 08:16:59,12,14,15.0,Falha de equipamento,Placa de interface,Crítica,4,,,Encerrado
415,2025-02-15 07:13:26,2025-02-15 07:54:50,2025-02-15 10:53:41,104,3,13.0,Rompimento de fibra,Roedores,Crítica,4,6.6,20.2,Encerrado
416,2025-02-15 10:25:09,2025-02-15 15:15:24,2025-02-15 16:20:26,148,1,16.0,Atenuação alta,Umidade na caixa de emenda,Média,24,6.62,8.8,Encerrado
417,2025-02-15 15:12:31,2025-02-15 15:29:01,2025-02-15 19:55:18,139,13,6.0,Rompimento de fibra,Acidente de trânsito (poste),Alta,8,1.99,39.5,Encerrado
418,2025-02-15 17:42:12,2025-02-15 20:30:03,2025-02-15 21:12:21,58,11,15.0,Queda de energia,Disjuntor,Média,24,,,Encerrado
419,2025-02-15 18:06:42,,,25,9,,Atenuação alta,,Alta,8,1.28,6.4,Cancelado
420,2025-02-15 20:14:51,2025-02-15 22:08:16,2025-02-16 00:07:07,112,7,8.0,Queda de energia,Bateria do nobreak,Crítica,4,,,Encerrado
421,2025-02-15 21:36:05,2025-02-16 01:23:43,2025-02-16 02:28:38,66,9,8.0,Furto/vandalismo de cabo,Furto de cabo,Crítica,4,2.5,28.3,Encerrado
422,2025-02-15 23:46:25,2025-02-16 02:33:53,2025-02-16 04:14:30,8,7,14.0,Queda de energia,Bateria do nobreak,Média,24,,,Encerrado
423,2025-02-16 00:32:38,2025-02-16 01:02:58,2025-02-16 03:56:25,96,5,7.0,Falha de equipamento,Placa de interface,Crítica,4,,,Encerrado
424,2025-02-16 03:22:58,2025-02-16 11:06:52,2025-02-16 13:06:04,308,6,10.0,Falha de equipamento,Fonte de alimentação,Média,24,,,Encerrado
425,2025-02-16 04:40:29,2025-02-17 10:10:05,2025-02-17 12:53:24,208,15,3.0,Queda de energia,Falta de energia da concessionária,Baixa,48,,,Encerrado
426,2025-02-16 06:10:17,2025-02-16 21:59:55,2025-02-17 01:19:25,333,12,3.0,Falha de equipamento,Switch,Baixa,48,,,Encerrado
427,2025-02-16 10:01:05,2025-02-16 10:21:56,2025-02-16 13:37:20,343,16,18.0,Rompimento de fibra,Roedores,Alta,8,1.91,32.7,Encerrado
428,2025-02-16 12:31:14,2025-02-16 13:01:32,2025-02-16 14:09:54,162,2,16.0,Rompimento de fibra,Acidente de trânsito (poste),Crítica,4,2.41,34.2,Encerrado
429,2025-02-16 21:23:57,2025-02-17 05:26:19,2025-02-17 11:38:23,101,1,16.0,Atenuação alta,Curvatura excessiva,Média,24,5.13,2.1,Encerrado
430,2025-02-17 01:10:57,2025-02-17 01:34:11,2025-02-17 02:59:34,349,14,18.0,Rompimento de fibra,Acidente de trânsito (poste),Crítica,4,2.49,35.8,Encerrado
431,2025-02-17 02:16:53,2025-02-17 04:27:55,2025-02-17 07:45:11,79,8,2.0,Rompimento de fibra,Obra de terceiros,Crítica,4,5.22,31.9,Encerrado
432,2025-02-17 03:34:47,2025-02-17 05:21:21,2025-02-17 06:44:34,380,11,15.0,Queda de energia,Falta de energia da concessionária,Alta,8,,,Encerrado
433,2025-02-17 10:49:09,2025-02-17 17:18:09,2025-02-17 20:19:08,264,14,9.0,Atenuação alta,Umidade na caixa de emenda,Média,24,5.85,1.7,Encerrado
434,2025-02-17 17:57:24,2025-02-17 18:51:13,2025-02-17 22:56:34,266,8,17.0,Atenuação alta,Umidade na caixa de emenda,Alta,8,1.41,5.2,Encerrado
435,2025-02-17 18:46:23,2025-02-17 20:51:40,2025-02-17 22:29:20,387,6,7.0,Rompimento de fibra,Acidente de trânsito (poste),Alta,8,1.99,19.0,Encerrado
436,2025-02-17 20:13:42,2025-02-17 20:49:19,2025-02-18 02:53:23,282,13,9.0,Rompimento de fibra,Roedores,Crítica,4,2.24,33.1,Encerrado
437,2025-02-17 22:12:24,,,333,12,,Queda de energia,,Média,24,,,Cancelado
438,2025-02-17 23:14:25,2025-02-18 00:23:54,2025-02-18 03:40:32,49,3,10.0,Rompimento de fibra,Acidente de trânsito (poste),Crítica,4,2.55,36.1,Encerrado
439,2025-02-18 01:10:47,2025-02-18 05:34:45,2025-02-18 07:37:14,139,13,9.0,Falha de equipamento,Fonte de alimentação,Alta,8,,,Encerrado
440,2025-02-18 17:37:05,2025-02-18 18:07:04,2025-02-19 00:46:29,330,11,9.0,Rompimento de fibra,Roedores,Crítica,4,1.02,33.1,Encerrado
441,2025-02-18 18:00:18,2025-02-18 18:48:29,2025-02-18 19:29:24,91,3,4.0,Queda de energia,Disjuntor,Alta,8,,,Encerrado
442,2025-02-18 18:19:40,2025-02-19 00:09:37,2025-02-19 01:48:44,369,4,7.0,Atenuação alta,Curvatura excessiva,Média,24,3.04,5.7,Encerrado
443,2025-02-18 23:18:18,2025-02-19 02:26:26,2025-02-19 03:59:18,94,8,8.0,Queda de energia,Falta de energia da concessionária,Alta,8,,,Encerrado
444,2025-02-19 01:26:31,2025-02-19 01:57:02,2025-02-19 05:39:56,305,13,12.0,Rompimento de fibra,Queda de árvore,Crítica,4,6.0,38.0,Encerrado
445,2025-02-19 06:45:39,2025-02-19 23:23:55,2025-02-20 00:08:03,190,5,4.0,Queda de energia,Bateria do nobreak,Média,24,,,Encerrado
446,2025-02-19 10:33:14,2025-02-19 10:57:42,2025-02-19 13:06:11,199,4,16.0,Furto/vandalismo de cabo,Furto de cabo,Alta,8,2.31,20.9,Encerrado
447,2025-02-19 15:36:03,2025-02-19 16:49:08,2025-02-19 19:45:52,19,7,2.0,Atenuação alta,Curvatura excessiva,Alta,8,2.01,2.7,Encerrado
448,2025-02-19 16:27:30,2025-02-19 16:59:46,2025-02-19 21:12:20,68,10,14.0,Atenuação alta,Emenda degradada,Crítica,4,2.73,6.2,Encerrado
449,2025-02-19 17:07:36,2025-02-19 17:34:14,2025-02-20 00:51:41,328,15,12.0,Furto/vandalismo de cabo,Vandalismo,Crítica,4,10.74,36.8,Encerrado
450,2025-02-19 17:24:09,2025-02-19 19:24:01,2025-02-20 05:17:35,106,13,9.0,Rompimento de fibra,Roedores,Crítica,4,1.81,20.6,Encerrado
451,2025-02-19 21:08:19,2025-02-20 02:13:34,2025-02-20 07:07:26,162,2,16.0,Atenuação alta,Umidade na caixa de emenda,Média,24,3.23,7.9,Encerrado
452,2025-02-19 21:16:07,2025-02-20 01:44:48,2025-02-20 03:11:35,235,11,15.0,Queda de energia,Falta de energia da concessionária,Média,24,,,Encerrado
453,2025-02-19 22:05:27,2025-02-19 22:24:48,2025-02-20 04:20:37,66,9,5.0,Rompimento de fibra,Obra de terceiros,Crítica,4,9.4,36.9,Encerrado
454,2025-02-20 04:12:56,2025-02-20 18:22:39,2025-02-20 18:50:28,369,3,13.0,Queda de energia,Disjuntor,Média,24,,,Encerrado
455,2025-02-20 04:23:27,2025-02-20 05:35:23,2025-02-20 15:58:01,172,16,18.0,Rompimento de fibra,Acidente de trânsito (poste),Crítica,4,6.46,22.7,Encerrado
456,2025-02-20 06:37:44,2025-02-20 08:08:33,2025-02-20 09:11:11,369,4,4.0,Falha de equipamento,Fonte de alimentação,Alta,8,,,Encerrado
457,2025-02-20 16:30:21,2025-02-20 16:33:13,2025-02-20 22:27:45,382,14,9.0,Rompimento de fibra,Obra de terceiros,Crítica,4,1.38,24.1,Encerrado
458,2025-02-20 16:33:29,2025-02-20 16:44:54,2025-02-20 22:39:40,113,10,14.0,Rompimento de fibra,Roedores,Crítica,4,6.07,19.3,Encerrado
459,2025-02-20 18:30:14,2025-02-20 23:05:46,2025-02-21 00:42:48,280,5,13.0,Falha de equipamento,Switch,Baixa,48,,,Encerrado
460,2025-02-20 19:01:14,2025-02-20 20:02:16,2025-02-21 03:11:50,276,13,9.0,Rompimento de fibra,Queda de árvore,Alta,8,3.13,31.9,Encerrado
461,2025-02-20 20:05:08,2025-02-20 20:13:05,2025-02-21 01:11:31,322,12,18.0,Rompimento de fibra,Obra de terceiros,Crítica,4,3.62,27.1,Encerrado
462,2025-02-20 20:18:42,2025-02-20 22:39:42,2025-02-21 09:05:04,331,15,12.0,Rompimento de fibra,Queda de árvore,Alta,8,18.02,28.4,Encerrado
463,2025-02-20 20:37:22,2025-02-20 21:41:59,2025-02-21 01:48:12,398,8,5.0,Rompimento de fibra,Acidente de trânsito (poste),Alta,8,2.95,31.1,Encerrado
464,2025-02-20 22:05:01,2025-02-21 06:57:24,2025-02-21 08:53:53,108,3,13.0,Queda de energia,Disjuntor,Alta,8,,,Encerrado
465,2025-02-21 00:47:36,2025-02-21 14:18:24,2025-02-21 16:24:20,352,2,10.0,Atenuação alta,Conector sujo,Média,24,1.02,4.7,Encerrado
466,2025-02-21 18:37:48,2025-02-22 04:01:16,2025-02-22 08:26:48,109,4,10.0,Atenuação alta,Umidade na caixa de emenda,Média,24,0.97,4.6,Encerrado
467,2025-02-21 19:54:56,2025-02-21 20:33:32,2025-02-22 02:18:09,375,2,13.0,Rompimento de fibra,Roedores,Crítica,4,1.43,24.4,Encerrado
468,2025-02-21 20:09:28,2025-02-21 20:34:45,2025-02-21 21:24:09,55,8,11.0,Atenuação alta,Umidade na caixa de emenda,Alta,8,2.93,6.6,Encerrado
469,2025-02-21 21:10:06,2025-02-21 23:11:25,2025-02-22 01:50:59,209,14,18.0,Rompimento de fibra,Obra de terceiros,Alta,8,2.04,36.6,Encerrado
470,2025-02-21 22:12:12,2025-02-21 23:43:48,2025-02-22 00:03:25,240,8,14.0,Queda de energia,Disjuntor,Média,24,,,Encerrado
471,2025-02-21 22:39:33,2025-02-21 23:21:47,2025-02-22 03:25:00,320,13,3.0,Atenuação alta,Umidade na caixa de emenda,Alta,8,10.08,7.7,Encerrado
472,2025-02-21 23:05:37,2025-02-22 01:13:41,2025-02-22 06:33:14,101,1,10.0,Rompimento de fibra,Queda de árvore,Crítica,4,0.73,28.6,Encerrado
473,2025-02-22 02:45:45,2025-02-22 04:15:13,2025-02-22 05:03:45,49,3,13.0,Configuração,Erro de configuração,Crítica,4,,,Encerrado
474,2025-02-22 04:41:50,2025-02-22 06:19:21,2025-02-22 07:24:23,389,3,16.0,Queda de energia,Bateria do nobreak,Alta,8,,,Encerrado
475,2025-02-22 07:24:02,2025-02-22 07:29:34,2025-02-22 19:02:54,110,10,8.0,Rompimento de fibra,Roedores,Crítica,4,2.7,28.9,Encerrado
476,2025-02-22 11:05:23,2025-02-22 15:01:27,2025-02-22 17:12:05,201,1,7.0,Rompimento de fibra,Acidente de trânsito (poste),Alta,8,7.9,23.7,Encerrado
477,2025-02-22 15:58:48,2025-02-22 18:00:38,2025-02-23 02:22:21,381,9,2.0,Rompimento de fibra,Queda de árvore,Alta,8,0.75,24.8,Encerrado
478,2025-02-22 16:44:49,2025-02-22 17:12:06,2025-02-23 01:26:08,105,13,18.0,Rompimento de fibra,Obra de terceiros,Crítica,4,3.07,34.3,Encerrado
479,2025-02-22 22:30:19,2025-02-23 00:52:10,2025-02-23 02:14:20,151,5,1.0,Queda de energia,Falta de energia da concessionária,Alta,8,,,Encerrado
480,2025-02-23 02:03:02,2025-02-23 02:38:51,2025-02-23 17:56:31,157,12,15.0,Rompimento de fibra,Acidente de trânsito (poste),Alta,8,6.46,37.1,Encerrado
481,2025-02-23 02:58:52,2025-02-23 07:22:20,2025-02-23 12:18:25,213,8,14.0,Furto/vandalismo de cabo,Furto de cabo,Alta,8,10.55,19.4,Encerrado
482,2025-02-23 03:39:54,,,82,6,,Rompimento de fibra,,Crítica,4,8.36,31.9,Cancelado
483,2025-02-23 04:06:10,2025-02-23 04:19:22,2025-02-23 08:26:34,244,12,12.0,Rompimento de fibra,Acidente de trânsito (poste),Crítica,4,1.48,35.4,Encerrado
484,2025-02-23 07:44:46,2025-02-23 08:27:45,2025-02-23 16:38:18,60,1,7.0,Rompimento de fibra,Obra de terceiros,Crítica,4,3.21,23.4,Encerrado
485,2025-02-23 09:11:04,2025-02-23 14:26:53,2025-02-23 18:00:00,297,2,7.0,Atenuação alta,Curvatura excessiva,Média,24,1.68,7.4,Encerrado
486,2025-02-23 14:05:50,2025-02-24 05:17:07,2025-02-24 06:01:48,220,6,4.0,Queda de energia,Disjuntor,Média,24,,,Encerrado
487,2025-02-23 23:53:43,2025-02-24 02:39:03,2025-02-24 07:03:55,60,2,10.0,Rompimento de fibra,Obra de terceiros,Crítica,4,1.59,38.2,Encerrado
488,2025-02-24 00:07:22,2025-02-24 01:12:56,2025-02-24 09:51:54,139,13,6.0,Rompimento de fibra,Acidente de trânsito (poste),Crítica,4,2.26,35.7,Encerrado
489,2025-02-24 00:08:34,2025-02-24 00:18:16,2025-02-24 04:01:56,381,7,17.0,Rompimento de fibra,Roedores,Alta,8,4.38,25.7,Encerrado
490,2025-02-24 00:55:28,2025-02-25 04:31:55,2025-02-25 06:06:05,191,7,11.0,Falha de equipamento,Placa de interface,Baixa,48,,,Encerrado
491,2025-02-24 06:31:31,2025-02-24 07:13:47,2025-02-24 13:46:11,187,5,7.0,Furto/vandalismo de cabo,Vandalismo,Alta,8,1.57,33.7,Encerrado
492,2025-02-24 07:16:24,2025-02-24 12:36:51,2025-02-24 13:40:21,186,14,6.0,Queda de energia,Bateria do nobreak,Média,24,,,Encerrado
493,2025-02-24 07:36:02,2025-02-26 01:13:18,2025-02-26 01:44:40,136,5,10.0,QUEDA DE ENERGIA,Falta de energia da concessionária,Baixa,48,,,Encerrado
494,2025-02-24 10:37:40,2025-02-24 11:14:56,2025-02-24 12:52:09,84,11,12.0,Queda de energia,Falta de energia da concessionária,Crítica,4,,,Encerrado
495,2025-02-24 11:53:14,2025-02-24 12:22:28,2025-02-24 16:27:46,315,2,13.0,Rompimento de fibra,Roedores,Crítica,4,9.54,27.0,Encerrado
496,2025-02-24 11:58:57,2025-02-24 12:29:44,2025-02-24 14:17:42,278,15,15.0,Falha de equipamento,Fonte de alimentação,Alta,8,,,Encerrado
497,2025-02-24 12:35:37,2025-02-24 13:02:50,2025-02-24 14:04:19,16,3,13.0,Falha de equipamento,Switch,Crítica,4,,,Encerrado
498,2025-02-24 14:19:45,,,296,6,,Rompimento de fibra,,Crítica,4,2.48,35.2,Cancelado
499,2025-02-24 14:29:38,2025-02-24 14:40:49,2025-02-24 16:45:19,31,4,10.0,Rompimento de fibra,Roedores,Crítica,4,2.22,35.8,Encerrado
500,2025-02-24 15:21:09,2025-02-24 15:52:19,2025-02-24 23:30:50,15,6,1.0,Rompimento de fibra,Queda de árvore,Crítica,4,7.61,33.4,Encerrado
501,2025-02-24 15:51:03,2025-02-24 16:10:46,2025-02-25 02:50:08,149,7,8.0,Rompimento de fibra,Queda de árvore,Crítica,4,5.03,29.0,Encerrado
502,2025-02-24 17:18:49,2025-02-24 17:31:33,2025-02-24 18:11:21,85,5,4.0,Configuração,Erro de configuração,Crítica,4,,,Encerrado
503,2025-02-24 20:09:34,2025-02-24 21:00:41,2025-02-25 03:47:56,266,8,8.0,Rompimento de fibra,Acidente de trânsito (poste),Crítica,4,3.61,31.0,Encerrado
504,2025-02-24 23:37:39,2025-02-24 23:51:35,2025-02-25 06:20:57,180,5,16.0,Rompimento de fibra,Obra de terceiros,Crítica,4,4.99,18.2,Encerrado
505,2025-02-24 23:43:58,2025-02-25 01:48:33,2025-02-25 02:48:05,302,12,3.0,Configuração,Erro de configuração,Média,24,,,Encerrado
506,2025-02-25 03:16:42,2025-02-25 16:49:12,2025-02-25 18:06:13,316,13,3.0,Falha de equipamento,Placa de interface,Média,24,,,Encerrado
507,2025-02-25 04:14:53,2025-02-25 08:24:11,2025-02-25 09:27:15,73,2,16.0,Queda de energia,Disjuntor,Crítica,4,,,Encerrado
508,2025-02-25 06:35:20,2025-02-25 07:10:16,2025-02-25 14:05:54,370,2,16.0,Rompimento de fibra,Queda de árvore,Crítica,4,5.02,31.3,Encerrado
509,2025-02-25 08:10:31,2025-02-25 09:42:31,2025-02-25 15:16:24,129,3,7.0,Rompimento de fibra,Acidente de trânsito (poste),Crítica,4,5.09,22.9,Encerrado
510,2025-02-25 09:32:14,2025-02-25 10:43:25,2025-02-25 14:45:28,351,14,6.0,Furto/vandalismo de cabo,Furto de cabo,Alta,8,0.64,34.1,Encerrado
511,2025-02-25 13:16:08,2025-02-25 14:41:46,2025-02-25 16:45:50,200,2,1.0,Queda de energia,Bateria do nobreak,Média,24,,,Encerrado
512,2025-02-25 13:34:59,2025-02-25 14:54:15,2025-02-25 16:25:08,26,10,2.0,Falha de equipamento,Switch,Alta,8,,,Encerrado
513,2025-02-25 16:27:21,2025-02-25 17:05:08,2025-02-25 18:51:03,15,6,10.0,Atenuação alta,Emenda degradada,Crítica,4,27.46,7.0,Encerrado
514,2025-02-25 16:54:55,2025-02-25 19:30:03,2025-02-25 20:58:25,18,13,6.0,Falha de equipamento,Switch,Alta,8,,,Encerrado
515,2025-02-25 22:18:44,2025-02-26 04:10:41,2025-02-26 05:30:38,183,16,9.0,Atenuação alta,Umidade na caixa de emenda,Média,24,4.43,6.4,Encerrado
516,2025-02-26 07:04:40,2025-02-26 09:31:40,2025-02-26 14:08:13,216,8,14.0,Rompimento de fibra,Queda de árvore,Alta,8,3.0,34.9,Encerrado
517,2025-02-26 07:21:09,2025-02-26 08:19:17,2025-02-26 10:01:36,61,14,9.0,Queda de energia,Falta de energia da concessionária,Crítica,4,,,Encerrado
518,2025-02-26 08:07:34,2025-02-26 11:19:36,2025-02-26 12:42:53,188,14,12.0,Queda de energia,Falta de energia da concessionária,Alta,8,,,Encerrado
519,2025-02-26 11:47:07,2025-02-26 13:19:43,2025-02-26 15:15:15,272,16,18.0,Rompimento de fibra,Acidente de trânsito (poste),Alta,8,9.82,27.1,Encerrado
520,2025-02-26 13:14:41,2025-02-27 00:05:45,2025-02-27 02:20:03,280,5,13.0,Queda de energia,Falta de energia da concessionária,Média,24,,,Encerrado
521,2025-02-26 18:19:00,2025-02-26 19:38:06,2025-02-26 21:40:28,372,15,12.0,Configuração,Atualização de firmware,Média,24,,,Encerrado
522,2025-02-26 20:59:22,2025-02-26 21:46:38,2025-02-27 07:54:13,266,7,11.0,Rompimento de fibra,Acidente de trânsito (poste),Alta,8,3.26,39.4,Encerrado
523,2025-02-27 00:07:18,2025-02-27 06:00:46,2025-02-27 07:30:07,120,11,9.0,Queda de energia,Falta de energia da concessionária,Alta,8,,,Encerrado
524,2025-02-27 06:02:05,2025-02-27 06:06:22,2025-02-27 09:55:56,202,14,12.0,Rompimento de fibra,Roedores,Crítica,4,8.2,31.1,Encerrado
525,2025-02-27 11:09:19,2025-02-27 16:52:04,2025-02-27 17:32:07,354,8,14.0,Falha de equipamento,Switch,Baixa,48,,,Encerrado
526,2025-02-27 12:27:49,2025-02-27 13:04:12,2025-02-27 15:25:00,393,13,18.0,Furto/vandalismo de cabo,Vandalismo,Alta,8,4.2,33.3,Encerrado
527,2025-02-27 13:40:50,2025-02-27 15:27:37,2025-02-27 17:49:28,376,15,9.0,Falha de equipamento,Módulo óptico (SFP/QSFP),Média,24,,,Encerrado
528,2025-02-27 15:27:55,2025-02-27 15:55:14,2025-02-27 19:27:08,360,3,7.0,Rompimento de fibra,Queda de árvore,Crítica,4,2.41,20.1,Encerrado
529,2025-02-27 16:54:57,2025-02-27 17:16:31,2025-02-28 00:10:06,115,15,12.0,Rompimento de fibra,Queda de árvore,Crítica,4,3.78,38.7,Encerrado
530,2025-02-27 21:20:34,2025-02-27 22:00:02,2025-02-27 22:41:11,284,10,5.0,Rompimento de fibra,Acidente de trânsito (poste),Alta,8,2.55,31.6,Encerrado
531,2025-02-28 06:07:04,2025-02-28 07:48:51,2025-02-28 08:52:20,269,15,12.0,Queda de energia,Disjuntor,Alta,8,,,Encerrado
532,2025-02-28 08:25:06,2025-02-28 12:26:26,2025-02-28 14:00:21,36,9,2.0,Falha de equipamento,Switch,Média,24,,,Encerrado
533,2025-02-28 11:14:32,2025-02-28 16:59:53,2025-02-28 19:00:25,379,1,4.0,Queda de energia,Falta de energia da concessionária,Média,24,,,Encerrado
534,2025-02-28 12:22:08,2025-02-28 13:13:50,2025-02-28 18:14:08,283,15,6.0,Rompimento de fibra,Queda de árvore,Alta,8,2.54,25.8,Encerrado
535,2025-02-28 13:21:43,2025-02-28 22:16:05,2025-02-28 22:44:39,320,13,18.0,Queda de energia,Bateria do nobreak,Média,24,,,Encerrado
536,2025-02-28 17:44:54,2025-02-28 23:54:51,2025-03-01 00:57:18,157,11,6.0,Queda de energia,Disjuntor,Média,24,,,Encerrado
537,2025-02-28 19:24:54,2025-02-28 20:15:54,2025-03-01 02:33:15,389,4,13.0,Rompimento de fibra,Queda de árvore,Crítica,4,4.33,24.9,Encerrado
538,2025-02-28 22:22:19,2025-02-28 23:29:10,2025-03-01 06:54:55,8,9,14.0,Atenuação alta,Umidade na caixa de emenda,Alta,8,9.71,5.7,Encerrado
539,2025-02-28 22:53:45,2025-03-01 01:18:49,2025-03-01 03:53:55,141,14,9.0,Rompimento de fibra,Roedores,Crítica,4,7.73,38.7,Encerrado
540,2025-03-01 00:46:26,2025-03-01 01:36:57,2025-03-01 03:57:51,61,14,18.0,Falha de equipamento,Fonte de alimentação,Crítica,4,,,Encerrado
541,2025-03-01 02:51:23,2025-03-02 17:11:49,2025-03-02 18:04:31,381,7,11.0,Queda de energia,Falta de energia da concessionária,Baixa,48,,,Encerrado
542,2025-03-01 03:52:27,2025-03-02 07:08:25,2025-03-02 08:45:08,220,6,10.0,Atenuação alta,Emenda degradada,Baixa,48,1.23,2.6,Encerrado
543,2025-03-01 04:36:33,2025-03-01 05:40:49,2025-03-01 14:40:07,194,4,7.0,Rompimento de fibra,Acidente de trânsito (poste),Crítica,4,2.04,21.1,Encerrado
544,2025-03-01 08:11:20,2025-03-01 09:57:54,2025-03-01 14:25:08,320,13,3.0,Rompimento de fibra,Roedores,Alta,8,1.44,34.2,Encerrado
545,2025-03-01 09:33:09,2025-03-01 10:21:15,2025-03-01 12:05:40,49,3,4.0,Furto/vandalismo de cabo,Vandalismo,Crítica,4,9.84,24.5,Encerrado
546,2025-03-01 13:33:14,2025-03-01 17:44:27,2025-03-02 02:10:05,2,11,15.0,Atenuação alta,Conector sujo,Alta,8,2.45,2.0,Encerrado
547,2025-03-01 16:05:59,2025-03-02 03:54:42,2025-03-02 07:16:42,149,7,11.0,Atenuação alta,Umidade na caixa de emenda,Média,24,4.75,2.5,Encerrado
548,2025-03-01 20:04:51,2025-03-02 08:38:26,2025-03-02 09:50:13,240,9,2.0,Queda de energia,Disjuntor,Baixa,48,,,Encerrado
549,2025-03-01 23:56:49,2025-03-02 02:06:19,2025-03-02 05:20:22,133,4,13.0,Falha de equipamento,Switch,Alta,8,,,Encerrado
550,2025-03-02 05:24:34,2025-03-02 05:45:12,2025-03-02 07:20:03,170,5,7.0,Rompimento de fibra,Queda de árvore,Crítica,4,3.91,36.0,Encerrado
551,2025-03-02 08:36:25,2025-03-03 03:36:01,2025-03-03 05:36:48,234,8,8.0,Queda de energia,Disjuntor,Média,24,,,Encerrado
552,2025-03-02 08:55:33,2025-03-02 13:24:39,2025-03-02 14:02:12,309,16,6.0,Configuração,Erro de configuração,Alta,8,,,Encerrado
553,2025-03-02 08:56:23,2025-03-02 22:57:48,2025-03-03 00:37:11,72,7,5.0,Atenuação alta,Conector sujo,Média,24,2.83,8.7,Encerrado
554,2025-03-02 12:16:03,2025-03-02 16:43:13,2025-03-02 18:32:40,177,7,14.0,Queda de energia,Bateria do nobreak,Média,24,,,Encerrado
555,2025-03-02 12:24:10,2025-03-02 13:41:43,2025-03-02 18:43:24,150,8,14.0,Rompimento de fibra,Roedores,Crítica,4,1.76,21.5,Encerrado
556,2025-03-02 12:43:55,2025-03-02 13:47:40,2025-03-02 16:45:10,191,9,14.0,Falha de equipamento,Módulo óptico (SFP/QSFP),Média,24,,,Encerrado
557,2025-03-02 20:11:03,2025-03-03 13:00:31,2025-03-03 14:04:46,126,14,3.0,Queda de energia,Disjuntor,Média,24,,,Encerrado
558,2025-03-03 05:34:15,2025-03-03 09:07:56,2025-03-03 11:17:34,219,16,15.0,Atenuação alta,Emenda degradada,Média,24,2.98,1.5,Encerrado
559,2025-03-03 09:40:09,2025-03-03 10:56:56,2025-03-03 15:35:59,349,15,18.0,Rompimento de fibra,Obra de terceiros,Crítica,4,3.41,21.9,Encerrado
560,2025-03-03 12:54:07,2025-03-03 13:01:19,2025-03-03 15:08:45,53,13,9.0,Falha de equipamento,Fonte de alimentação,Crítica,4,,,Encerrado
561,2025-03-03 12:58:34,2025-03-03 14:56:58,2025-03-03 18:09:58,193,8,11.0,Rompimento de fibra,Obra de terceiros,Alta,8,5.79,33.9,Encerrado
562,2025-03-03 15:03:45,2025-03-03 21:16:00,2025-03-03 22:02:10,61,14,18.0,Queda de energia,Falta de energia da concessionária,Média,24,,,Encerrado
563,2025-03-03 17:33:11,2025-03-04 01:50:29,2025-03-04 02:36:38,228,10,17.0,Queda de energia,Bateria do nobreak,Baixa,48,,,Encerrado
564,2025-03-03 23:06:46,2025-03-03 23:31:45,2025-03-04 07:31:38,235,12,15.0,Rompimento de fibra,Queda de árvore,Crítica,4,2.88,30.7,Encerrado
565,2025-03-03 23:15:00,2025-03-04 00:31:26,2025-03-04 01:43:38,142,16,18.0,Atenuação alta,Umidade na caixa de emenda,Alta,8,6.29,8.0,Encerrado
566,2025-03-04 05:35:59,,,396,1,,Queda de energia,,Baixa,48,,,Cancelado
567,2025-03-04 07:00:23,2025-03-04 08:59:15,2025-03-04 12:32:16,94,8,5.0,Atenuação alta,Curvatura excessiva,Alta,8,13.59,3.0,Encerrado
568,2025-03-04 07:41:52,2025-03-04 09:13:39,2025-03-04 13:30:15,154,10,5.0,Rompimento de fibra,Queda de árvore,Alta,8,3.11,24.2,Encerrado
569,2025-03-04 09:05:11,2025-03-05 01:34:08,2025-03-05 02:06:48,295,6,13.0,Atenuação alta,Umidade na caixa de emenda,Baixa,48,5.34,2.3,Encerrado
570,2025-03-04 10:03:14,,,351,14,,Rompimento de fibra,,Alta,8,2.96,34.0,Cancelado
571,2025-03-04 11:08:59,2025-03-04 11:17:19,2025-03-04 14:01:04,100,3,1.0,Rompimento de fibra,Acidente de trânsito (poste),Crítica,4,7.32,28.7,Encerrado
572,2025-03-04 22:18:15,2025-03-04 23:52:36,2025-03-05 02:39:05,378,10,17.0,Rompimento de fibra,Queda de árvore,Alta,8,5.13,36.7,Encerrado
573,2025-03-04 23:17:30,2025-03-04 23:59:16,2025-03-05 06:02:06,375,1,13.0,Rompimento de fibra,Queda de árvore,Alta,8,4.4,30.1,Encerrado
574,2025-03-05 05:28:44,2025-03-05 06:13:36,2025-03-05 16:57:55,319,16,6.0,Rompimento de fibra,Queda de árvore,Crítica,4,6.93,22.0,Encerrado
575,2025-03-05 05:37:38,2025-03-05 08:08:52,2025-03-05 15:06:35,152,10,17.0,Atenuação alta,Conector sujo,Média,24,1.86,4.6,Encerrado
576,2025-03-05 07:57:45,2025-03-05 08:19:16,2025-03-05 09:23:15,108,3,10.0,Queda de energia,Disjuntor,Alta,8,,,Encerrado
577,2025-03-05 07:57:53,2025-03-05 08:07:37,2025-03-05 10:11:24,81,10,11.0,Queda de energia,Disjuntor,Crítica,4,,,Encerrado
578,2025-03-05 09:55:09,2025-03-05 19:25:14,2025-03-05 21:55:31,5,10,17.0,Atenuação alta,Emenda degradada,Média,24,1.09,3.8,Encerrado
579,2025-03-05 13:25:56,2025-03-05 16:07:44,2025-03-05 17:03:51,265,15,6.0,Queda de energia,Bateria do nobreak,Baixa,48,,,Encerrado
580,2025-03-05 13:31:00,2025-03-07 09:40:48,2025-03-07 11:54:32,232,10,2.0,Configuração,Atualização de firmware,Baixa,48,,,Encerrado
581,2025-03-05 21:26:26,2025-03-05 22:12:34,2025-03-06 01:45:37,299,13,15.0,Rompimento de fibra,Queda de árvore,Crítica,4,9.29,29.7,Encerrado
582,2025-03-05 23:11:45,2025-03-06 14:51:15,2025-03-06 16:15:31,85,5,13.0,Atenuação alta,Curvatura excessiva,Média,24,5.05,7.5,Encerrado
583,2025-03-05 23:17:14,2025-03-06 00:54:52,2025-03-06 05:04:14,330,11,6.0,Rompimento de fibra,Roedores,Alta,8,3.67,36.0,Encerrado
584,2025-03-06 00:33:26,2025-03-06 00:39:46,2025-03-06 10:13:04,91,4,7.0,Rompimento de fibra,Queda de árvore,Crítica,4,1.12,25.8,Encerrado
585,2025-03-06 06:00:03,2025-03-06 07:38:11,2025-03-06 14:19:41,376,14,3.0,Rompimento de fibra,Queda de árvore,Alta,8,5.68,33.1,Encerrado
586,2025-03-06 13:02:11,2025-03-07 00:20:17,2025-03-07 00:26:20,138,12,9.0,Queda de energia,Falta de energia da concessionária,Média,24,,,Encerrado
587,2025-03-06 14:50:32,2025-03-06 15:30:01,2025-03-06 18:39:55,213,9,17.0,Rompimento de fibra,Obra de terceiros,Crítica,4,1.77,19.0,Encerrado
588,2025-03-06 14:52:21,2025-03-06 15:03:47,2025-03-06 20:42:13,182,12,9.0,Rompimento de fibra,Roedores,Crítica,4,4.32,24.3,Encerrado
589,2025-03-06 15:35:30,2025-03-06 23:27:49,2025-03-07 02:39:11,283,14,18.0,Falha de equipamento,Switch,Média,24,,,Encerrado
590,2025-03-06 18:40:01,2025-03-07 05:52:23,2025-03-07 08:25:20,134,2,16.0,Atenuação alta,Conector sujo,Média,24,7.3,2.6,Encerrado
591,2025-03-06 19:43:52,2025-03-06 20:39:44,2025-03-06 23:53:00,114,2,13.0,Rompimento de fibra,Obra de terceiros,Crítica,4,4.69,19.8,Encerrado
592,2025-03-07 03:43:53,2025-03-07 05:57:13,2025-03-07 12:10:14,341,5,7.0,Rompimento de fibra,Obra de terceiros,Crítica,4,4.32,32.1,Encerrado
593,2025-03-07 04:48:49,2025-03-07 15:07:33,2025-03-07 15:13:19,132,4,10.0,Queda de energia,Bateria do nobreak,Média,24,,,Encerrado
594,2025-03-07 07:30:10,2025-03-07 10:43:19,2025-03-07 11:53:07,216,7,14.0,Atenuação alta,Emenda degradada,Alta,8,1.83,3.8,Encerrado
595,2025-03-07 09:35:11,2025-03-07 10:00:25,2025-03-07 12:27:59,168,2,13.0,Atenuação alta,Conector sujo,Alta,8,2.1,3.5,Encerrado
596,2025-03-07 13:08:03,2025-03-07 16:11:51,2025-03-07 20:04:24,398,8,5.0,Atenuação alta,Conector sujo,Média,24,4.13,8.2,Encerrado
597,2025-03-07 17:19:50,2025-03-07 22:48:17,2025-03-08 00:04:36,305,13,12.0,Queda de energia,Disjuntor,Média,24,,,Encerrado
598,2025-03-07 19:19:52,2025-03-07 19:45:33,2025-03-07 23:31:52,89,9,14.0,Furto/vandalismo de cabo,Furto de cabo,Crítica,4,5.83,25.7,Encerrado
599,2025-03-07 22:53:00,2025-03-08 21:33:38,2025-03-09 04:11:07,372,14,15.0,Atenuação alta,Umidade na caixa de emenda,Baixa,48,1.92,7.2,Encerrado
600,2025-03-08 10:18:25,2025-03-08 10:51:33,2025-03-08 13:12:58,36,9,14.0,Queda de energia,Disjuntor,Alta,8,,,Encerrado
601,2025-03-08 13:05:35,2025-03-08 14:13:19,2025-03-08 18:32:56,66,8,14.0,Rompimento de fibra,Acidente de trânsito (poste),Crítica,4,6.09,36.5,Encerrado
602,2025-03-08 13:31:57,2025-03-08 14:56:32,2025-03-08 16:49:02,32,3,4.0,Queda de energia,Bateria do nobreak,Média,24,,,Encerrado
603,2025-03-08 14:46:25,2025-03-08 15:40:45,2025-03-08 18:20:45,266,9,8.0,Atenuação alta,Curvatura excessiva,Alta,8,5.82,7.3,Encerrado
604,2025-03-08 15:09:27,2025-03-08 20:05:50,2025-03-08 22:04:44,79,7,2.0,Queda de energia,Bateria do nobreak,Alta,8,,,Encerrado
605,2025-03-08 15:28:16,2025-03-08 17:19:08,2025-03-08 19:52:25,301,15,18.0,Rompimento de fibra,Roedores,Crítica,4,6.9,39.1,Encerrado
606,2025-03-08 15:38:17,2025-03-08 17:03:16,2025-03-09 00:57:18,66,7,17.0,Rompimento de fibra,Obra de terceiros,Crítica,4,3.33,34.2,Encerrado
607,2025-03-08 20:34:51,2025-03-08 21:31:04,2025-03-08 23:14:32,22,2,13.0,Configuração,Atualização de firmware,Crítica,4,,,Encerrado
608,2025-03-08 20:39:07,2025-03-08 22:15:50,2025-03-09 00:29:19,257,16,18.0,Rompimento de fibra,Obra de terceiros,Crítica,4,2.77,39.9,Encerrado
609,2025-03-08 21:44:48,2025-03-09 01:48:47,2025-03-09 02:42:38,60,2,4.0,Queda de energia,Disjuntor,Alta,8,,,Encerrado
610,2025-03-08 22:10:12,2025-03-08 23:32:54,2025-03-09 06:14:55,76,12,6.0,Rompimento de fibra,Roedores,Crítica,4,3.52,27.9,Encerrado
611,2025-03-09 01:10:41,2025-03-10 13:09:12,2025-03-10 14:14:58,213,7,2.0,Queda de energia,Falta de energia da concessionária,Baixa,48,,,Encerrado
612,2025-03-09 02:39:54,2025-03-09 03:19:04,2025-03-09 06:23:47,23,11,12.0,Rompimento de fibra,Queda de árvore,Crítica,4,1.24,34.9,Encerrado
613,2025-03-09 03:01:55,2025-03-09 06:40:38,2025-03-09 07:17:47,14,1,4.0,Configuração,Erro de configuração,Alta,8,,,Encerrado
614,2025-03-09 06:31:29,2025-03-09 08:08:22,2025-03-09 11:17:06,132,3,10.0,Rompimento de fibra,Obra de terceiros,Crítica,4,2.74,39.9,Encerrado
615,2025-03-09 08:58:17,2025-03-09 11:42:21,2025-03-09 18:22:15,380,12,6.0,Rompimento de fibra,Queda de árvore,Alta,8,3.27,33.3,Encerrado
616,2025-03-09 09:13:39,2025-03-09 15:34:54,2025-03-09 16:08:37,253,9,17.0,Falha de equipamento,Switch,Média,24,,,Encerrado
617,2025-03-09 15:23:17,2025-03-09 17:36:31,2025-03-09 23:13:49,27,4,13.0,Atenuação alta,Umidade na caixa de emenda,Alta,8,6.92,7.8,Encerrado
618,2025-03-09 20:59:35,2025-03-10 18:01:51,2025-03-10 19:45:17,153,13,12.0,Queda de energia,Bateria do nobreak,Baixa,48,,,Encerrado
619,2025-03-09 21:59:56,2025-03-09 22:57:07,2025-03-10 06:37:05,123,6,7.0,Furto/vandalismo de cabo,Vandalismo,Crítica,4,0.64,36.6,Encerrado
620,2025-03-09 23:04:47,2025-03-10 01:27:17,2025-03-10 04:54:56,201,2,1.0,Rompimento de fibra,Queda de árvore,Alta,8,4.79,36.3,Encerrado
621,2025-03-10 00:52:37,2025-03-10 02:49:13,2025-03-10 07:19:42,354,9,8.0,Rompimento de fibra,Roedores,Crítica,4,3.09,31.9,Encerrado
622,2025-03-10 02:27:37,2025-03-10 06:33:54,2025-03-10 07:38:11,83,5,16.0,Atenuação alta,Umidade na caixa de emenda,Média,24,3.1,5.6,Encerrado
623,2025-03-10 03:01:30,2025-03-10 03:16:51,2025-03-10 07:48:39,72,9,17.0,Furto/vandalismo de cabo,Furto de cabo,Crítica,4,0.81,30.1,Encerrado
624,2025-03-10 06:09:38,2025-03-10 08:25:37,2025-03-10 13:18:04,387,6,16.0,Queda de energia,Disjuntor,Média,24,,,Encerrado
625,2025-03-10 06:57:06,2025-03-10 10:58:52,2025-03-10 11:33:33,133,4,7.0,Falha de equipamento,Fonte de alimentação,Média,24,,,Encerrado
626,2025-03-10 14:24:08,2025-03-10 17:55:00,2025-03-10 22:28:34,109,4,13.0,Falha de equipamento,Switch,Alta,8,,,Encerrado
627,2025-03-10 17:48:18,2025-03-10 20:11:57,2025-03-10 22:38:13,304,13,12.0,Atenuação alta,Emenda degradada,Alta,8,10.35,7.1,Encerrado
628,2025-03-10 20:30:04,2025-03-10 21:46:34,2025-03-10 22:19:15,115,14,18.0,Configuração,Atualização de firmware,Alta,8,,,Encerrado
629,2025-03-10 21:42:23,2025-03-10 22:10:30,2025-03-11 01:27:04,90,5,1.0,Furto/vandalismo de cabo,Vandalismo,Crítica,4,1.63,34.8,Encerrado
630,2025-03-10 22:53:05,2025-03-11 02:19:50,2025-03-11 04:14:45,86,6,4.0,Falha de equipamento,Placa de interface,Alta,8,,,Encerrado
631,2025-03-10 23:50:39,2025-03-11 01:23:29,2025-03-11 01:57:40,248,11,3.0,Queda de energia,Falta de energia da concessionária,Alta,8,,,Encerrado
632,2025-03-11 01:13:29,2025-03-11 02:31:16,2025-03-11 04:46:42,26,10,8.0,Rompimento de fibra,Obra de terceiros,Crítica,4,5.1,34.7,Encerrado
633,2025-03-11 01:46:58,2025-03-11 11:12:12,2025-03-11 12:46:25,149,7,17.0,Queda de energia,Disjuntor,Média,24,,,Encerrado
634,2025-03-11 07:48:59,2025-03-11 08:14:50,2025-03-11 11:15:11,265,15,9.0,Atenuação alta,Umidade na caixa de emenda,Alta,8,2.4,7.4,Encerrado
635,2025-03-11 12:59:16,2025-03-11 13:26:42,2025-03-11 19:16:22,344,12,15.0,Falha de equipamento,Switch,Alta,8,,,Encerrado
636,2025-03-11 14:06:03,2025-03-11 18:07:37,2025-03-11 19:11:04,161,6,10.0,Atenuação alta,Umidade na caixa de emenda,Média,24,2.01,2.4,Encerrado
637,2025-03-11 14:15:16,2025-03-11 14:48:33,2025-03-11 16:22:56,344,12,6.0,Rompimento de fibra,Acidente de trânsito (poste),Crítica,4,1.05,31.5,Encerrado
638,2025-03-11 16:01:27,2025-03-11 16:55:16,2025-03-11 18:57:33,59,6,7.0,Rompimento de fibra,Acidente de trânsito (poste),Crítica,4,2.84,38.4,Encerrado
639,2025-03-11 17:51:03,2025-03-11 19:36:10,2025-03-12 03:12:31,175,4,10.0,Rompimento de fibra,Acidente de trânsito (poste),Alta,8,4.92,35.8,Encerrado
640,2025-03-11 19:38:12,2025-03-11 21:57:23,2025-03-12 01:12:57,12,15,18.0,Falha de equipamento,Módulo óptico (SFP/QSFP),Alta,8,,,Encerrado
641,2025-03-12 00:31:29,2025-03-12 03:00:58,2025-03-12 06:12:50,233,14,3.0,Falha de equipamento,Módulo óptico (SFP/QSFP),Média,24,,,Encerrado
642,2025-03-12 01:59:39,2025-03-12 02:26:22,2025-03-12 10:24:03,43,12,3.0,Rompimento de fibra,Roedores,Crítica,4,2.57,30.8,Encerrado
643,2025-03-12 04:06:36,2025-03-12 04:39:54,2025-03-12 06:34:18,124,6,13.0,Furto/vandalismo de cabo,Vandalismo,Crítica,4,3.73,26.1,Encerrado
644,2025-03-12 04:29:49,2025-03-12 08:13:10,2025-03-12 11:17:58,95,10,11.0,Atenuação alta,Conector sujo,Alta,8,2.41,3.9,Encerrado
645,2025-03-12 06:21:05,2025-03-12 07:05:32,2025-03-12 09:26:41,35,6,13.0,Rompimento de fibra,Acidente de trânsito (poste),Crítica,4,4.16,25.1,Encerrado
646,2025-03-12 09:11:28,2025-03-12 09:29:37,2025-03-12 14:58:15,41,12,3.0,Furto/vandalismo de cabo,,Crítica,4,3.53,31.4,Encerrado
647,2025-03-12 12:50:54,2025-03-12 15:27:52,2025-03-12 22:49:55,84,11,15.0,Atenuação alta,Curvatura excessiva,Alta,8,1.64,4.0,Encerrado
648,2025-03-12 15:41:34,2025-03-12 16:28:14,2025-03-12 21:07:07,115,15,9.0,Rompimento de fibra,Roedores,Crítica,4,3.96,30.6,Encerrado
649,2025-03-12 17:44:52,2025-03-12 18:45:47,2025-03-12 23:59:02,199,3,16.0,Rompimento de fibra,Obra de terceiros,Alta,8,5.01,27.9,Encerrado
650,2025-03-12 17:54:31,2025-03-12 19:09:08,2025-03-12 21:41:52,244,12,3.0,Rompimento de fibra,Obra de terceiros,Crítica,4,2.2,39.0,Encerrado
651,2025-03-12 19:09:18,2025-03-12 20:58:23,2025-03-13 01:01:02,360,3,16.0,Rompimento de fibra,Acidente de trânsito (poste),Alta,8,4.24,37.4,Encerrado
652,2025-03-12 20:11:59,2025-03-13 01:18:53,2025-03-13 01:45:53,221,16,15.0,Queda de energia,Bateria do nobreak,Média,24,,,Encerrado
653,2025-03-12 21:56:17,2025-03-12 22:57:32,2025-03-13 11:25:45,55,7,2.0,Rompimento de fibra,Queda de árvore,Crítica,4,3.67,18.0,Encerrado
654,2025-03-12 22:29:20,2025-03-13 04:46:19,2025-03-13 06:45:46,46,12,6.0,Atenuação alta,Umidade na caixa de emenda,Média,24,11.66,5.2,Encerrado
655,2025-03-13 03:40:11,2025-03-13 10:30:21,2025-03-13 12:53:11,209,14,6.0,Atenuação alta,Curvatura excessiva,Média,24,9.59,6.1,Encerrado
656,2025-03-13 06:38:04,2025-03-13 07:55:31,2025-03-13 09:59:31,226,10,11.0,Rompimento de fibra,Acidente de trânsito (poste),Crítica,4,4.45,32.9,Encerrado
657,2025-03-13 09:25:33,2025-03-13 10:12:56,2025-03-13 14:02:51,23,11,12.0,Rompimento de fibra,Queda de árvore,Crítica,4,1.37,34.3,Encerrado
658,2025-03-13 09:57:30,2025-03-13 13:04:15,2025-03-13 15:39:33,133,4,4.0,Falha de equipamento,Placa de interface,Média,24,,,Encerrado
659,2025-03-13 21:11:21,2025-03-13 21:32:29,2025-03-14 00:52:50,21,4,13.0,Falha de equipamento,Módulo óptico (SFP/QSFP),Alta,8,,,Encerrado
660,2025-03-13 23:26:33,2025-03-14 03:07:41,2025-03-14 06:03:22,22,2,13.0,Falha de equipamento,Módulo óptico (SFP/QSFP),Alta,8,,,Encerrado
661,2025-03-13 23:33:27,2025-03-14 03:55:27,2025-03-14 05:39:58,353,1,4.0,Atenuação alta,Umidade na caixa de emenda,Média,24,0.65,5.5,Encerrado
662,2025-03-14 02:47:31,2025-03-14 04:25:37,2025-03-14 06:11:56,60,2,13.0,Rompimento de fibra,Acidente de trânsito (poste),Crítica,4,6.07,38.4,Encerrado
663,2025-03-14 07:32:02,2025-03-14 12:18:12,2025-03-14 16:33:28,289,10,14.0,Atenuação alta,Conector sujo,Média,24,2.29,8.5,Encerrado
664,2025-03-14 09:04:20,2025-03-14 09:24:36,2025-03-14 18:17:17,177,9,5.0,Rompimento de fibra,Roedores,Crítica,4,1.33,28.7,Encerrado
665,2025-03-14 09:26:22,2025-03-14 10:39:21,2025-03-14 14:11:06,46,12,3.0,Atenuação alta,Umidade na caixa de emenda,Alta,8,2.77,2.7,Encerrado
666,2025-03-14 10:12:32,2025-03-14 11:46:39,2025-03-14 13:44:21,55,7,8.0,Queda de energia,Bateria do nobreak,Alta,8,,,Encerrado
667,2025-03-14 10:12:56,2025-03-14 10:45:20,2025-03-14 13:06:42,1,3,4.0,Rompimento de fibra,Roedores,Crítica,4,7.93,40.0,Encerrado
668,2025-03-14 11:41:49,2025-03-15 03:39:21,2025-03-15 05:29:48,208,14,6.0,Falha de equipamento,Switch,Média,24,,,Encerrado
669,2025-03-14 13:10:26,2025-03-14 14:39:52,2025-03-14 15:03:46,47,8,17.0,Queda de energia,Disjuntor,Crítica,4,,,Encerrado
670,2025-03-14 15:09:52,2025-03-14 15:24:04,2025-03-14 18:42:08,15,6,10.0,Rompimento de fibra,Roedores,Crítica,4,6.24,28.1,Encerrado
671,2025-03-14 16:30:01,2025-03-14 16:47:58,2025-03-14 20:57:38,353,1,13.0,Furto/vandalismo de cabo,Vandalismo,Crítica,4,10.93,29.8,Encerrado
672,2025-03-14 19:20:43,2025-03-15 13:51:26,2025-03-15 18:04:32,120,12,12.0,Atenuação alta,Emenda degradada,Média,24,6.67,7.3,Encerrado
673,2025-03-14 22:02:33,2025-03-15 16:39:50,2025-03-15 18:15:26,229,13,18.0,Queda de energia,Bateria do nobreak,Média,24,,,Encerrado
674,2025-03-14 22:13:02,2025-03-15 03:44:37,2025-03-15 04:06:54,52,12,15.0,Configuração,Erro de configuração,Alta,8,,,Encerrado
675,2025-03-15 01:26:54,2025-03-15 03:15:51,2025-03-15 06:41:01,34,16,3.0,Rompimento de fibra,Acidente de trânsito (poste),Crítica,4,3.53,35.2,Encerrado
676,2025-03-15 11:58:51,2025-03-15 16:35:26,2025-03-16 00:50:03,345,5,1.0,Rompimento de fibra,Queda de árvore,Alta,8,12.91,25.4,Encerrado
677,2025-03-15 16:38:32,2025-03-15 20:57:28,2025-03-15 22:56:26,119,15,18.0,Falha de equipamento,Módulo óptico (SFP/QSFP),Alta,8,,,Encerrado
678,2025-03-15 20:27:07,2025-03-15 21:54:13,2025-03-16 03:23:52,238,14,12.0,Rompimento de fibra,Acidente de trânsito (poste),Crítica,4,2.61,21.5,Encerrado
679,2025-03-15 20:36:51,2025-03-15 22:08:54,2025-03-16 01:56:48,37,2,1.0,Rompimento de fibra,Obra de terceiros,Crítica,4,1.96,28.7,Encerrado
680,2025-03-15 21:41:46,2025-03-15 21:45:19,2025-03-16 07:34:38,258,10,2.0,Rompimento de fibra,Roedores,Crítica,4,4.17,30.2,Encerrado
681,2025-03-16 00:18:36,2025-03-16 05:16:12,2025-03-16 08:52:16,196,15,9.0,Falha de equipamento,Fonte de alimentação,Média,24,,,Encerrado
682,2025-03-16 00:19:34,2025-03-16 01:19:28,2025-03-16 11:03:19,289,10,14.0,Rompimento de fibra,Queda de árvore,Crítica,4,3.93,36.4,Encerrado
683,2025-03-16 00:34:48,,,377,11,,Configuração,,Alta,8,,,Cancelado
684,2025-03-16 01:50:58,2025-03-16 13:51:56,2025-03-16 15:17:38,330,12,3.0,Queda de energia,Disjuntor,Média,24,,,Encerrado
685,2025-03-16 06:08:34,2025-03-16 07:47:18,2025-03-16 16:30:31,11,6,1.0,Rompimento de fibra,Obra de terceiros,Crítica,4,2.35,24.1,Encerrado
686,2025-03-16 15:52:03,2025-03-16 17:11:43,2025-03-16 20:17:09,107,6,13.0,Rompimento de fibra,Queda de árvore,Crítica,4,2.44,36.5,Encerrado
687,2025-03-16 19:32:00,2025-03-16 21:56:59,2025-03-17 00:23:35,161,6,16.0,Furto/vandalismo de cabo,Furto de cabo,Alta,8,5.73,39.0,Encerrado
688,2025-03-16 20:39:28,2025-03-18 21:39:40,2025-03-18 21:58:44,328,15,9.0,Configuração,Atualização de firmware,Baixa,48,,,Encerrado
689,2025-03-16 21:59:27,2025-03-16 22:52:51,2025-03-17 06:19:22,339,10,14.0,Rompimento de fibra,Acidente de trânsito (poste),Crítica,4,5.0,31.4,Encerrado
690,2025-03-17 02:35:27,2025-03-18 14:20:01,2025-03-18 19:11:22,210,1,16.0,Falha de equipamento,Placa de interface,Baixa,48,,,Encerrado
691,2025-03-17 03:24:50,2025-03-17 04:11:05,2025-03-17 05:41:49,12,15,18.0,Queda de energia,Bateria do nobreak,Alta,8,,,Encerrado
692,2025-03-17 07:00:07,2025-03-17 09:11:57,2025-03-17 11:30:11,111,6,7.0,Queda de energia,Falta de energia da concessionária,Alta,8,,,Encerrado
693,2025-03-17 07:53:10,2025-03-17 08:05:30,2025-03-17 11:26:54,210,2,7.0,Falha de equipamento,Placa de interface,Alta,8,,,Encerrado
694,2025-03-17 09:02:07,2025-03-17 20:27:23,2025-03-17 21:22:08,245,5,13.0,Queda de energia,Bateria do nobreak,Baixa,48,,,Encerrado
695,2025-03-17 15:51:47,2025-03-17 16:12:12,2025-03-17 21:46:23,74,5,13.0,Rompimento de fibra,Acidente de trânsito (poste),Crítica,4,8.0,25.7,Encerrado
696,2025-03-17 16:44:46,2025-03-17 17:45:21,2025-03-17 21:45:25,399,15,12.0,Rompimento de fibra,Obra de terceiros,Crítica,4,5.08,32.8,Encerrado
697,2025-03-17 17:18:09,2025-03-17 19:08:58,2025-03-17 23:14:37,47,8,11.0,Rompimento de fibra,Acidente de trânsito (poste),Crítica,4,4.66,34.7,Encerrado
698,2025-03-17 19:12:04,2025-03-18 00:59:50,2025-03-18 02:03:39,328,15,12.0,Falha de equipamento,Placa de interface,Baixa,48,,,Encerrado
699,2025-03-18 00:00:13,,,351,15,,Atenuação alta,,Alta,8,8.12,3.5,Cancelado
700,2025-03-18 00:31:38,2025-03-18 01:19:42,2025-03-18 08:12:47,65,13,3.0,Rompimento de fibra,Obra de terceiros,Crítica,4,12.43,20.7,Encerrado
701,2025-03-18 08:30:18,2025-03-18 08:39:11,2025-03-18 13:32:12,315,2,13.0,Rompimento de fibra,Obra de terceiros,Crítica,4,0.64,28.5,Encerrado
702,2025-03-18 10:16:00,2025-03-18 16:38:39,2025-03-18 20:15:48,264,15,18.0,Atenuação alta,Umidade na caixa de emenda,Média,24,7.99,3.4,Encerrado
703,2025-03-18 15:18:04,2025-03-18 17:20:44,2025-03-18 18:07:23,22,2,16.0,Falha de equipamento,Módulo óptico (SFP/QSFP),Crítica,4,,,Encerrado
704,2025-03-18 17:28:38,2025-03-18 20:14:24,2025-03-18 23:57:20,130,13,12.0,Queda de energia,Disjuntor,Alta,8,,,Encerrado
705,2025-03-18 18:57:23,2025-03-18 19:49:48,2025-03-18 20:50:04,63,13,6.0,Rompimento de fibra,Roedores,Crítica,4,6.1,25.4,Encerrado
706,2025-03-18 21:52:18,2025-03-18 23:12:00,2025-03-19 04:28:27,347,13,15.0,Rompimento de fibra,Acidente de trânsito (poste),Crítica,4,2.14,30.3,Encerrado
707,2025-03-19 04:35:37,2025-03-19 23:40:06,2025-03-20 00:23:02,129,3,16.0,Queda de energia,Disjuntor,Média,24,,,Encerrado
708,2025-03-19 06:32:43,2025-03-19 07:56:14,2025-03-19 15:16:44,76,11,3.0,Rompimento de fibra,Queda de árvore,Crítica,4,17.11,34.1,Encerrado
709,2025-03-19 10:34:45,2025-03-19 10:50:51,2025-03-19 14:58:18,125,13,6.0,Furto/vandalismo de cabo,Furto de cabo,Crítica,4,1.22,24.8,Encerrado
710,2025-03-19 14:27:52,2025-03-19 14:51:53,2025-03-19 22:41:55,266,8,5.0,Rompimento de fibra,Queda de árvore,Crítica,4,9.57,19.9,Encerrado
711,2025-03-19 14:42:32,2025-03-19 15:49:05,2025-03-19 18:56:58,105,13,15.0,Falha de equipamento,Switch,Crítica,4,,,Encerrado
712,2025-03-19 14:46:13,2025-03-19 17:19:58,2025-03-19 20:22:09,112,9,8.0,Atenuação alta,Curvatura excessiva,Alta,8,0.25,6.7,Encerrado
713,2025-03-20 01:50:58,2025-03-20 04:21:18,2025-03-20 06:47:44,309,16,9.0,Atenuação alta,Curvatura excessiva,Alta,8,1.92,3.0,Encerrado
714,2025-03-20 10:22:46,2025-03-20 10:52:02,2025-03-20 15:12:04,116,11,18.0,Rompimento de fibra,Acidente de trânsito (poste),Crítica,4,2.03,39.0,Encerrado
715,2025-03-20 11:22:59,2025-03-20 12:04:00,2025-03-20 20:06:13,356,6,7.0,Rompimento de fibra,Queda de árvore,Alta,8,2.25,38.1,Encerrado
716,2025-03-20 11:43:34,2025-03-21 04:13:52,2025-03-21 04:50:39,216,9,8.0,Configuração,Erro de configuração,Baixa,48,,,Encerrado
717,2025-03-20 14:03:00,2025-03-20 14:50:18,2025-03-20 18:29:48,188,14,3.0,Rompimento de fibra,Roedores,Crítica,4,4.84,24.2,Encerrado
718,2025-03-20 14:25:22,2025-03-21 00:07:33,2025-03-21 00:38:06,149,9,11.0,Configuração,Atualização de firmware,Baixa,48,,,Encerrado
719,2025-03-20 16:30:33,2025-03-20 16:51:45,2025-03-20 21:46:53,10,16,18.0,Rompimento de fibra,Acidente de trânsito (poste),Crítica,4,5.69,24.5,Encerrado
720,2025-03-20 18:11:55,2025-03-20 19:21:16,2025-03-20 22:24:52,400,5,1.0,Rompimento de fibra,Obra de terceiros,Alta,8,9.09,28.5,Encerrado
721,2025-03-20 18:52:36,2025-03-20 19:30:13,2025-03-20 21:48:06,66,7,8.0,Falha de equipamento,Switch,Crítica,4,,,Encerrado
722,2025-03-21 00:35:37,2025-03-21 01:59:45,2025-03-21 03:52:04,146,15,9.0,Rompimento de fibra,Acidente de trânsito (poste),Alta,8,8.33,24.1,Encerrado
723,2025-03-21 02:07:24,2025-03-22 02:14:15,2025-03-22 06:55:41,369,3,10.0,Falha de equipamento,Módulo óptico (SFP/QSFP),Baixa,48,,,Encerrado
724,2025-03-21 06:18:54,2025-03-21 06:35:16,2025-03-21 09:17:07,188,14,12.0,Rompimento de fibra,Roedores,Crítica,4,1.08,35.6,Encerrado
725,2025-03-21 09:13:10,2025-03-21 10:04:36,2025-03-21 12:25:48,204,13,3.0,Rompimento de fibra,Queda de árvore,Crítica,4,8.07,20.5,Encerrado
726,2025-03-21 11:40:04,2025-03-21 12:12:12,2025-03-21 20:58:38,326,5,7.0,Rompimento de fibra,Acidente de trânsito (poste),Crítica,4,4.86,27.6,Encerrado
727,2025-03-21 11:43:43,2025-03-21 21:30:26,2025-03-21 23:30:06,135,2,1.0,Falha de equipamento,Placa de interface,Média,24,,,Encerrado
728,2025-03-21 16:29:40,,,136,5,,Rompimento de fibra,,Crítica,4,10.21,29.5,Cancelado
729,2025-03-21 19:21:54,2025-03-21 21:19:01,2025-03-22 07:46:18,179,14,9.0,Rompimento de fibra,Queda de árvore,Alta,8,6.36,38.6,Encerrado
730,2025-03-21 19:51:36,2025-03-21 20:27:02,2025-03-22 01:41:34,173,11,15.0,Furto/vandalismo de cabo,Vandalismo,Crítica,4,1.44,21.9,Encerrado
731,2025-03-21 20:03:10,2025-03-21 21:00:02,2025-03-22 01:24:59,32,4,10.0,Rompimento de fibra,Queda de árvore,Crítica,4,10.88,22.2,Encerrado
732,2025-03-21 20:46:11,2025-03-21 22:51:23,2025-03-21 23:18:27,3,14,6.0,Queda de energia,Falta de energia da concessionária,Alta,8,,,Encerrado
733,2025-03-22 01:32:23,2025-03-22 02:49:19,2025-03-22 04:17:16,310,5,16.0,Queda de energia,Falta de energia da concessionária,Alta,8,,,Encerrado
734,2025-03-22 03:11:10,2025-03-22 05:06:16,2025-03-22 11:42:01,109,3,16.0,Rompimento de fibra,Acidente de trânsito (poste),Crítica,4,8.65,28.2,Encerrado
735,2025-03-22 07:04:26,2025-03-22 08:00:56,2025-03-22 10:11:58,303,2,16.0,Rompimento de fibra,Acidente de trânsito (poste),Crítica,4,2.11,34.2,Encerrado
736,2025-03-22 08:06:20,2025-03-22 08:21:55,2025-03-22 13:22:27,310,5,13.0,Rompimento de fibra,Acidente de trânsito (poste),Crítica,4,3.95,25.0,Encerrado
737,2025-03-22 08:41:10,2025-03-22 21:16:25,2025-03-23 00:26:35,79,8,8.0,Falha de equipamento,Módulo óptico (SFP/QSFP),Média,24,,,Encerrado
738,2025-03-22 08:49:25,2025-03-22 18:35:44,2025-03-22 19:50:13,103,3,4.0,Atenuação alta,Curvatura excessiva,Alta,8,4.6,8.5,Encerrado
739,2025-03-22 09:24:28,2025-03-22 12:15:57,2025-03-22 13:22:35,130,13,12.0,Queda de energia,Falta de energia da concessionária,Alta,8,,,Encerrado
740,2025-03-22 10:01:00,2025-03-22 13:24:34,2025-03-22 14:22:42,55,7,11.0,Queda de energia,Falta de energia da concessionária,Alta,8,,,Encerrado
741,2025-03-22 12:01:38,2025-03-22 13:28:53,2025-03-22 17:19:10,2,12,15.0,Atenuação alta,Umidade na caixa de emenda,Alta,8,2.08,1.5,Encerrado
742,2025-03-22 12:12:17,2025-03-22 13:01:37,2025-03-22 14:55:19,377,12,6.0,Falha de equipamento,Fonte de alimentação,Alta,8,,,Encerrado
743,2025-03-22 12:26:01,,,223,13,,Queda de energia,,Baixa,48,,,Cancelado
744,2025-03-22 21:46:33,2025-03-22 22:18:35,2025-03-23 04:38:39,307,13,3.0,Rompimento de fibra,Roedores,Crítica,4,1.73,20.4,Encerrado
745,2025-03-23 06:08:37,2025-03-23 07:38:15,2025-03-23 11:51:19,394,11,12.0,Rompimento de fibra,Queda de árvore,Alta,8,6.34,31.6,Encerrado
746,2025-03-23 07:41:41,2025-03-23 07:50:50,2025-03-23 08:58:58,19,9,5.0,Queda de energia,Disjuntor,Crítica,4,,,Encerrado
747,2025-03-23 10:42:45,2025-03-24 09:09:47,2025-03-24 10:29:00,260,15,6.0,Queda de energia,Disjuntor,Baixa,48,,,Encerrado
748,2025-03-23 13:54:12,2025-03-23 23:20:56,2025-03-24 04:20:41,248,12,15.0,Atenuação alta,Emenda degradada,Média,24,1.43,4.2,Encerrado
749,2025-03-23 14:13:36,2025-03-23 18:48:43,2025-03-23 21:02:13,145,16,9.0,Atenuação alta,Umidade na caixa de emenda,Média,24,5.4,7.7,Encerrado
750,2025-03-23 14:26:55,2025-03-24 22:35:02,2025-03-24 23:53:13,314,1,10.0,Queda de energia,Bateria do nobreak,Média,24,,,Encerrado
751,2025-03-23 17:01:52,2025-03-23 18:41:11,2025-03-23 22:22:08,151,5,4.0,Rompimento de fibra,Roedores,Alta,8,2.59,29.1,Encerrado
752,2025-03-23 20:20:19,2025-03-24 14:44:48,2025-03-24 15:33:16,220,6,7.0,Queda de energia,Bateria do nobreak,Baixa,48,,,Encerrado
753,2025-03-23 21:57:37,2025-03-24 11:53:17,2025-03-24 18:54:13,302,12,15.0,Atenuação alta,Conector sujo,Média,24,5.61,4.4,Encerrado
754,2025-03-24 02:18:13,2025-03-25 04:57:47,2025-03-25 06:06:34,282,13,3.0,Atenuação alta,,Média,24,6.36,2.8,Encerrado
755,2025-03-24 03:19:23,2025-03-24 06:11:16,2025-03-24 07:25:13,374,6,7.0,Falha de equipamento,Fonte de alimentação,Alta,8,,,Encerrado
756,2025-03-24 04:12:46,2025-03-24 13:15:52,2025-03-24 14:29:07,186,15,6.0,Queda de energia,Falta de energia da concessionária,Média,24,,,Encerrado
757,2025-03-24 05:01:26,2025-03-24 05:19:29,2025-03-24 14:59:21,262,10,8.0,Rompimento de fibra,Obra de terceiros,Alta,8,1.2,31.0,Encerrado
758,2025-03-24 13:41:08,2025-03-24 23:10:08,2025-03-25 02:48:14,265,14,6.0,Atenuação alta,Curvatura excessiva,Média,24,10.09,4.9,Encerrado
759,2025-03-24 14:54:50,2025-03-24 16:45:25,2025-03-24 21:10:39,128,16,9.0,Rompimento de fibra,Queda de árvore,Alta,8,5.26,21.5,Encerrado
760,2025-03-24 17:14:25,2025-03-24 18:11:29,2025-03-24 20:20:59,54,11,18.0,Atenuação alta,Curvatura excessiva,Crítica,4,3.01,6.1,Encerrado
761,2025-03-24 19:09:04,2025-03-24 20:55:50,2025-03-25 00:24:13,194,3,16.0,Atenuação alta,Curvatura excessiva,Alta,8,6.11,6.0,Encerrado
762,2025-03-24 22:06:28,2025-03-25 01:00:46,2025-03-25 04:23:03,242,12,12.0,Furto/vandalismo de cabo,Furto de cabo,Crítica,4,3.42,26.1,Encerrado
763,2025-03-25 03:10:24,2025-03-25 04:36:01,2025-03-25 09:24:35,8,8,8.0,Atenuação alta,Emenda degradada,Alta,8,0.48,8.4,Encerrado
764,2025-03-25 08:39:04,2025-03-25 08:43:15,2025-03-25 09:32:17,386,14,12.0,Rompimento de fibra,Queda de árvore,Alta,8,8.56,33.1,Encerrado
765,2025-03-25 10:12:42,2025-03-25 11:54:29,2025-03-25 17:29:47,333,12,18.0,Rompimento de fibra,Obra de terceiros,Alta,8,8.44,27.5,Encerrado
766,2025-03-25 11:06:04,2025-03-25 13:31:41,2025-03-25 15:42:43,86,6,1.0,Rompimento de fibra,Queda de árvore,Crítica,4,4.53,29.4,Encerrado
767,2025-03-25 12:52:17,2025-03-25 15:02:13,2025-03-25 15:34:27,318,15,12.0,Configuração,Atualização de firmware,Média,24,,,Encerrado
768,2025-03-25 14:04:08,2025-03-25 17:08:52,2025-03-25 17:59:44,317,13,3.0,Falha de equipamento,Placa de interface,Baixa,48,,,Encerrado
769,2025-03-26 06:48:29,2025-03-26 07:53:00,2025-03-26 11:14:36,76,11,6.0,Rompimento de fibra,Obra de terceiros,Crítica,4,1.98,30.9,Encerrado
770,2025-03-26 09:00:03,2025-03-26 18:23:55,2025-03-26 20:51:00,224,3,16.0,Atenuação alta,Emenda degradada,Média,24,7.01,7.6,Encerrado
771,2025-03-26 10:06:19,2025-03-26 16:33:54,2025-03-26 17:43:50,395,10,11.0,Queda de energia,Falta de energia da concessionária,Média,24,,,Encerrado
772,2025-03-26 10:09:38,2025-03-26 11:36:00,2025-03-26 15:32:33,27,4,10.0,Falha de equipamento,Switch,Crítica,4,,,Encerrado
773,2025-03-26 11:34:39,2025-03-26 12:08:25,2025-03-26 17:15:31,193,9,8.0,Rompimento de fibra,Acidente de trânsito (poste),Crítica,4,0.26,26.8,Encerrado
774,2025-03-26 13:05:51,2025-03-26 13:18:51,2025-03-26 16:12:16,251,4,1.0,Rompimento de fibra,Queda de árvore,Crítica,4,3.6,22.9,Encerrado
775,2025-03-26 14:50:37,2025-03-26 16:02:57,2025-03-26 21:30:21,234,9,14.0,Furto/vandalismo de cabo,Vandalismo,Alta,8,1.92,32.2,Encerrado
776,2025-03-26 16:35:21,2025-03-26 21:18:00,2025-03-26 23:59:04,386,14,9.0,Configuração,Erro de configuração,Média,24,,,Encerrado
777,2025-03-26 21:00:09,2025-03-26 21:54:10,2025-03-26 23:01:32,123,6,13.0,Falha de equipamento,Switch,Alta,8,,,Encerrado
778,2025-03-26 23:32:04,2025-03-27 00:14:18,2025-03-27 04:09:44,376,14,9.0,Furto/vandalismo de cabo,Vandalismo,Crítica,4,0.43,26.4,Encerrado
779,2025-03-27 05:34:14,2025-03-27 08:53:30,2025-03-27 13:49:06,300,10,14.0,Atenuação alta,Curvatura excessiva,Média,24,0.7,4.2,Encerrado
780,2025-03-27 06:03:42,2025-03-27 07:06:12,2025-03-27 11:53:52,25,9,5.0,Rompimento de fibra,Roedores,Crítica,4,1.61,35.0,Encerrado
781,2025-03-27 09:41:04,2025-03-27 10:41:42,2025-03-27 12:07:37,134,2,7.0,Rompimento de fibra,Obra de terceiros,Alta,8,2.55,35.1,Encerrado
782,2025-03-27 14:51:13,2025-03-27 17:10:01,2025-03-27 18:29:05,392,2,4.0,Queda de energia,Bateria do nobreak,Média,24,,,Encerrado
783,2025-03-27 21:16:58,2025-03-27 21:28:54,2025-03-28 01:18:12,153,13,18.0,Rompimento de fibra,Roedores,Crítica,4,0.64,24.6,Encerrado
784,2025-03-27 21:57:28,2025-03-27 23:10:00,2025-03-28 08:35:12,212,8,17.0,Rompimento de fibra,Obra de terceiros,Alta,8,3.46,24.8,Encerrado
785,2025-03-28 02:57:13,2025-03-28 06:35:07,2025-03-28 08:23:42,242,11,6.0,Atenuação alta,Curvatura excessiva,Média,24,2.95,5.6,Encerrado
786,2025-03-28 06:41:11,2025-03-28 07:30:58,2025-03-28 13:43:59,376,14,15.0,Rompimento de fibra,Queda de árvore,Alta,8,1.06,19.6,Encerrado
787,2025-03-28 07:05:26,2025-03-28 08:26:11,2025-03-28 13:50:12,131,10,5.0,Rompimento de fibra,Acidente de trânsito (poste),Alta,8,3.66,29.9,Encerrado
788,2025-03-28 08:35:12,2025-03-28 08:46:06,2025-03-28 09:24:44,6,1,16.0,Queda de energia,Falta de energia da concessionária,Crítica,4,,,Encerrado
789,2025-03-28 09:40:00,2025-03-28 10:01:24,2025-03-28 11:23:51,69,16,12.0,Queda de energia,Falta de energia da concessionária,Alta,8,,,Encerrado
790,2025-03-28 11:01:07,2025-03-28 12:42:21,2025-03-28 14:47:27,340,16,12.0,Rompimento de fibra,Obra de terceiros,Alta,8,2.96,30.1,Encerrado
791,2025-03-28 13:15:31,2025-03-28 14:37:33,2025-03-28 17:57:39,233,14,9.0,Rompimento de fibra,Obra de terceiros,Alta,8,3.63,28.2,Encerrado
792,2025-03-28 14:33:42,2025-03-28 16:19:36,2025-03-28 19:43:17,381,9,17.0,Rompimento de fibra,Roedores,Alta,8,3.82,37.5,Encerrado
793,2025-03-28 15:33:01,2025-03-28 19:48:37,2025-03-28 23:39:59,226,10,2.0,Atenuação alta,Conector sujo,Média,24,3.37,3.6,Encerrado
794,2025-03-28 16:51:01,2025-03-28 17:46:31,2025-03-28 18:56:22,181,13,18.0,Furto/vandalismo de cabo,Vandalismo,Crítica,4,2.72,37.6,Encerrado
795,2025-03-28 22:21:29,2025-03-28 22:30:06,2025-03-29 09:08:15,131,10,8.0,Rompimento de fibra,Obra de terceiros,Crítica,4,2.69,39.0,Encerrado
796,2025-03-28 22:46:49,2025-03-29 03:08:13,2025-03-29 04:01:59,337,15,9.0,Queda de energia,Falta de energia da concessionária,Média,24,,,Encerrado
797,2025-03-29 01:36:55,2025-03-29 01:55:48,2025-03-29 06:45:24,79,7,14.0,Rompimento de fibra,Queda de árvore,Crítica,4,1.73,32.1,Encerrado
798,2025-03-29 01:51:37,2025-03-29 14:06:26,2025-03-29 18:00:10,358,13,3.0,Atenuação alta,Emenda degradada,Média,24,3.73,6.0,Encerrado
799,2025-03-29 15:16:10,2025-03-30 06:53:18,2025-03-30 08:02:17,213,9,5.0,Configuração,Erro de configuração,Baixa,48,,,Encerrado
800,2025-03-29 18:11:27,2025-03-31 14:17:48,2025-03-31 16:17:41,186,15,15.0,Falha de equipamento,Placa de interface,Baixa,48,,,Encerrado
801,2025-03-29 20:05:45,2025-03-29 21:53:34,2025-03-29 23:44:25,322,11,3.0,Rompimento de fibra,Obra de terceiros,Alta,8,2.41,26.1,Encerrado
802,2025-03-29 22:04:55,2025-03-31 07:25:24,2025-03-31 10:58:47,260,15,9.0,Atenuação alta,Curvatura excessiva,Baixa,48,5.97,2.4,Encerrado
803,2025-03-29 22:07:53,2025-03-29 23:07:27,2025-03-30 00:20:11,122,14,12.0,Falha de equipamento,Módulo óptico (SFP/QSFP),Média,24,,,Encerrado
804,2025-03-29 23:18:20,2025-03-30 00:48:24,2025-03-30 08:24:32,9,10,14.0,Furto/vandalismo de cabo,Vandalismo,Crítica,4,2.81,29.2,Encerrado
805,2025-03-30 06:24:18,2025-03-30 12:13:33,2025-03-30 14:17:35,242,11,9.0,Falha de equipamento,Módulo óptico (SFP/QSFP),Média,24,,,Encerrado
806,2025-03-30 11:42:57,2025-03-30 14:36:13,2025-03-30 16:29:21,313,2,10.0,Furto/vandalismo de cabo,Furto de cabo,Alta,8,2.28,27.7,Encerrado
807,2025-03-30 12:24:03,2025-03-30 13:33:32,2025-03-30 15:26:53,35,6,13.0,Falha de equipamento,Fonte de alimentação,Alta,8,,,Encerrado
808,2025-03-30 14:00:18,2025-04-01 03:57:31,2025-04-01 06:22:28,212,8,2.0,Falha de equipamento,Placa de interface,Baixa,48,,,Encerrado
809,2025-03-30 14:02:17,2025-03-30 16:07:26,2025-03-30 19:03:45,109,3,10.0,Rompimento de fibra,Obra de terceiros,Crítica,4,11.3,38.1,Encerrado
810,2025-03-30 15:20:32,2025-03-30 16:41:13,2025-03-30 18:10:48,17,2,4.0,Atenuação alta,Curvatura excessiva,Alta,8,5.12,7.2,Encerrado
811,2025-03-30 15:38:31,2025-04-01 15:14:32,2025-04-01 17:40:05,149,9,8.0,Queda de energia,Disjuntor,Baixa,48,,,Encerrado
812,2025-03-30 21:08:48,2025-03-30 22:24:21,2025-03-31 00:06:05,115,14,15.0,Furto/vandalismo de cabo,Furto de cabo,Crítica,4,10.56,21.8,Encerrado
813,2025-03-30 22:13:04,2025-03-31 00:01:25,2025-03-31 02:08:40,52,11,3.0,Rompimento de fibra,Roedores,Crítica,4,1.15,26.0,Encerrado
814,2025-03-30 22:22:43,2025-03-30 23:20:59,2025-03-31 01:06:30,76,11,18.0,Queda de energia,Disjuntor,Alta,8,,,Encerrado
815,2025-03-31 00:23:50,2025-03-31 03:59:10,2025-03-31 06:10:42,326,5,13.0,Rompimento de fibra,Acidente de trânsito (poste),Alta,8,11.0,34.9,Encerrado
816,2025-03-31 00:55:38,2025-04-01 04:36:25,2025-04-01 08:03:46,354,9,5.0,Falha de equipamento,Fonte de alimentação,Baixa,48,,,Encerrado
817,2025-03-31 01:05:19,2025-03-31 02:09:36,2025-03-31 04:14:43,62,16,18.0,Rompimento de fibra,Obra de terceiros,Crítica,4,12.77,29.2,Encerrado
818,2025-03-31 11:50:34,2025-03-31 12:07:20,2025-03-31 14:12:49,303,1,7.0,Rompimento de fibra,Acidente de trânsito (poste),Crítica,4,4.37,18.2,Encerrado
819,2025-03-31 13:11:55,2025-03-31 14:07:21,2025-03-31 20:14:18,331,15,12.0,Rompimento de fibra,Acidente de trânsito (poste),Crítica,4,2.85,37.5,Encerrado
820,2025-03-31 13:45:54,2025-03-31 14:17:52,2025-03-31 19:06:27,168,2,13.0,Rompimento de fibra,Obra de terceiros,Crítica,4,5.13,23.0,Encerrado
821,2025-03-31 13:46:08,2025-03-31 14:18:02,2025-03-31 20:40:49,351,14,3.0,Rompimento de fibra,Queda de árvore,Crítica,4,5.04,27.3,Encerrado
822,2025-03-31 14:28:31,2025-03-31 15:59:04,2025-03-31 17:30:24,173,12,6.0,Falha de equipamento,Fonte de alimentação,Alta,8,,,Encerrado
823,2025-03-31 17:16:47,2025-03-31 21:00:09,2025-03-31 22:53:29,25,9,2.0,Queda de energia,Bateria do nobreak,Alta,8,,,Encerrado
824,2025-03-31 19:48:07,2025-03-31 20:24:27,2025-03-31 22:55:24,305,13,9.0,Configuração,Atualização de firmware,Alta,8,,,Encerrado
825,2025-03-31 20:07:42,2025-03-31 20:51:06,2025-03-31 21:49:48,67,10,17.0,Falha de equipamento,Módulo óptico (SFP/QSFP),Crítica,4,,,Encerrado
826,2025-03-31 22:24:55,,,315,1,,Rompimento de fibra,,Alta,8,1.43,35.8,Cancelado
827,2025-03-31 23:41:35,2025-04-01 04:59:42,2025-04-01 06:34:44,91,4,7.0,Queda de energia,Falta de energia da concessionária,Alta,8,,,Encerrado
828,2025-04-01 01:09:42,2025-04-01 02:01:18,2025-04-01 07:03:19,50,13,15.0,Rompimento de fibra,Obra de terceiros,Crítica,4,1.69,25.4,Encerrado
829,2025-04-01 06:06:53,2025-04-02 01:38:34,2025-04-02 02:54:52,273,5,10.0,Falha de equipamento,Fonte de alimentação,Baixa,48,,,Encerrado
830,2025-04-01 08:45:27,2025-04-01 10:19:52,2025-04-01 14:01:14,80,14,6.0,Queda de energia,Falta de energia da concessionária,Alta,8,,,Encerrado
831,2025-04-01 09:02:37,2025-04-01 09:19:49,2025-04-01 10:47:07,2,11,6.0,Atenuação alta,Emenda degradada,Crítica,4,4.75,7.0,Encerrado
832,2025-04-01 11:29:48,2025-04-01 12:06:06,2025-04-01 15:29:38,261,16,12.0,Rompimento de fibra,Obra de terceiros,Crítica,4,5.6,38.5,Encerrado
833,2025-04-01 17:31:57,2025-04-01 23:14:13,2025-04-02 00:35:12,250,8,14.0,Falha de equipamento,Placa de interface,Média,24,,,Encerrado
834,2025-04-01 21:30:24,2025-04-02 09:38:40,2025-04-02 10:13:02,315,2,7.0,Configuração,Atualização de firmware,Média,24,,,Encerrado
835,2025-04-02 01:12:05,2025-04-02 02:31:19,2025-04-02 08:51:22,36,7,14.0,Furto/vandalismo de cabo,Vandalismo,Crítica,4,3.36,39.9,Encerrado
836,2025-04-02 02:01:54,2025-04-02 02:55:15,2025-04-02 07:17:20,21,3,4.0,Rompimento de fibra,Queda de árvore,Crítica,4,1.7,18.8,Encerrado
837,2025-04-02 02:44:34,2025-04-02 06:06:53,2025-04-02 06:44:50,399,15,9.0,Queda de energia,Bateria do nobreak,Alta,8,,,Encerrado
838,2025-04-02 12:55:45,2025-04-02 14:34:46,2025-04-03 04:00:33,113,10,11.0,Rompimento de fibra,Roedores,Crítica,4,3.78,20.3,Encerrado
839,2025-04-02 14:45:55,2025-04-03 04:34:54,2025-04-03 05:33:03,342,1,16.0,Queda de energia,Falta de energia da concessionária,Baixa,48,,,Encerrado
840,2025-04-02 15:14:36,,,66,7,,Rompimento de fibra,,Crítica,4,4.02,36.8,Cancelado
841,2025-04-02 15:32:01,,,271,5,,Queda de energia,,Alta,8,,,Cancelado
842,2025-04-03 02:03:21,2025-04-03 05:53:06,2025-04-03 06:25:39,115,15,12.0,Configuração,Atualização de firmware,Alta,8,,,Encerrado
843,2025-04-03 02:34:39,,,55,7,,Furto/vandalismo de cabo,,Crítica,4,3.47,31.7,Cancelado
844,2025-04-03 04:49:42,2025-04-03 17:49:40,2025-04-03 21:39:07,369,4,13.0,Atenuação alta,Curvatura excessiva,Média,24,8.53,8.6,Encerrado
845,2025-04-03 06:33:25,2025-04-03 07:14:03,2025-04-03 13:50:56,150,8,11.0,Rompimento de fibra,Acidente de trânsito (poste),Crítica,4,2.0,33.9,Encerrado
846,2025-04-03 11:21:56,2025-04-03 11:34:06,2025-04-03 16:42:28,208,15,6.0,Rompimento de fibra,Queda de árvore,Alta,8,0.58,21.7,Encerrado
847,2025-04-03 20:47:55,2025-04-03 22:16:18,2025-04-03 23:19:07,61,14,6.0,Queda de energia,Bateria do nobreak,Alta,8,,,Encerrado
848,2025-04-03 21:51:00,2025-04-03 22:29:39,2025-04-04 00:34:17,178,13,12.0,Falha de equipamento,Módulo óptico (SFP/QSFP),Média,24,,,Encerrado
849,2025-04-04 00:16:08,2025-04-04 17:34:08,2025-04-04 20:33:58,333,12,9.0,Falha de equipamento,Módulo óptico (SFP/QSFP),Baixa,48,,,Encerrado
850,2025-04-04 08:30:48,2025-04-04 10:10:15,2025-04-04 14:54:28,386,14,15.0,Atenuação alta,Curvatura excessiva,Alta,8,3.04,3.7,Encerrado
851,2025-04-04 08:36:50,2025-04-05 00:26:57,2025-04-05 01:34:53,276,13,9.0,Configuração,Atualização de firmware,Média,24,,,Encerrado
852,2025-04-04 14:40:47,2025-04-05 01:46:17,2025-04-05 03:01:43,240,8,11.0,Atenuação alta,Emenda degradada,Média,24,4.61,3.6,Encerrado
853,2025-04-04 14:46:27,2025-04-04 17:19:53,2025-04-04 18:09:04,255,3,1.0,Queda de energia,Bateria do nobreak,Média,24,,,Encerrado
854,2025-04-04 15:33:11,2025-04-04 15:39:55,2025-04-04 17:44:52,116,12,18.0,Rompimento de fibra,Obra de terceiros,Crítica,4,7.09,28.0,Encerrado
855,2025-04-04 17:02:36,2025-04-04 22:37:09,2025-04-04 23:13:48,296,6,10.0,Queda de energia,Falta de energia da concessionária,Média,24,,,Encerrado
856,2025-04-04 19:53:16,2025-04-05 06:57:57,2025-04-05 09:16:39,374,6,10.0,Atenuação alta,Emenda degradada,Média,24,4.03,2.2,Encerrado
857,2025-04-04 19:55:33,2025-04-04 20:14:13,2025-04-04 23:53:23,289,10,5.0,Furto/vandalismo de cabo,Vandalismo,Crítica,4,9.84,39.2,Encerrado
858,2025-04-04 20:48:54,2025-04-05 00:48:56,2025-04-05 01:43:45,229,13,12.0,Atenuação alta,Curvatura excessiva,Média,24,1.11,6.4,Encerrado
859,2025-04-04 21:04:49,2025-04-05 01:34:33,2025-04-05 03:34:42,210,2,10.0,Queda de energia,Bateria do nobreak,Média,24,,,Encerrado
860,2025-04-04 23:21:56,2025-04-05 01:01:12,2025-04-05 04:48:21,211,6,16.0,Rompimento de fibra,Obra de terceiros,Crítica,4,1.27,22.1,Encerrado
861,2025-04-05 00:02:53,2025-04-05 09:02:25,2025-04-05 10:02:33,162,2,4.0,Atenuação alta,Curvatura excessiva,Média,24,4.88,2.0,Encerrado
862,2025-04-05 03:48:34,2025-04-05 14:53:48,2025-04-05 17:27:27,177,8,5.0,Falha de equipamento,Switch,Média,24,,,Encerrado
863,2025-04-05 04:29:30,2025-04-05 10:34:23,2025-04-05 12:03:17,45,13,12.0,Atenuação alta,Conector sujo,Alta,8,4.52,8.6,Encerrado
864,2025-04-05 09:05:42,2025-04-06 11:00:50,2025-04-06 14:25:36,206,10,17.0,Atenuação alta,Emenda degradada,Baixa,48,2.08,8.2,Encerrado
865,2025-04-05 09:07:34,,,251,3,,Queda de energia,,Média,24,,,Cancelado
866,2025-04-05 10:56:50,2025-04-05 15:10:37,2025-04-05 20:11:35,173,12,3.0,Rompimento de fibra,Queda de árvore,Alta,8,2.47,20.7,Encerrado
867,2025-04-05 13:14:43,2025-04-05 13:55:52,2025-04-05 16:59:06,369,4,16.0,Rompimento de fibra,Queda de árvore,Alta,8,2.52,24.1,Encerrado
868,2025-04-05 14:40:24,2025-04-05 16:28:58,2025-04-05 22:00:12,153,13,18.0,Rompimento de fibra,Queda de árvore,Crítica,4,3.58,22.6,Encerrado
869,2025-04-05 15:37:06,2025-04-05 15:56:20,2025-04-05 20:53:07,168,2,16.0,Furto/vandalismo de cabo,Vandalismo,Crítica,4,2.24,34.6,Encerrado
870,2025-04-05 15:49:06,2025-04-06 02:01:11,2025-04-06 03:34:54,267,5,13.0,Atenuação alta,Emenda degradada,Média,24,3.82,6.0,Encerrado
871,2025-04-05 16:04:49,2025-04-06 07:14:01,2025-04-06 08:36:58,132,3,1.0,Atenuação alta,Conector sujo,Baixa,48,1.84,3.4,Encerrado
872,2025-04-05 18:37:24,2025-04-05 23:34:49,2025-04-06 01:26:42,42,6,16.0,Atenuação alta,Emenda degradada,Alta,8,2.09,8.2,Encerrado
873,2025-04-05 22:42:40,2025-04-05 23:31:14,2025-04-06 01:28:53,114,2,1.0,Rompimento de fibra,Queda de árvore,Crítica,4,2.68,29.3,Encerrado
874,2025-04-05 23:03:21,2025-04-06 00:09:47,2025-04-06 03:28:56,76,11,18.0,Rompimento de fibra,Acidente de trânsito (poste),Crítica,4,8.0,38.4,Encerrado
875,2025-04-06 02:43:19,2025-04-06 03:25:26,2025-04-06 09:35:11,174,1,16.0,Rompimento de fibra,Acidente de trânsito (poste),Crítica,4,8.86,23.8,Encerrado
876,2025-04-06 04:04:51,2025-04-06 05:31:02,2025-04-06 07:50:39,106,13,3.0,Rompimento de fibra,Queda de árvore,Crítica,4,2.28,34.8,Encerrado
877,2025-04-06 08:42:12,2025-04-06 09:03:23,2025-04-06 09:44:20,334,15,18.0,Configuração,Atualização de firmware,Alta,8,,,Encerrado
878,2025-04-06 10:06:36,2025-04-06 10:46:58,2025-04-06 18:37:01,8,9,11.0,Furto/vandalismo de cabo,Furto de cabo,Crítica,4,4.88,21.9,Encerrado
879,2025-04-06 14:15:42,2025-04-06 21:14:08,2025-04-06 22:27:37,234,9,8.0,Queda de energia,Falta de energia da concessionária,Média,24,,,Encerrado
880,2025-04-06 18:00:49,2025-04-06 18:56:49,2025-04-06 21:39:34,244,12,3.0,Furto/vandalismo de cabo,Furto de cabo,Crítica,4,5.31,31.1,Encerrado
881,2025-04-06 18:54:48,2025-04-06 21:44:20,2025-04-07 02:58:15,177,8,5.0,Rompimento de fibra,,Alta,8,5.73,24.2,Encerrado
882,2025-04-06 20:42:38,2025-04-07 00:37:18,2025-04-07 02:28:56,308,6,1.0,Rompimento de fibra,Obra de terceiros,Alta,8,1.56,27.1,Encerrado
883,2025-04-07 00:15:15,2025-04-07 00:51:19,2025-04-07 02:28:26,118,4,16.0,Rompimento de fibra,Acidente de trânsito (poste),Crítica,4,8.64,35.9,Encerrado
884,2025-04-07 03:34:27,2025-04-07 14:43:34,2025-04-07 16:35:34,125,13,3.0,Falha de equipamento,Switch,Média,24,,,Encerrado
885,2025-04-07 06:31:08,2025-04-07 18:54:05,2025-04-07 20:20:09,286,16,18.0,Falha de equipamento,Placa de interface,Baixa,48,,,Encerrado
886,2025-04-07 07:01:07,2025-04-07 16:43:17,2025-04-07 17:01:27,157,12,3.0,Queda de energia,Bateria do nobreak,Baixa,48,,,Encerrado
887,2025-04-07 07:42:48,2025-04-07 13:24:21,2025-04-07 15:20:43,207,4,13.0,Atenuação alta,Emenda degradada,Baixa,48,8.09,6.1,Encerrado
888,2025-04-07 10:48:50,2025-04-07 11:18:50,2025-04-07 21:00:01,8,7,17.0,Rompimento de fibra,Roedores,Crítica,4,4.82,31.2,Encerrado
889,2025-04-07 12:28:06,2025-04-07 14:35:17,2025-04-07 17:06:46,318,15,3.0,Falha de equipamento,Placa de interface,Baixa,48,,,Encerrado
890,2025-04-07 13:51:43,2025-04-07 14:30:15,2025-04-07 16:22:20,40,14,6.0,Queda de energia,Disjuntor,Crítica,4,,,Encerrado
891,2025-04-07 17:59:21,2025-04-07 22:27:43,2025-04-08 01:11:28,310,5,7.0,Atenuação alta,Conector sujo,Média,24,7.19,5.8,Encerrado
892,2025-04-08 01:03:07,2025-04-08 02:03:19,2025-04-08 07:13:01,272,16,15.0,Rompimento de fibra,Acidente de trânsito (poste),Alta,8,10.87,38.4,Encerrado
893,2025-04-08 01:47:00,2025-04-08 05:55:31,2025-04-08 09:22:14,369,3,7.0,Falha de equipamento,Fonte de alimentação,Média,24,,,Encerrado
894,2025-04-08 03:43:50,2025-04-09 20:41:09,2025-04-09 22:10:29,251,4,13.0,Falha de equipamento,Switch,Baixa,48,,,Encerrado
895,2025-04-08 04:33:58,2025-04-08 07:01:28,2025-04-08 07:39:10,79,8,8.0,Configuração,Erro de configuração,Alta,8,,,Encerrado
896,2025-04-08 05:00:51,2025-04-08 06:14:01,2025-04-08 06:43:56,98,2,16.0,Configuração,Atualização de firmware,Alta,8,,,Encerrado
897,2025-04-08 07:22:18,2025-04-08 12:06:29,2025-04-08 15:31:26,278,14,6.0,Rompimento de fibra,Roedores,Alta,8,4.63,24.4,Encerrado
898,2025-04-08 09:10:12,2025-04-08 18:20:59,2025-04-08 20:12:33,48,6,10.0,Falha de equipamento,Módulo óptico (SFP/QSFP),Média,24,,,Encerrado
899,2025-04-08 10:06:52,2025-04-08 10:39:55,2025-04-08 12:14:14,192,2,13.0,Furto/vandalismo de cabo,Furto de cabo,Crítica,4,2.99,32.3,Encerrado
900,2025-04-08 11:19:41,2025-04-08 12:02:46,2025-04-08 21:57:07,160,1,10.0,Rompimento de fibra,Queda de árvore,Crítica,4,0.56,23.2,Encerrado
901,2025-04-08 11:20:26,2025-04-08 11:35:44,2025-04-08 16:35:34,33,12,9.0,Furto/vandalismo de cabo,Vandalismo,Crítica,4,2.25,23.7,Encerrado
902,2025-04-08 15:26:24,2025-04-08 15:57:50,2025-04-08 16:40:21,3,14,6.0,Queda de energia,Disjuntor,Alta,8,,,Encerrado
903,2025-04-08 23:23:04,2025-04-08 23:53:57,2025-04-09 01:18:42,159,6,1.0,Rompimento de fibra,Obra de terceiros,Alta,8,1.02,38.9,Encerrado
904,2025-04-09 01:00:49,2025-04-09 12:48:04,2025-04-09 16:17:52,281,16,12.0,Atenuação alta,Umidade na caixa de emenda,Baixa,48,2.65,8.3,Encerrado
905,2025-04-09 01:37:09,2025-04-09 07:41:54,2025-04-09 08:12:04,54,11,15.0,Queda de energia,Bateria do nobreak,Alta,8,,,Encerrado
906,2025-04-09 04:36:27,2025-04-09 05:03:48,2025-04-09 06:19:55,399,14,15.0,Furto/vandalismo de cabo,Furto de cabo,Alta,8,1.12,23.4,Encerrado
907,2025-04-09 05:03:53,2025-04-09 08:38:13,2025-04-09 09:31:39,233,15,9.0,Configuração,Atualização de firmware,Média,24,,,Encerrado
908,2025-04-09 08:03:35,2025-04-09 08:45:41,2025-04-09 12:22:51,200,1,13.0,Rompimento de fibra,Acidente de trânsito (poste),Crítica,4,7.2,39.1,Encerrado
909,2025-04-09 08:04:51,2025-04-09 08:18:19,2025-04-09 12:19:46,17,2,13.0,Rompimento de fibra,Acidente de trânsito (poste),Crítica,4,7.4,36.1,Encerrado
910,2025-04-09 09:11:11,2025-04-09 09:17:00,2025-04-09 12:15:15,89,8,8.0,Rompimento de fibra,Roedores,Crítica,4,5.44,20.2,Encerrado
911,2025-04-09 10:11:46,2025-04-09 10:21:40,2025-04-09 14:06:10,79,9,8.0,Furto/vandalismo de cabo,Furto de cabo,Crítica,4,2.19,31.4,Encerrado
912,2025-04-09 12:20:58,2025-04-09 12:32:47,2025-04-09 15:35:27,175,4,7.0,Furto/vandalismo de cabo,Vandalismo,Crítica,4,6.6,31.0,Encerrado
913,2025-04-09 16:10:38,2025-04-10 06:16:03,2025-04-10 07:57:25,249,3,16.0,Falha de equipamento,Módulo óptico (SFP/QSFP),Média,24,,,Encerrado
914,2025-04-09 19:48:57,2025-04-09 20:31:47,2025-04-10 01:36:39,79,8,11.0,Atenuação alta,Emenda degradada,Alta,8,7.07,3.1,Encerrado
915,2025-04-09 20:22:28,2025-04-09 23:15:27,2025-04-10 00:04:15,158,5,10.0,Queda de energia,Disjuntor,Média,24,,,Encerrado
916,2025-04-09 20:46:00,2025-04-09 22:45:14,2025-04-10 04:32:13,142,16,18.0,Rompimento de fibra,Obra de terceiros,Alta,8,1.47,25.8,Encerrado
917,2025-04-09 23:38:13,2025-04-10 03:13:43,2025-04-10 05:51:30,351,15,3.0,Atenuação alta,Conector sujo,Média,24,4.02,6.0,Encerrado
918,2025-04-10 01:38:29,2025-04-10 02:25:41,2025-04-10 06:08:03,146,15,12.0,Furto/vandalismo de cabo,Furto de cabo,Crítica,4,9.46,31.9,Encerrado
919,2025-04-10 02:16:11,2025-04-10 03:42:56,2025-04-10 06:28:08,301,14,9.0,Rompimento de fibra,Obra de terceiros,Crítica,4,0.62,22.1,Encerrado
920,2025-04-10 02:32:09,2025-04-11 02:35:30,2025-04-11 07:31:30,240,7,5.0,Atenuação alta,Conector sujo,Baixa,48,1.42,5.5,Encerrado
921,2025-04-10 02:32:42,2025-04-10 02:53:11,2025-04-10 13:12:56,398,7,17.0,Rompimento de fibra,Roedores,Crítica,4,6.03,23.8,Encerrado
922,2025-04-10 04:44:38,2025-04-10 07:54:55,2025-04-10 10:55:02,150,8,8.0,Rompimento de fibra,Queda de árvore,Crítica,4,4.42,37.9,Encerrado
923,2025-04-10 10:30:27,,,249,3,,Atenuação alta,,Média,24,0.97,4.8,Cancelado
924,2025-04-10 13:13:05,2025-04-10 18:38:23,2025-04-10 20:06:50,122,15,9.0,Falha de equipamento,Fonte de alimentação,Média,24,,,Encerrado
925,2025-04-10 13:43:09,2025-04-10 14:50:39,2025-04-10 15:06:18,277,3,4.0,Configuração,Atualização de firmware,Alta,8,,,Encerrado
926,2025-04-10 14:30:48,2025-04-10 15:57:22,2025-04-11 01:43:54,109,4,13.0,Rompimento de fibra,Acidente de trânsito (poste),Crítica,4,9.36,38.0,Encerrado
927,2025-04-10 16:06:55,2025-04-10 18:09:23,2025-04-10 21:15:34,84,12,9.0,Falha de equipamento,Fonte de alimentação,Alta,8,,,Encerrado
928,2025-04-10 23:20:54,2025-04-11 02:06:24,2025-04-11 05:45:44,177,8,11.0,Atenuação alta,Emenda degradada,Alta,8,1.82,5.0,Encerrado
929,2025-04-10 23:33:12,2025-04-11 00:18:28,2025-04-11 05:07:47,16,4,7.0,Rompimento de fibra,Obra de terceiros,Crítica,4,5.6,34.5,Encerrado
930,2025-04-11 06:43:43,2025-04-11 07:28:14,2025-04-11 11:57:01,356,6,4.0,Rompimento de fibra,Roedores,Crítica,4,2.85,36.2,Encerrado
931,2025-04-11 11:19:31,2025-04-11 13:05:47,2025-04-11 13:20:58,26,10,11.0,Queda de energia,Bateria do nobreak,Crítica,4,,,Encerrado
932,2025-04-11 12:31:44,2025-04-11 12:36:46,2025-04-11 13:14:26,21,3,1.0,Atenuação alta,Curvatura excessiva,Alta,8,4.42,6.6,Encerrado
933,2025-04-11 13:56:00,2025-04-11 19:03:29,2025-04-11 22:26:05,222,5,16.0,Falha de equipamento,Fonte de alimentação,Média,24,,,Encerrado
934,2025-04-11 15:00:43,2025-04-12 08:17:04,2025-04-12 09:24:18,301,14,12.0,Atenuação alta,Curvatura excessiva,Baixa,48,5.43,6.1,Encerrado
935,2025-04-11 16:34:35,2025-04-11 16:45:05,2025-04-11 23:28:39,209,15,15.0,Rompimento de fibra,Obra de terceiros,Alta,8,4.1,28.7,Encerrado
936,2025-04-11 19:18:27,2025-04-11 21:34:07,2025-04-12 02:50:00,365,1,1.0,Atenuação alta,Umidade na caixa de emenda,Baixa,48,3.64,7.6,Encerrado
937,2025-04-11 20:25:32,2025-04-11 23:25:29,2025-04-12 00:12:48,363,6,13.0,Configuração,Erro de configuração,Média,24,,,Encerrado
938,2025-04-11 20:29:48,2025-04-11 20:57:19,2025-04-12 01:06:32,46,12,9.0,Rompimento de fibra,Queda de árvore,Crítica,4,4.24,35.9,Encerrado
939,2025-04-11 22:16:36,2025-04-12 00:35:32,2025-04-12 05:41:25,385,6,4.0,Rompimento de fibra,Roedores,Alta,8,2.7,36.3,Encerrado
940,2025-04-12 06:56:17,2025-04-12 08:38:51,2025-04-12 09:52:21,264,14,3.0,Queda de energia,Bateria do nobreak,Alta,8,,,Encerrado
941,2025-04-12 17:32:55,2025-04-12 21:11:06,2025-04-13 00:52:14,32,4,16.0,Furto/vandalismo de cabo,Furto de cabo,Crítica,4,5.73,30.9,Encerrado
942,2025-04-12 19:47:51,2025-04-12 20:40:58,2025-04-13 02:46:16,247,4,13.0,Rompimento de fibra,Acidente de trânsito (poste),Alta,8,2.52,31.1,Encerrado
943,2025-04-12 21:10:36,2025-04-13 10:53:32,2025-04-13 11:53:41,235,11,15.0,Queda de energia,Bateria do nobreak,Média,24,,,Encerrado
944,2025-04-12 22:07:14,2025-04-13 09:28:02,2025-04-13 10:27:24,141,14,12.0,Queda de energia,Disjuntor,Média,24,,,Encerrado
945,2025-04-12 23:29:06,2025-04-13 01:59:28,2025-04-13 03:23:38,315,1,4.0,Queda de energia,Disjuntor,Média,24,,,Encerrado
946,2025-04-13 01:41:00,2025-04-13 02:06:29,2025-04-13 08:50:07,79,8,5.0,Furto/vandalismo de cabo,Vandalismo,Crítica,4,1.32,36.0,Encerrado
947,2025-04-13 03:19:30,2025-04-13 12:45:59,2025-04-13 13:33:40,196,15,12.0,Queda de energia,Disjuntor,Média,24,,,Encerrado
948,2025-04-13 06:14:35,2025-04-13 15:59:01,2025-04-13 16:37:55,182,12,6.0,Queda de energia,Bateria do nobreak,Média,24,,,Encerrado
949,2025-04-13 08:49:51,2025-04-13 09:32:41,2025-04-13 16:03:26,26,10,14.0,Atenuação alta,Conector sujo,Crítica,4,8.94,8.2,Encerrado
950,2025-04-13 09:59:00,2025-04-13 10:53:37,2025-04-13 13:19:39,200,1,10.0,Rompimento de fibra,Acidente de trânsito (poste),Crítica,4,12.79,25.3,Encerrado
951,2025-04-13 14:39:39,2025-04-13 15:15:31,2025-04-13 17:59:35,27,4,1.0,Rompimento de fibra,Acidente de trânsito (poste),Crítica,4,3.62,27.9,Encerrado
952,2025-04-13 14:44:40,2025-04-13 16:37:45,2025-04-13 18:29:05,22,2,16.0,Rompimento de fibra,Acidente de trânsito (poste),Crítica,4,4.62,31.4,Encerrado
953,2025-04-13 16:23:19,,,61,15,,Atenuação alta,,Média,24,4.53,7.5,Cancelado
954,2025-04-13 18:03:25,2025-04-13 18:28:09,2025-04-13 19:13:52,265,15,6.0,Rompimento de fibra,Roedores,Crítica,4,2.57,19.7,Encerrado
955,2025-04-13 19:32:14,2025-04-13 23:15:43,2025-04-14 00:13:00,303,2,16.0,Falha de equipamento,Módulo óptico (SFP/QSFP),Alta,8,,,Encerrado
956,2025-04-14 02:53:10,2025-04-14 06:41:23,2025-04-14 12:06:51,372,14,9.0,Rompimento de fibra,Queda de árvore,Alta,8,1.74,37.9,Encerrado
957,2025-04-14 04:58:31,2025-04-14 06:29:13,2025-04-14 07:12:20,192,1,7.0,Configuração,Erro de configuração,Média,24,,,Encerrado
958,2025-04-14 14:50:40,2025-04-14 15:03:35,2025-04-14 21:32:32,94,8,14.0,Rompimento de fibra,Obra de terceiros,Crítica,4,3.32,32.7,Encerrado
959,2025-04-14 18:59:08,2025-04-14 21:37:20,2025-04-15 02:27:16,193,7,8.0,Rompimento de fibra,Obra de terceiros,Crítica,4,0.64,25.5,Encerrado
960,2025-04-14 19:37:29,2025-04-14 20:43:10,2025-04-14 21:24:36,392,1,16.0,Rompimento de fibra,Roedores,Crítica,4,3.76,21.1,Encerrado
961,2025-04-14 20:22:02,2025-04-14 21:50:48,2025-04-15 01:58:05,25,8,8.0,Falha de equipamento,Placa de interface,Crítica,4,,,Encerrado
962,2025-04-15 13:17:25,,,50,13,,Falha de equipamento,,Crítica,4,,,Cancelado
963,2025-04-15 20:05:04,2025-04-16 00:15:15,2025-04-16 04:17:03,386,15,6.0,Atenuação alta,Umidade na caixa de emenda,Média,24,3.69,3.6,Encerrado
964,2025-04-15 20:45:48,2025-04-15 22:50:45,2025-04-16 00:55:59,22,1,7.0,Furto/vandalismo de cabo,Vandalismo,Crítica,4,3.83,33.4,Encerrado
965,2025-04-15 22:09:28,2025-04-16 08:25:03,2025-04-16 10:00:45,246,10,11.0,Falha de equipamento,Módulo óptico (SFP/QSFP),Média,24,,,Encerrado
966,2025-04-16 01:14:21,2025-04-16 01:58:34,2025-04-16 07:16:33,132,3,7.0,Rompimento de fibra,Roedores,Crítica,4,4.59,24.9,Encerrado
967,2025-04-16 04:25:23,2025-04-16 06:20:54,2025-04-16 09:45:53,112,8,17.0,Atenuação alta,Emenda degradada,Crítica,4,5.64,1.9,Encerrado
968,2025-04-16 04:33:51,2025-04-16 18:44:33,2025-04-16 23:39:07,231,3,10.0,Atenuação alta,Emenda degradada,Baixa,48,2.43,8.3,Encerrado
969,2025-04-16 08:55:10,2025-04-16 09:55:38,2025-04-16 20:06:17,25,8,17.0,Rompimento de fibra,Obra de terceiros,Crítica,4,0.9,22.8,Encerrado
970,2025-04-16 09:05:45,2025-04-16 10:38:15,2025-04-16 11:54:01,68,10,5.0,Falha de equipamento,Fonte de alimentação,Crítica,4,,,Encerrado
971,2025-04-16 10:53:36,2025-04-16 11:36:24,2025-04-16 12:08:42,49,3,1.0,Queda de energia,Falta de energia da concessionária,Alta,8,,,Encerrado
972,2025-04-16 12:04:26,2025-04-16 14:06:04,2025-04-16 19:41:30,22,2,16.0,Atenuação alta,Umidade na caixa de emenda,Média,24,9.27,4.2,Encerrado
973,2025-04-16 18:10:05,2025-04-16 21:02:51,2025-04-16 22:54:13,356,6,16.0,Falha de equipamento,Placa de interface,Alta,8,,,Encerrado
974,2025-04-16 18:52:41,2025-04-16 20:11:36,2025-04-16 21:25:02,99,16,12.0,Atenuação alta,Umidade na caixa de emenda,Crítica,4,4.96,2.4,Encerrado
975,2025-04-16 21:04:44,2025-04-17 02:41:38,2025-04-17 05:59:43,249,3,4.0,Queda de energia,Disjuntor,Baixa,48,,,Encerrado
976,2025-04-16 23:12:10,2025-04-17 02:03:39,2025-04-17 06:02:40,228,10,17.0,Rompimento de fibra,Roedores,Alta,8,9.92,31.7,Encerrado
977,2025-04-17 02:12:47,2025-04-17 08:28:16,2025-04-17 11:55:35,212,7,2.0,Falha de equipamento,Fonte de alimentação,Média,24,,,Encerrado
978,2025-04-17 02:15:49,2025-04-18 14:09:09,2025-04-18 15:21:48,192,2,16.0,Configuração,Atualização de firmware,Baixa,48,,,Encerrado
979,2025-04-17 03:01:46,2025-04-17 04:40:29,2025-04-17 10:17:31,342,1,13.0,Falha de equipamento,Switch,Média,24,,,Encerrado
980,2025-04-17 03:34:27,2025-04-17 04:01:36,2025-04-17 09:05:51,61,14,6.0,Rompimento de fibra,Obra de terceiros,Crítica,4,2.06,36.7,Encerrado
981,2025-04-17 08:29:46,2025-04-17 09:52:27,2025-04-17 13:27:46,240,9,17.0,Rompimento de fibra,Roedores,Alta,8,13.43,29.3,Encerrado
982,2025-04-17 09:58:17,2025-04-17 11:21:22,2025-04-17 15:11:40,327,16,18.0,Rompimento de fibra,Acidente de trânsito (poste),Alta,8,11.04,35.3,Encerrado
983,2025-04-17 10:04:28,,,31,3,,Rompimento de fibra,,Crítica,4,4.08,35.9,Cancelado
984,2025-04-17 15:57:30,2025-04-17 18:34:48,2025-04-17 19:53:03,369,4,1.0,Falha de equipamento,Switch,Média,24,,,Encerrado
985,2025-04-17 17:10:39,,,221,16,,Falha de equipamento,,Média,24,,,Cancelado
986,2025-04-18 00:16:26,2025-04-18 01:55:16,2025-04-18 06:12:58,205,15,15.0,Atenuação alta,Emenda degradada,Alta,8,3.49,2.6,Encerrado
987,2025-04-18 03:58:53,2025-04-19 01:55:08,2025-04-19 04:44:49,276,13,3.0,Falha de equipamento,Placa de interface,Média,24,,,Encerrado
988,2025-04-18 04:54:16,2025-04-18 05:41:46,2025-04-18 10:03:26,342,1,13.0,Furto/vandalismo de cabo,Furto de cabo,Crítica,4,6.69,30.2,Encerrado
989,2025-04-18 07:51:14,2025-04-18 12:47:56,2025-04-18 15:29:19,159,6,4.0,Atenuação alta,Umidade na caixa de emenda,Baixa,48,1.67,7.2,Encerrado
990,2025-04-18 08:34:54,2025-04-18 10:47:43,2025-04-18 12:53:56,388,12,9.0,Rompimento de fibra,Roedores,Crítica,4,5.87,28.8,Encerrado
991,2025-04-18 09:01:32,2025-04-18 10:01:25,2025-04-18 15:06:56,41,12,15.0,Rompimento de fibra,Obra de terceiros,Crítica,4,2.78,20.5,Encerrado
992,2025-04-18 09:57:32,2025-04-18 14:51:18,2025-04-18 17:07:34,369,3,10.0,Atenuação alta,Conector sujo,Baixa,48,5.25,2.5,Encerrado
993,2025-04-18 10:41:34,2025-04-18 11:00:18,2025-04-18 16:14:03,78,13,15.0,Atenuação alta,Conector sujo,Alta,8,8.1,4.0,Encerrado
994,2025-04-18 12:06:31,2025-04-18 17:48:56,2025-04-18 19:10:46,266,9,17.0,Configuração,Erro de configuração,Baixa,48,,,Encerrado
995,2025-04-18 13:42:33,2025-04-18 14:22:08,2025-04-18 19:06:44,360,3,1.0,Furto/vandalismo de cabo,Furto de cabo,Alta,8,11.25,34.4,Encerrado
996,2025-04-18 14:46:30,2025-04-18 15:15:08,2025-04-19 01:21:14,92,5,4.0,Furto/vandalismo de cabo,Furto de cabo,Crítica,4,2.42,23.0,Encerrado
997,2025-04-18 16:18:13,2025-04-18 16:36:35,2025-04-18 18:15:51,79,9,2.0,Queda de energia,Disjuntor,Crítica,4,,,Encerrado
998,2025-04-18 17:36:25,2025-04-18 18:11:14,2025-04-18 20:12:49,103,3,13.0,Queda de energia,Falta de energia da concessionária,Crítica,4,,,Encerrado
999,2025-04-18 22:42:17,2025-04-19 18:46:01,2025-04-19 20:31:30,144,15,18.0,Falha de equipamento,Fonte de alimentação,Baixa,48,,,Encerrado
1000,2025-04-19 06:06:21,2025-04-19 07:24:17,2025-04-19 09:24:40,356,6,4.0,Rompimento de fibra,Queda de árvore,Alta,8,14.88,37.3,Encerrado
1001,2025-04-19 08:12:16,2025-04-19 12:55:59,2025-04-19 16:58:19,216,9,8.0,Atenuação alta,Emenda degradada,Média,24,6.28,2.7,Encerrado
1002,2025-04-19 11:29:16,2025-04-19 17:12:28,2025-04-19 20:56:30,348,11,12.0,Queda de energia,Bateria do nobreak,Média,24,,,Encerrado
1003,2025-04-19 16:19:47,2025-04-20 02:59:40,2025-04-20 04:18:05,118,4,10.0,Falha de equipamento,Placa de interface,Média,24,,,Encerrado
1004,2025-04-19 16:29:55,2025-04-19 17:40:57,2025-04-19 23:45:57,397,5,10.0,Rompimento de fibra,Obra de terceiros,Alta,8,1.99,28.3,Encerrado
1005,2025-04-19 17:28:25,2025-04-19 18:07:46,2025-04-19 22:43:51,274,14,6.0,Rompimento de fibra,Queda de árvore,Alta,8,3.94,19.6,Encerrado
1006,2025-04-19 17:29:29,2025-04-19 20:42:36,2025-04-19 21:27:10,202,15,18.0,Rompimento de fibra,Queda de árvore,Crítica,4,1.46,29.8,Encerrado
1007,2025-04-19 18:44:06,2025-04-19 19:29:41,2025-04-19 21:33:44,293,16,3.0,Atenuação alta,Umidade na caixa de emenda,Alta,8,2.06,6.5,Encerrado
1008,2025-04-19 21:24:04,2025-04-20 02:50:22,2025-04-20 06:04:20,7,6,16.0,Atenuação alta,Emenda degradada,Média,24,2.95,7.9,Encerrado
1009,2025-04-19 21:28:32,2025-04-20 06:14:42,2025-04-20 12:07:44,234,8,5.0,Atenuação alta,Conector sujo,Baixa,48,5.18,7.5,Encerrado
1010,2025-04-20 03:25:18,2025-04-20 04:30:01,2025-04-20 10:29:01,315,1,16.0,Rompimento de fibra,Obra de terceiros,Crítica,4,9.84,27.8,Encerrado
1011,2025-04-20 04:06:14,2025-04-20 04:31:43,2025-04-20 05:22:10,62,16,18.0,Furto/vandalismo de cabo,Vandalismo,Crítica,4,5.38,37.0,Encerrado
1012,2025-04-20 04:15:05,2025-04-20 06:40:22,2025-04-20 07:57:09,28,10,14.0,Queda de energia,Disjuntor,Média,24,,,Encerrado
1013,2025-04-20 04:35:10,2025-04-20 18:07:30,2025-04-20 18:39:04,112,8,5.0,Falha de equipamento,Placa de interface,Média,24,,,Encerrado
1014,2025-04-20 09:01:12,2025-04-20 09:37:55,2025-04-20 14:34:33,31,3,16.0,Rompimento de fibra,Obra de terceiros,Crítica,4,3.64,27.7,Encerrado
1015,2025-04-20 09:30:57,2025-04-20 21:58:02,2025-04-20 23:12:27,163,5,7.0,Queda de energia,Falta de energia da concessionária,Média,24,,,Encerrado
1016,2025-04-20 09:34:08,2025-04-20 15:46:58,2025-04-20 16:28:02,138,12,9.0,Falha de equipamento,Placa de interface,Média,24,,,Encerrado
1017,2025-04-20 19:16:22,2025-04-20 21:25:01,2025-04-21 02:06:10,36,7,8.0,Falha de equipamento,Placa de interface,Alta,8,,,Encerrado
1018,2025-04-20 22:38:14,2025-04-21 00:18:53,2025-04-21 03:02:11,36,7,17.0,Atenuação alta,Conector sujo,Alta,8,7.28,7.9,Encerrado
1019,2025-04-21 00:58:17,2025-04-21 04:31:32,2025-04-21 08:20:45,349,15,15.0,Atenuação alta,Conector sujo,Alta,8,2.35,8.8,Encerrado
1020,2025-04-21 03:58:06,2025-04-21 06:42:41,2025-04-21 13:22:35,363,6,4.0,Rompimento de fibra,Queda de árvore,Alta,8,1.59,34.7,Encerrado
1021,2025-04-21 08:51:26,2025-04-21 10:12:12,2025-04-21 13:33:38,95,10,11.0,Atenuação alta,Conector sujo,Alta,8,3.25,3.6,Encerrado
1022,2025-04-21 14:08:36,2025-04-21 14:35:10,2025-04-21 17:07:02,177,7,8.0,Rompimento de fibra,Acidente de trânsito (poste),Crítica,4,1.67,31.1,Encerrado
1023,2025-04-21 17:06:03,2025-04-22 06:01:22,2025-04-22 10:11:13,267,5,1.0,Falha de equipamento,Fonte de alimentação,Baixa,48,,,Encerrado
1024,2025-04-21 20:39:52,2025-04-22 11:37:03,2025-04-22 14:02:11,240,7,11.0,Falha de equipamento,Switch,Média,24,,,Encerrado
1025,2025-04-22 02:18:01,2025-04-22 19:54:14,2025-04-22 20:56:26,171,6,10.0,Atenuação alta,Conector sujo,Média,24,5.75,3.9,Encerrado
1026,2025-04-22 04:43:49,2025-04-22 08:09:22,2025-04-22 09:30:33,115,14,15.0,Queda de energia,Falta de energia da concessionária,Média,24,,,Encerrado
1027,2025-04-22 06:00:15,2025-04-22 08:52:55,2025-04-22 10:47:38,274,14,6.0,Queda de energia,Falta de energia da concessionária,Média,24,,,Encerrado
1028,2025-04-22 07:31:22,2025-04-22 14:35:16,2025-04-22 17:26:29,222,5,10.0,Falha de equipamento,Switch,Média,24,,,Encerrado
1029,2025-04-22 16:14:58,2025-04-23 00:54:33,2025-04-23 02:58:30,110,10,5.0,Atenuação alta,Umidade na caixa de emenda,Média,24,7.83,5.1,Encerrado
1030,2025-04-22 22:35:02,2025-04-23 01:36:07,2025-04-23 08:29:06,384,9,17.0,Rompimento de fibra,Roedores,Alta,8,4.75,22.4,Encerrado
1031,2025-04-22 23:41:36,2025-04-23 14:57:36,2025-04-23 15:53:29,223,13,3.0,Queda de energia,Disjuntor,Média,24,,,Encerrado
1032,2025-04-23 00:28:09,2025-04-24 02:40:21,2025-04-24 03:37:19,277,3,13.0,Queda de energia,Bateria do nobreak,Baixa,48,,,Encerrado
1033,2025-04-23 00:48:09,2025-04-23 03:06:05,2025-04-23 11:01:15,88,10,2.0,Atenuação alta,Emenda degradada,Crítica,4,2.56,2.4,Encerrado
1034,2025-04-23 02:09:18,2025-04-23 08:35:17,2025-04-23 10:10:35,216,7,2.0,Furto/vandalismo de cabo,Vandalismo,Alta,8,2.28,30.9,Encerrado
1035,2025-04-23 02:10:30,2025-04-23 02:30:16,2025-04-23 04:07:43,6,2,10.0,Queda de energia,Disjuntor,Crítica,4,,,Encerrado
1036,2025-04-23 04:22:28,,,191,9,,Furto/vandalismo de cabo,,Alta,8,4.6,38.7,Cancelado
1037,2025-04-23 04:55:22,2025-04-23 16:26:52,2025-04-23 16:42:24,135,2,10.0,Falha de equipamento,Fonte de alimentação,Baixa,48,,,Encerrado
1038,2025-04-23 07:08:47,2025-04-23 08:15:52,2025-04-23 10:19:11,194,3,1.0,Rompimento de fibra,Acidente de trânsito (poste),Alta,8,1.66,25.0,Encerrado
1039,2025-04-23 08:34:45,2025-04-23 09:14:47,2025-04-23 11:09:33,182,11,3.0,Rompimento de fibra,Roedores,Alta,8,5.9,35.7,Encerrado
1040,2025-04-23 12:00:27,2025-04-23 13:02:36,2025-04-23 16:49:22,388,12,12.0,Rompimento de fibra,Queda de árvore,Alta,8,7.66,33.1,Encerrado
1041,2025-04-23 15:56:11,2025-04-24 10:01:07,2025-04-24 10:59:00,388,11,18.0,Falha de equipamento,Switch,Baixa,48,,,Encerrado
1042,2025-04-23 16:03:50,2025-04-23 16:29:26,2025-04-23 20:44:03,173,11,9.0,Rompimento de fibra,Acidente de trânsito (poste),Crítica,4,0.65,39.5,Encerrado
1043,2025-04-23 16:22:08,2025-04-23 18:18:08,2025-04-23 19:37:21,329,13,3.0,Falha de equipamento,Switch,Média,24,,,Encerrado
1044,2025-04-24 09:15:54,2025-04-24 12:48:40,2025-04-24 15:05:26,252,5,13.0,Atenuação alta,Conector sujo,Alta,8,10.41,1.8,Encerrado
1045,2025-04-24 14:34:59,,,200,2,,Rompimento de fibra,,Alta,8,2.57,36.0,Cancelado
1046,2025-04-24 18:56:29,2025-04-24 19:31:50,2025-04-24 21:37:59,100,4,1.0,Configuração,Erro de configuração,Alta,8,,,Encerrado
1047,2025-04-24 21:05:31,2025-04-24 23:17:09,2025-04-25 01:50:36,122,14,18.0,Queda de energia,,Alta,8,,,Encerrado
1048,2025-04-24 21:46:59,2025-04-25 01:19:00,2025-04-25 02:08:35,93,6,16.0,Queda de energia,Disjuntor,Média,24,,,Encerrado
1049,2025-04-24 23:06:15,2025-04-25 00:27:47,2025-04-25 01:49:37,44,1,10.0,Falha de equipamento,Placa de interface,Alta,8,,,Encerrado
1050,2025-04-24 23:20:58,2025-04-25 00:31:07,2025-04-25 03:27:27,46,11,3.0,Rompimento de fibra,Obra de terceiros,Crítica,4,2.92,20.2,Encerrado
1051,2025-04-25 02:30:56,2025-04-25 03:36:18,2025-04-25 05:55:18,207,4,1.0,Rompimento de fibra,Queda de árvore,Alta,8,0.78,25.7,Encerrado
1052,2025-04-25 02:57:10,2025-04-25 15:56:11,2025-04-26 04:04:22,201,2,7.0,Atenuação alta,Curvatura excessiva,Média,24,7.25,7.1,Encerrado
1053,2025-04-25 03:00:31,2025-04-25 04:27:34,2025-04-25 06:20:01,228,10,8.0,Queda de energia,Bateria do nobreak,Média,24,,,Encerrado
1054,2025-04-25 04:15:22,2025-04-25 09:26:19,2025-04-25 13:23:48,133,3,16.0,Falha de equipamento,Fonte de alimentação,Média,24,,,Encerrado
1055,2025-04-25 07:59:59,2025-04-25 09:06:55,2025-04-25 09:43:24,235,12,3.0,Rompimento de fibra,Acidente de trânsito (poste),Crítica,4,0.94,32.3,Encerrado
1056,2025-04-25 09:46:54,2025-04-25 11:54:35,2025-04-25 16:41:02,333,11,18.0,Rompimento de fibra,Obra de terceiros,Alta,8,11.59,32.8,Encerrado
1057,2025-04-25 11:23:39,2025-04-25 12:45:38,2025-04-25 13:29:25,379,1,7.0,Configuração,Erro de configuração,Média,24,,,Encerrado
1058,2025-04-25 14:50:44,2025-04-25 15:51:41,2025-04-25 16:14:22,349,15,6.0,Falha de equipamento,Fonte de alimentação,Alta,8,,,Encerrado
1059,2025-04-25 15:23:28,2025-04-25 16:34:24,2025-04-25 17:38:01,277,4,7.0,Queda de energia,Bateria do nobreak,Alta,8,,,Encerrado
1060,2025-04-25 15:50:20,2025-04-25 16:56:03,2025-04-25 17:40:15,354,9,5.0,Queda de energia,Disjuntor,Alta,8,,,Encerrado
1061,2025-04-25 19:10:48,2025-04-25 20:19:20,2025-04-25 22:22:15,19,7,17.0,Configuração,Atualização de firmware,Alta,8,,,Encerrado
1062,2025-04-25 19:30:07,2025-04-25 20:22:29,2025-04-25 20:52:20,248,11,9.0,Configuração,Erro de configuração,Alta,8,,,Encerrado
1063,2025-04-25 21:18:03,2025-04-25 21:59:04,2025-04-26 02:00:31,385,6,4.0,Rompimento de fibra,Acidente de trânsito (poste),Alta,8,5.8,38.4,Encerrado
1064,2025-04-25 22:00:59,2025-04-25 22:16:34,2025-04-26 01:18:43,218,13,18.0,Rompimento de fibra,Queda de árvore,Crítica,4,1.64,39.3,Encerrado
1065,2025-04-25 22:45:17,2025-04-27 16:42:48,2025-04-27 21:34:29,321,16,18.0,Falha de equipamento,Switch,Baixa,48,,,Encerrado
1066,2025-04-25 23:08:30,2025-04-26 00:37:27,2025-04-26 02:47:50,150,8,17.0,Furto/vandalismo de cabo,Furto de cabo,Crítica,4,2.69,18.9,Encerrado
1067,2025-04-26 05:39:12,2025-04-26 11:46:13,2025-04-26 12:22:53,175,4,13.0,Queda de energia,,Média,24,,,Encerrado
1068,2025-04-26 12:53:42,2025-04-26 13:51:20,2025-04-26 18:21:44,392,2,7.0,Furto/vandalismo de cabo,Vandalismo,Crítica,4,4.12,24.3,Encerrado
1069,2025-04-26 15:12:04,2025-04-26 16:01:24,2025-04-26 19:53:58,22,2,1.0,Rompimento de fibra,Acidente de trânsito (poste),Crítica,4,8.05,38.9,Encerrado
1070,2025-04-26 18:01:53,2025-04-26 20:14:45,2025-04-27 03:10:35,177,9,17.0,Furto/vandalismo de cabo,Furto de cabo,Crítica,4,2.58,35.1,Encerrado
1071,2025-04-26 18:53:31,2025-04-26 22:16:11,2025-04-27 00:16:32,328,15,3.0,Falha de equipamento,Placa de interface,Média,24,,,Encerrado
1072,2025-04-26 19:44:16,2025-04-27 06:58:40,2025-04-27 08:57:43,155,11,12.0,Falha de equipamento,Fonte de alimentação,Média,24,,,Encerrado
1073,2025-04-26 19:55:28,2025-04-26 20:57:39,2025-04-27 00:29:20,300,10,11.0,Rompimento de fibra,Roedores,Crítica,4,4.48,26.5,Encerrado
1074,2025-04-26 21:15:19,2025-04-26 22:12:05,2025-04-26 22:40:10,100,4,7.0,Falha de equipamento,Switch,Crítica,4,,,Encerrado
1075,2025-04-26 21:22:54,2025-04-26 21:35:08,2025-04-26 22:03:53,225,13,12.0,Atenuação alta,Emenda degradada,Média,24,5.97,4.4,Encerrado
1076,2025-04-26 22:13:23,2025-04-26 23:15:17,2025-04-26 23:59:50,69,16,12.0,Rompimento de fibra,Acidente de trânsito (poste),Crítica,4,4.05,28.8,Encerrado
1077,2025-04-27 03:21:44,,,131,10,,Furto/vandalismo de cabo,,Alta,8,5.11,22.3,Cancelado
1078,2025-04-27 13:28:00,2025-04-27 16:25:25,2025-04-27 17:44:24,80,14,18.0,Falha de equipamento,Fonte de alimentação,Alta,8,,,Encerrado
1079,2025-04-27 16:51:26,2025-04-27 19:02:23,2025-04-27 21:34:19,188,15,15.0,Rompimento de fibra,Roedores,Alta,8,3.26,25.2,Encerrado
1080,2025-04-27 18:52:15,2025-04-27 19:52:35,2025-04-27 22:32:24,52,12,18.0,Falha de equipamento,Fonte de alimentação,Crítica,4,,,Encerrado
1081,2025-04-28 01:14:53,2025-04-28 02:31:30,2025-04-28 03:41:31,321,16,18.0,Rompimento de fibra,Queda de árvore,Alta,8,10.22,35.6,Encerrado
1082,2025-04-28 01:23:43,2025-04-28 02:49:26,2025-04-28 04:25:12,25,8,17.0,Falha de equipamento,Placa de interface,Alta,8,,,Encerrado
1083,2025-04-28 05:05:27,2025-04-28 12:44:37,2025-04-28 17:11:33,79,7,8.0,Atenuação alta,Curvatura excessiva,Média,24,2.54,5.0,Encerrado
1084,2025-04-28 09:36:21,2025-04-28 12:39:01,2025-04-28 17:52:05,389,3,4.0,Furto/vandalismo de cabo,Furto de cabo,Alta,8,5.2,35.7,Encerrado
1085,2025-04-28 10:05:33,2025-04-28 13:56:33,2025-04-28 16:18:27,224,4,7.0,Falha de equipamento,Fonte de alimentação,Média,24,,,Encerrado
1086,2025-04-28 10:09:31,2025-04-28 10:15:49,2025-04-28 11:46:09,360,3,7.0,Rompimento de fibra,Acidente de trânsito (poste),Crítica,4,3.27,24.5,Encerrado
1087,2025-04-28 14:28:39,2025-04-28 17:21:11,2025-04-28 20:41:12,392,2,7.0,Atenuação alta,Conector sujo,Alta,8,0.86,4.6,Encerrado
1088,2025-04-28 15:17:58,2025-04-28 16:13:29,2025-04-28 19:59:51,43,11,15.0,Rompimento de fibra,Acidente de trânsito (poste),Crítica,4,6.28,23.1,Encerrado
1089,2025-04-28 16:31:58,2025-04-28 16:55:09,2025-04-28 17:56:18,16,3,7.0,Falha de equipamento,Módulo óptico (SFP/QSFP),Crítica,4,,,Encerrado
1090,2025-04-28 17:06:32,2025-04-28 18:28:37,2025-04-29 00:38:13,365,1,13.0,Atenuação alta,Umidade na caixa de emenda,Alta,8,8.93,2.8,Encerrado
1091,2025-04-29 02:05:21,2025-04-29 05:20:31,2025-04-29 07:40:52,148,2,7.0,Falha de equipamento,Módulo óptico (SFP/QSFP),Média,24,,,Encerrado
1092,2025-04-29 02:58:42,2025-04-29 04:24:55,2025-04-29 05:46:50,193,9,17.0,Queda de energia,Bateria do nobreak,Média,24,,,Encerrado
1093,2025-04-29 03:44:10,2025-04-29 10:41:07,2025-04-29 11:11:57,335,1,13.0,Queda de energia,Falta de energia da concessionária,Baixa,48,,,Encerrado
1094,2025-04-29 04:15:12,2025-04-29 05:35:38,2025-04-29 06:18:54,71,11,12.0,Rompimento de fibra,Roedores,Crítica,4,4.87,22.2,Encerrado
1095,2025-04-29 06:37:26,2025-04-29 10:43:33,2025-04-29 13:05:18,240,8,11.0,Atenuação alta,Conector sujo,Média,24,12.4,5.5,Encerrado
1096,2025-04-29 07:50:54,2025-04-29 09:05:33,2025-04-29 12:22:10,373,16,6.0,Atenuação alta,Umidade na caixa de emenda,Alta,8,0.85,7.4,Encerrado
1097,2025-04-29 11:24:10,2025-04-29 15:53:17,2025-04-29 20:28:39,34,16,15.0,Falha de equipamento,Módulo óptico (SFP/QSFP),Média,24,,,Encerrado
1098,2025-04-29 12:30:29,2025-04-30 09:56:45,2025-04-30 15:23:47,378,10,17.0,Atenuação alta,Umidade na caixa de emenda,Baixa,48,4.0,7.6,Encerrado
1099,2025-04-29 12:52:23,2025-04-29 17:05:09,2025-04-29 20:07:40,365,2,1.0,Furto/vandalismo de cabo,Furto de cabo,Alta,8,3.1,18.8,Encerrado
1100,2025-04-29 13:03:33,2025-04-29 15:02:29,2025-04-29 16:26:39,331,14,3.0,Rompimento de fibra,Queda de árvore,Alta,8,10.0,23.5,Encerrado
1101,2025-04-29 14:07:21,2025-04-29 14:30:47,2025-04-29 18:05:01,8,9,8.0,Rompimento de fibra,Acidente de trânsito (poste),Crítica,4,9.13,33.7,Encerrado
1102,2025-04-29 14:32:59,2025-04-29 15:29:28,2025-04-29 16:34:20,22,1,4.0,Atenuação alta,Umidade na caixa de emenda,Alta,8,2.22,3.6,Encerrado
1103,2025-04-29 16:41:18,2025-04-29 17:51:44,2025-04-29 22:06:16,12,15,3.0,Furto/vandalismo de cabo,Vandalismo,Crítica,4,6.93,39.5,Encerrado
1104,2025-04-29 17:54:57,2025-04-29 19:33:04,2025-04-30 01:21:40,384,7,11.0,Rompimento de fibra,Acidente de trânsito (poste),Alta,8,11.6,33.6,Encerrado
1105,2025-04-29 20:12:57,2025-04-29 20:49:51,2025-04-29 21:39:06,14,1,13.0,Falha de equipamento,Módulo óptico (SFP/QSFP),Crítica,4,,,Encerrado
1106,2025-04-29 22:25:59,2025-04-30 00:48:27,2025-04-30 03:46:46,182,11,3.0,Atenuação alta,Conector sujo,Alta,8,0.86,2.9,Encerrado
1107,2025-04-29 22:31:24,2025-04-30 07:56:54,2025-04-30 09:24:46,313,1,13.0,Falha de equipamento,Fonte de alimentação,Média,24,,,Encerrado
1108,2025-04-30 00:00:45,2025-04-30 16:54:33,2025-04-30 17:39:23,232,10,11.0,Configuração,Erro de configuração,Média,24,,,Encerrado
1109,2025-04-30 00:15:17,2025-04-30 21:34:18,2025-04-30 22:15:07,129,4,4.0,Falha de equipamento,Placa de interface,Baixa,48,,,Encerrado
1110,2025-04-30 02:18:10,2025-04-30 09:20:57,2025-04-30 12:18:12,135,1,4.0,Queda de energia,Bateria do nobreak,Baixa,48,,,Encerrado
1111,2025-04-30 04:23:19,2025-04-30 05:54:47,2025-04-30 07:50:08,140,16,3.0,Queda de energia,Disjuntor,Alta,8,,,Encerrado
1112,2025-04-30 11:19:51,2025-04-30 11:40:45,2025-04-30 17:43:08,44,1,10.0,Atenuação alta,Umidade na caixa de emenda,Média,24,8.6,3.9,Encerrado
1113,2025-04-30 11:22:02,2025-04-30 12:33:19,2025-04-30 16:06:13,200,1,10.0,Rompimento de fibra,Obra de terceiros,Alta,8,1.78,36.4,Encerrado
1114,2025-04-30 13:02:48,2025-04-30 13:32:03,2025-04-30 16:39:49,351,14,15.0,Rompimento de fibra,Acidente de trânsito (poste),Crítica,4,5.52,19.0,Encerrado
1115,2025-04-30 20:34:00,2025-05-01 00:36:18,2025-05-01 10:23:06,398,8,5.0,Atenuação alta,Curvatura excessiva,Média,24,5.32,8.0,Encerrado
1116,2025-04-30 22:38:42,2025-04-30 23:26:45,2025-05-01 02:59:27,83,5,1.0,Rompimento de fibra,Acidente de trânsito (poste),Crítica,4,1.48,33.5,Encerrado
1117,2025-05-01 02:14:06,2025-05-01 23:45:54,2025-05-02 04:29:26,368,5,10.0,Atenuação alta,Conector sujo,Baixa,48,3.28,2.9,Encerrado
1118,2025-05-01 08:24:40,2025-05-01 08:59:26,2025-05-01 13:19:44,40,15,12.0,Furto/vandalismo de cabo,Furto de cabo,Crítica,4,2.8,38.9,Encerrado
1119,2025-05-01 12:10:55,2025-05-01 15:05:08,2025-05-01 21:10:22,200,2,7.0,Atenuação alta,Curvatura excessiva,Média,24,0.8,6.0,Encerrado
1120,2025-05-01 14:59:54,2025-05-01 15:36:40,2025-05-01 20:07:44,47,7,11.0,Rompimento de fibra,Obra de terceiros,Crítica,4,6.1,37.3,Encerrado
1121,2025-05-01 17:21:04,2025-05-01 17:28:15,2025-05-02 00:43:31,337,14,3.0,Furto/vandalismo de cabo,Furto de cabo,Crítica,4,3.22,33.2,Encerrado
1122,2025-05-01 20:50:25,2025-05-01 21:00:48,2025-05-01 22:00:45,82,6,16.0,Rompimento de fibra,Queda de árvore,Crítica,4,4.43,37.8,Encerrado
1123,2025-05-02 00:55:32,2025-05-02 01:46:58,2025-05-02 05:45:44,314,2,4.0,Rompimento de fibra,Acidente de trânsito (poste),Crítica,4,10.79,25.8,Encerrado
1124,2025-05-02 03:03:24,2025-05-02 04:58:08,2025-05-02 05:26:23,54,11,18.0,Queda de energia,Falta de energia da concessionária,Alta,8,,,Encerrado
1125,2025-05-02 03:52:20,2025-05-02 04:14:52,2025-05-02 05:58:08,146,14,18.0,Furto/vandalismo de cabo,Vandalismo,Crítica,4,0.33,33.1,Encerrado
1126,2025-05-02 08:55:03,2025-05-02 09:15:49,2025-05-02 15:21:25,57,16,18.0,Rompimento de fibra,Roedores,Crítica,4,2.0,28.1,Encerrado
1127,2025-05-02 10:51:35,2025-05-02 20:29:35,2025-05-02 23:09:24,141,14,3.0,Atenuação alta,Umidade na caixa de emenda,Média,24,1.72,5.2,Encerrado
1128,2025-05-02 12:12:02,2025-05-02 12:31:49,2025-05-03 00:09:21,337,14,12.0,Rompimento de fibra,Acidente de trânsito (poste),Crítica,4,3.01,29.7,Encerrado
1129,2025-05-02 13:47:21,2025-05-03 00:19:14,2025-05-03 01:31:53,398,8,8.0,Queda de energia,Bateria do nobreak,Média,24,,,Encerrado
1130,2025-05-02 17:01:22,2025-05-02 23:11:48,2025-05-03 00:16:01,218,13,3.0,Atenuação alta,Conector sujo,Média,24,2.68,6.1,Encerrado
1131,2025-05-02 17:14:42,2025-05-02 18:09:40,2025-05-02 20:17:34,350,5,16.0,Queda de energia,Falta de energia da concessionária,Média,24,,,Encerrado
1132,2025-05-02 20:47:36,2025-05-03 00:57:40,2025-05-03 01:26:43,309,16,3.0,Atenuação alta,Conector sujo,Média,24,3.96,4.9,Encerrado
1133,2025-05-02 20:58:53,2025-05-04 14:08:24,2025-05-04 15:35:21,298,5,16.0,Atenuação alta,Curvatura excessiva,Baixa,48,5.78,4.3,Encerrado
1134,2025-05-03 00:14:27,2025-05-03 02:08:36,2025-05-03 05:32:42,168,2,4.0,Falha de equipamento,Placa de interface,Baixa,48,,,Encerrado
1135,2025-05-03 01:59:29,2025-05-03 02:46:32,2025-05-03 06:00:07,27,4,13.0,Rompimento de fibra,Roedores,Crítica,4,8.41,34.6,Encerrado
1136,2025-05-03 08:59:59,2025-05-03 12:20:38,2025-05-03 13:02:05,250,7,8.0,Queda de energia,Disjuntor,Média,24,,,Encerrado
1137,2025-05-03 09:55:01,2025-05-03 10:09:54,2025-05-03 13:48:09,354,7,8.0,Rompimento de fibra,Obra de terceiros,Crítica,4,11.95,24.1,Encerrado
1138,2025-05-03 10:15:37,2025-05-03 13:44:12,2025-05-03 20:28:32,28,10,5.0,Atenuação alta,Curvatura excessiva,Alta,8,8.68,8.6,Encerrado
1139,2025-05-03 16:34:16,2025-05-04 06:22:49,2025-05-04 08:20:54,348,11,18.0,Falha de equipamento,Switch,Baixa,48,,,Encerrado
1140,2025-05-03 18:07:05,2025-05-03 21:54:47,2025-05-04 01:49:35,15,6,4.0,Atenuação alta,Umidade na caixa de emenda,Alta,8,1.1,7.3,Encerrado
1141,2025-05-03 20:45:47,2025-05-04 01:14:40,2025-05-04 03:12:23,140,16,6.0,Rompimento de fibra,Queda de árvore,Alta,8,2.71,20.0,Encerrado
1142,2025-05-04 00:23:40,2025-05-04 02:54:21,2025-05-04 06:32:39,237,10,14.0,Falha de equipamento,Fonte de alimentação,Alta,8,,,Encerrado
1143,2025-05-04 05:03:44,2025-05-04 05:46:48,2025-05-04 11:09:49,313,1,4.0,Rompimento de fibra,Obra de terceiros,Crítica,4,2.54,27.6,Encerrado
1144,2025-05-04 08:18:42,2025-05-05 01:49:21,2025-05-05 03:54:44,41,11,3.0,Falha de equipamento,Fonte de alimentação,Média,24,,,Encerrado
1145,2025-05-04 08:37:32,2025-05-04 10:20:05,2025-05-04 15:20:33,274,14,15.0,Atenuação alta,Conector sujo,Média,24,6.04,2.8,Encerrado
1146,2025-05-04 13:31:34,2025-05-05 01:49:23,2025-05-05 02:21:49,277,3,1.0,Configuração,Erro de configuração,Média,24,,,Encerrado
1147,2025-05-04 14:27:17,2025-05-04 16:13:09,2025-05-04 18:57:36,113,10,5.0,Rompimento de fibra,Obra de terceiros,Crítica,4,4.27,21.0,Encerrado
1148,2025-05-04 15:34:39,2025-05-05 22:15:58,2025-05-05 22:45:44,250,8,17.0,Configuração,Erro de configuração,Baixa,48,,,Encerrado
1149,2025-05-04 15:54:14,2025-05-04 16:26:47,2025-05-04 17:08:09,1,4,7.0,Falha de equipamento,Switch,Alta,8,,,Encerrado
1150,2025-05-04 17:06:27,2025-05-04 20:23:30,2025-05-04 23:36:41,104,4,16.0,Falha de equipamento,Placa de interface,Média,24,,,Encerrado
1151,2025-05-04 18:01:30,,,101,1,,Atenuação alta,,Alta,8,1.05,8.8,Cancelado
1152,2025-05-04 20:48:39,2025-05-04 21:49:33,2025-05-05 02:02:51,173,12,15.0,Atenuação alta,Umidade na caixa de emenda,Alta,8,4.4,8.4,Encerrado
1153,2025-05-04 22:26:29,2025-05-05 00:42:54,2025-05-05 02:57:53,182,11,12.0,Rompimento de fibra,Obra de terceiros,Alta,8,1.01,19.9,Encerrado
1154,2025-05-05 00:18:44,2025-05-05 22:52:48,2025-05-06 00:45:59,305,13,3.0,Queda de energia,Bateria do nobreak,Baixa,48,,,Encerrado
1155,2025-05-05 05:42:40,2025-05-05 06:06:23,2025-05-05 07:11:43,66,9,2.0,Queda de energia,Falta de energia da concessionária,Alta,8,,,Encerrado
1156,2025-05-05 07:35:31,2025-05-05 08:23:45,2025-05-05 12:25:11,293,16,9.0,Rompimento de fibra,Acidente de trânsito (poste),Crítica,4,4.9,22.8,Encerrado
1157,2025-05-05 11:31:02,2025-05-06 02:14:03,2025-05-06 05:46:45,337,14,9.0,Atenuação alta,Conector sujo,Baixa,48,9.41,7.0,Encerrado
1158,2025-05-05 12:58:15,2025-05-05 13:52:01,2025-05-05 15:24:52,116,12,18.0,Atenuação alta,Emenda degradada,Alta,8,6.94,5.8,Encerrado
1159,2025-05-05 14:36:55,2025-05-05 23:41:11,2025-05-06 02:42:51,250,9,11.0,Falha de equipamento,Switch,Média,24,,,Encerrado
1160,2025-05-05 17:48:02,2025-05-05 18:10:19,2025-05-05 20:05:05,314,1,13.0,Rompimento de fibra,Obra de terceiros,Crítica,4,1.22,25.2,Encerrado
1161,2025-05-05 22:13:32,2025-05-06 07:15:48,2025-05-06 11:07:29,82,6,4.0,Falha de equipamento,Fonte de alimentação,Alta,8,,,Encerrado
1162,2025-05-06 02:03:27,2025-05-06 04:30:56,2025-05-06 05:03:48,102,16,15.0,Configuração,Erro de configuração,Alta,8,,,Encerrado
1163,2025-05-06 04:03:59,2025-05-06 09:18:36,2025-05-06 10:04:19,259,10,5.0,Configuração,Erro de configuração,Baixa,48,,,Encerrado
1164,2025-05-06 08:02:14,2025-05-06 10:27:29,2025-05-06 11:24:53,216,9,14.0,Rompimento de fibra,Obra de terceiros,Alta,8,9.64,37.7,Encerrado
1165,2025-05-06 11:35:12,2025-05-06 14:51:58,2025-05-06 17:26:37,302,11,9.0,Atenuação alta,Emenda degradada,Alta,8,6.36,5.0,Encerrado
1166,2025-05-06 12:24:50,2025-05-06 12:39:35,2025-05-06 15:07:23,120,11,3.0,Rompimento de fibra,Queda de árvore,Crítica,4,2.31,35.0,Encerrado
1167,2025-05-06 12:36:35,2025-05-06 13:00:38,2025-05-06 15:09:12,91,4,10.0,Falha de equipamento,Placa de interface,Crítica,4,,,Encerrado
1168,2025-05-06 14:05:52,2025-05-06 14:19:27,2025-05-06 17:13:39,218,13,12.0,Rompimento de fibra,Queda de árvore,Crítica,4,1.09,34.2,Encerrado
1169,2025-05-06 14:07:50,2025-05-06 20:11:59,2025-05-06 21:41:43,112,9,5.0,Queda de energia,Falta de energia da concessionária,Média,24,,,Encerrado
1170,2025-05-06 15:03:56,2025-05-06 16:58:42,2025-05-06 20:27:07,293,16,6.0,Falha de equipamento,Placa de interface,Média,24,,,Encerrado
1171,2025-05-06 20:21:51,2025-05-06 21:14:12,2025-05-07 00:20:49,137,5,10.0,Furto/vandalismo de cabo,Vandalismo,Crítica,4,8.35,29.8,Encerrado
1172,2025-05-06 20:23:31,2025-05-06 20:41:00,2025-05-06 21:03:53,267,5,1.0,Rompimento de fibra,Roedores,Crítica,4,5.36,23.3,Encerrado
1173,2025-05-07 06:29:40,2025-05-07 10:53:56,2025-05-07 12:14:32,238,15,9.0,Rompimento de fibra,Queda de árvore,Alta,8,5.07,36.6,Encerrado
1174,2025-05-07 07:16:26,2025-05-07 07:37:35,2025-05-07 10:22:43,73,2,10.0,Rompimento de fibra,Acidente de trânsito (poste),Crítica,4,8.56,21.2,Encerrado
1175,2025-05-07 07:16:32,2025-05-07 08:35:15,2025-05-07 10:45:13,326,5,4.0,Falha de equipamento,Módulo óptico (SFP/QSFP),Média,24,,,Encerrado
1176,2025-05-07 07:25:45,2025-05-07 15:08:47,2025-05-07 20:52:02,333,12,3.0,Falha de equipamento,Módulo óptico (SFP/QSFP),Média,24,,,Encerrado
1177,2025-05-07 09:15:43,2025-05-08 01:58:49,2025-05-08 03:20:40,350,5,10.0,Atenuação alta,Curvatura excessiva,Baixa,48,1.97,6.6,Encerrado
1178,2025-05-07 13:11:36,2025-05-07 14:41:14,2025-05-07 19:10:19,70,16,3.0,Falha de equipamento,Módulo óptico (SFP/QSFP),Alta,8,,,Encerrado
1179,2025-05-07 14:34:42,2025-05-07 16:35:06,2025-05-07 18:40:39,212,8,17.0,Rompimento de fibra,Queda de árvore,Alta,8,1.32,25.8,Encerrado
1180,2025-05-07 15:22:54,2025-05-07 22:09:49,2025-05-08 00:26:54,203,10,11.0,Queda de energia,Bateria do nobreak,Média,24,,,Encerrado
1181,2025-05-07 16:12:33,2025-05-07 17:30:17,2025-05-07 17:56:38,16,3,13.0,Queda de energia,Disjuntor,Alta,8,,,Encerrado
1182,2025-05-07 16:34:23,2025-05-07 16:44:23,2025-05-07 20:58:47,195,6,7.0,Rompimento de fibra,Queda de árvore,Alta,8,0.71,38.6,Encerrado
1183,2025-05-07 18:36:45,2025-05-07 18:44:54,2025-05-07 22:32:19,130,13,15.0,Rompimento de fibra,Roedores,Alta,8,2.48,31.7,Encerrado
1184,2025-05-07 19:33:31,2025-05-08 22:07:16,2025-05-09 00:54:58,212,7,17.0,Falha de equipamento,Switch,Baixa,48,,,Encerrado
1185,2025-05-07 20:18:01,2025-05-07 22:15:00,2025-05-07 23:44:34,14,1,1.0,Queda de energia,Disjuntor,Alta,8,,,Encerrado
1186,2025-05-07 20:54:53,2025-05-08 00:55:15,2025-05-08 02:19:20,167,1,1.0,Falha de equipamento,Placa de interface,Média,24,,,Encerrado
1187,2025-05-07 22:07:19,2025-05-08 07:20:41,2025-05-08 14:57:37,390,13,3.0,Atenuação alta,Conector sujo,Média,24,2.07,4.4,Encerrado
1188,2025-05-07 22:52:41,2025-05-07 23:13:27,2025-05-08 08:30:29,125,13,9.0,Rompimento de fibra,Obra de terceiros,Crítica,4,8.55,31.8,Encerrado
1189,2025-05-07 23:35:52,2025-05-08 01:28:22,2025-05-08 02:33:51,189,16,15.0,Furto/vandalismo de cabo,Furto de cabo,Crítica,4,2.98,21.8,Encerrado
1190,2025-05-08 03:29:59,2025-05-08 05:44:45,2025-05-08 07:38:00,16,3,16.0,Rompimento de fibra,Queda de árvore,Crítica,4,2.47,33.2,Encerrado
1191,2025-05-08 03:36:51,2025-05-08 14:36:40,2025-05-08 15:10:00,314,2,13.0,Queda de energia,Falta de energia da concessionária,Média,24,,,Encerrado
1192,2025-05-08 04:37:05,2025-05-08 06:23:50,2025-05-08 07:07:42,195,6,4.0,Queda de energia,Bateria do nobreak,Alta,8,,,Encerrado
1193,2025-05-08 05:10:37,2025-05-09 13:00:44,2025-05-09 13:37:23,351,14,6.0,Configuração,Erro de configuração,Baixa,48,,,Encerrado
1194,2025-05-08 13:51:54,2025-05-08 15:46:35,2025-05-08 16:33:56,123,6,7.0,Queda de energia,Disjuntor,Alta,8,,,Encerrado
1195,2025-05-08 15:19:53,2025-05-08 22:07:31,2025-05-08 23:33:17,168,1,1.0,Queda de energia,Bateria do nobreak,Média,24,,,Encerrado
1196,2025-05-09 02:42:05,2025-05-09 03:15:20,2025-05-09 05:27:35,240,8,11.0,Furto/vandalismo de cabo,Vandalismo,Crítica,4,4.58,26.4,Encerrado
1197,2025-05-09 11:12:18,2025-05-09 12:42:53,2025-05-09 13:14:56,333,11,12.0,Configuração,Erro de configuração,Alta,8,,,Encerrado
1198,2025-05-09 13:15:14,2025-05-09 13:31:57,2025-05-09 16:09:47,38,16,15.0,Falha de equipamento,Fonte de alimentação,Crítica,4,,,Encerrado
1199,2025-05-09 14:34:32,2025-05-09 14:54:05,2025-05-10 00:36:59,388,12,12.0,Rompimento de fibra,Obra de terceiros,Crítica,4,7.14,35.3,Encerrado
1200,2025-05-09 16:55:19,2025-05-09 18:11:09,2025-05-09 19:19:55,100,3,1.0,Queda de energia,Bateria do nobreak,Alta,8,,,Encerrado
1201,2025-05-09 19:11:13,2025-05-09 22:01:13,2025-05-09 22:58:39,274,15,12.0,Configuração,Atualização de firmware,Média,24,,,Encerrado
1202,2025-05-09 19:25:54,2025-05-10 02:51:25,2025-05-10 05:57:28,127,16,12.0,Atenuação alta,Curvatura excessiva,Média,24,3.0,6.3,Encerrado
1203,2025-05-09 20:05:47,2025-05-09 20:24:47,2025-05-09 21:54:33,354,7,2.0,Atenuação alta,Emenda degradada,Alta,8,6.02,4.6,Encerrado
1204,2025-05-09 20:22:08,2025-05-09 20:38:56,2025-05-09 22:43:58,258,10,5.0,Rompimento de fibra,Queda de árvore,Crítica,4,13.1,30.5,Encerrado
1205,2025-05-09 21:14:42,2025-05-09 23:54:53,2025-05-10 04:37:40,36,7,5.0,Atenuação alta,Curvatura excessiva,Média,24,5.44,2.2,Encerrado
1206,2025-05-10 04:26:26,2025-05-10 15:02:06,2025-05-10 15:55:24,154,10,8.0,Queda de energia,Falta de energia da concessionária,Média,24,,,Encerrado
1207,2025-05-10 05:58:24,2025-05-10 07:15:42,2025-05-10 10:21:31,22,1,4.0,Rompimento de fibra,Acidente de trânsito (poste),Crítica,4,5.44,36.9,Encerrado
1208,2025-05-10 07:57:01,2025-05-10 08:55:32,2025-05-10 12:35:28,315,1,4.0,Rompimento de fibra,Acidente de trânsito (poste),Crítica,4,3.2,21.6,Encerrado
1209,2025-05-10 12:00:51,2025-05-10 15:06:38,2025-05-10 18:12:05,118,4,13.0,Falha de equipamento,Placa de interface,Alta,8,,,Encerrado
1210,2025-05-10 16:33:17,2025-05-11 03:05:24,2025-05-11 05:16:10,384,7,2.0,Falha de equipamento,Módulo óptico (SFP/QSFP),Média,24,,,Encerrado
1211,2025-05-10 20:06:41,2025-05-10 20:18:03,2025-05-10 21:46:49,305,13,18.0,Rompimento de fibra,Acidente de trânsito (poste),Crítica,4,2.94,18.9,Encerrado
1212,2025-05-10 22:56:47,2025-05-11 00:15:45,2025-05-11 02:58:47,173,12,18.0,Rompimento de fibra,Acidente de trânsito (poste),Alta,8,3.58,35.5,Encerrado
1213,2025-05-11 00:35:45,2025-05-11 02:11:50,2025-05-11 07:20:39,374,6,10.0,Atenuação alta,Conector sujo,Alta,8,4.3,5.6,Encerrado
1214,2025-05-11 00:47:47,2025-05-11 02:27:25,2025-05-11 04:52:53,51,6,1.0,Rompimento de fibra,Obra de terceiros,Crítica,4,3.18,37.7,Encerrado
1215,2025-05-11 03:07:20,2025-05-11 04:18:18,2025-05-11 07:59:18,74,5,13.0,Falha de equipamento,Módulo óptico (SFP/QSFP),Alta,8,,,Encerrado
1216,2025-05-11 03:24:52,2025-05-11 05:48:44,2025-05-11 06:34:18,231,4,16.0,Furto/vandalismo de cabo,Vandalismo,Crítica,4,5.95,18.8,Encerrado
1217,2025-05-11 05:59:54,2025-05-11 07:14:25,2025-05-11 14:30:44,287,16,6.0,Furto/vandalismo de cabo,Furto de cabo,Crítica,4,10.87,25.4,Encerrado
1218,2025-05-11 07:19:15,2025-05-11 07:49:06,2025-05-11 12:46:26,66,9,5.0,Rompimento de fibra,Acidente de trânsito (poste),Crítica,4,6.02,21.3,Encerrado
1219,2025-05-11 15:27:09,2025-05-11 17:34:23,2025-05-11 19:00:44,60,1,13.0,Queda de energia,Disjuntor,Alta,8,,,Encerrado
1220,2025-05-11 16:05:46,2025-05-11 17:53:57,2025-05-11 18:55:31,73,2,4.0,Configuração,Atualização de firmware,Alta,8,,,Encerrado
1221,2025-05-11 16:32:36,2025-05-12 02:48:52,2025-05-12 04:48:04,223,13,12.0,Falha de equipamento,Placa de interface,Média,24,,,Encerrado
1222,2025-05-11 19:38:29,2025-05-11 20:12:53,2025-05-11 21:40:52,51,6,1.0,Queda de energia,Disjuntor,Crítica,4,,,Encerrado
1223,2025-05-11 20:23:22,2025-05-11 21:47:06,2025-05-11 22:36:12,41,12,18.0,Configuração,Atualização de firmware,Alta,8,,,Encerrado
1224,2025-05-11 22:26:45,,,201,2,,Falha de equipamento,,Média,24,,,Cancelado
1225,2025-05-12 01:03:15,2025-05-12 04:36:22,2025-05-12 05:48:20,249,4,10.0,Falha de equipamento,Placa de interface,Média,24,,,Encerrado
1226,2025-05-12 03:28:56,2025-05-12 07:37:09,2025-05-12 11:17:26,228,10,17.0,Furto/vandalismo de cabo,Vandalismo,Alta,8,4.99,25.8,Encerrado
1227,2025-05-12 05:43:05,2025-05-12 21:58:09,2025-05-12 22:57:27,191,8,5.0,Falha de equipamento,Placa de interface,Média,24,,,Encerrado
1228,2025-05-12 08:24:48,,,349,14,,Rompimento de fibra,,Alta,8,5.77,38.5,Cancelado
1229,2025-05-12 09:07:09,2025-05-12 09:21:56,2025-05-12 13:44:02,88,10,11.0,Rompimento de fibra,Obra de terceiros,Crítica,4,1.03,24.5,Encerrado
1230,2025-05-12 10:03:35,2025-05-12 17:30:51,2025-05-12 18:03:55,216,9,11.0,Queda de energia,Bateria do nobreak,Média,24,,,Encerrado
1231,2025-05-12 13:54:50,2025-05-12 14:59:21,2025-05-12 17:53:46,194,3,10.0,Falha de equipamento,Placa de interface,Média,24,,,Encerrado
1232,2025-05-12 15:35:51,2025-05-12 19:48:33,2025-05-12 22:45:52,310,5,4.0,Falha de equipamento,Módulo óptico (SFP/QSFP),Média,24,,,Encerrado
1233,2025-05-12 17:44:14,2025-05-12 20:27:25,2025-05-12 21:30:23,212,8,2.0,Queda de energia,Bateria do nobreak,Média,24,,,Encerrado
1234,2025-05-12 19:22:24,2025-05-12 21:44:41,2025-05-12 23:48:51,242,12,15.0,Rompimento de fibra,Queda de árvore,Alta,8,6.64,27.1,Encerrado
1235,2025-05-12 21:19:18,2025-05-12 23:53:05,2025-05-13 00:41:50,271,5,4.0,Configuração,Erro de configuração,Média,24,,,Encerrado
1236,2025-05-12 21:56:01,2025-05-12 22:54:49,2025-05-13 03:13:44,25,9,5.0,Rompimento de fibra,Acidente de trânsito (poste),Crítica,4,6.55,34.6,Encerrado
1237,2025-05-13 02:56:03,2025-05-13 11:22:45,2025-05-13 13:22:46,128,16,3.0,Falha de equipamento,Módulo óptico (SFP/QSFP),Média,24,,,Encerrado
1238,2025-05-13 10:34:28,2025-05-13 13:29:11,2025-05-13 14:39:28,48,6,4.0,Configuração,Atualização de firmware,Alta,8,,,Encerrado
1239,2025-05-13 12:16:25,2025-05-13 12:25:01,2025-05-13 13:56:52,58,12,18.0,Falha de equipamento,Switch,Alta,8,,,Encerrado
1240,2025-05-13 13:54:18,2025-05-13 21:02:48,2025-05-13 21:22:35,277,4,13.0,Falha de equipamento,Fonte de alimentação,Média,24,,,Encerrado
1241,2025-05-13 15:26:28,,,400,5,,Falha de equipamento,,Alta,8,,,Cancelado
1242,2025-05-13 15:48:37,,,157,12,,Furto/vandalismo de cabo,,Alta,8,5.17,30.0,Cancelado
1243,2025-05-13 17:55:57,2025-05-13 18:29:29,2025-05-13 20:39:26,31,3,10.0,Atenuação alta,Conector sujo,Alta,8,4.37,3.6,Encerrado
1244,2025-05-14 03:08:58,2025-05-14 07:41:50,2025-05-14 14:53:58,266,9,8.0,Atenuação alta,Emenda degradada,Média,24,8.81,8.2,Encerrado
1245,2025-05-14 03:32:44,2025-05-14 07:34:45,2025-05-14 09:37:22,177,9,8.0,Furto/vandalismo de cabo,Furto de cabo,Alta,8,5.42,30.0,Encerrado
1246,2025-05-14 03:50:14,2025-05-14 04:25:50,2025-05-14 05:12:13,79,9,2.0,Configuração,Atualização de firmware,Crítica,4,,,Encerrado
1247,2025-05-14 08:15:55,2025-05-14 09:49:11,2025-05-14 12:04:37,94,8,2.0,Furto/vandalismo de cabo,Furto de cabo,Crítica,4,0.98,27.2,Encerrado
1248,2025-05-14 08:59:10,2025-05-14 10:13:25,2025-05-14 15:54:56,350,5,7.0,Rompimento de fibra,Roedores,Crítica,4,2.23,33.8,Encerrado
1249,2025-05-14 10:24:04,2025-05-14 10:41:06,2025-05-14 13:56:55,257,16,6.0,Rompimento de fibra,,Alta,8,2.04,38.3,Encerrado
1250,2025-05-14 13:25:53,2025-05-14 14:03:11,2025-05-14 15:55:13,160,2,16.0,Rompimento de fibra,Roedores,Crítica,4,3.75,24.3,Encerrado
1251,2025-05-14 19:26:11,2025-05-14 20:51:56,2025-05-14 21:58:14,44,1,10.0,Queda de energia,Falta de energia da concessionária,Alta,8,,,Encerrado
1252,2025-05-14 19:33:55,2025-05-15 04:53:50,2025-05-15 06:05:41,279,5,10.0,Atenuação alta,Emenda degradada,Baixa,48,4.86,1.7,Encerrado
1253,2025-05-15 03:58:49,2025-05-15 13:48:33,2025-05-15 14:07:45,123,6,16.0,Configuração,Atualização de firmware,Média,24,,,Encerrado
1254,2025-05-15 05:14:50,2025-05-15 07:30:53,2025-05-15 11:01:15,398,7,14.0,Atenuação alta,Conector sujo,Média,24,4.55,5.4,Encerrado
1255,2025-05-15 05:59:45,2025-05-15 10:21:05,2025-05-15 15:44:44,352,2,13.0,Atenuação alta,Conector sujo,Baixa,48,1.32,3.2,Encerrado
1256,2025-05-15 13:13:46,2025-05-15 21:01:39,2025-05-15 22:57:08,217,10,5.0,Queda de energia,Bateria do nobreak,Baixa,48,,,Encerrado
1257,2025-05-15 15:18:54,2025-05-15 16:42:03,2025-05-15 22:27:23,41,11,15.0,Falha de equipamento,Placa de interface,Crítica,4,,,Encerrado
1258,2025-05-15 18:20:36,2025-05-15 19:21:49,2025-05-15 20:55:39,84,12,3.0,Falha de equipamento,Módulo óptico (SFP/QSFP),Crítica,4,,,Encerrado
1259,2025-05-15 19:02:05,2025-05-16 02:15:42,2025-05-16 03:17:15,374,6,1.0,Falha de equipamento,Switch,Média,24,,,Encerrado
1260,2025-05-15 19:43:27,2025-05-15 21:15:13,2025-05-15 22:50:14,28,10,2.0,Atenuação alta,Umidade na caixa de emenda,Alta,8,3.16,4.7,Encerrado
1261,2025-05-15 20:00:24,2025-05-15 20:33:17,2025-05-15 21:36:13,61,14,12.0,Falha de equipamento,Módulo óptico (SFP/QSFP),Crítica,4,,,Encerrado
1262,2025-05-15 21:01:53,2025-05-15 23:31:33,2025-05-16 04:34:03,220,6,16.0,Rompimento de fibra,Queda de árvore,Alta,8,2.06,25.9,Encerrado
1263,2025-05-15 21:31:51,2025-05-15 22:38:28,2025-05-15 23:38:14,324,12,3.0,Configuração,Atualização de firmware,Alta,8,,,Encerrado
1264,2025-05-15 22:38:11,2025-05-16 00:37:00,2025-05-16 03:15:38,315,1,13.0,Rompimento de fibra,Acidente de trânsito (poste),Alta,8,2.31,20.5,Encerrado
1265,2025-05-15 23:12:49,2025-05-15 23:56:29,2025-05-16 00:54:34,101,1,1.0,Queda de energia,Bateria do nobreak,Alta,8,,,Encerrado
1266,2025-05-16 05:21:29,2025-05-16 20:14:40,2025-05-16 20:53:29,315,2,13.0,Atenuação alta,Umidade na caixa de emenda,Média,24,4.61,5.6,Encerrado
1267,2025-05-16 05:26:35,2025-05-16 05:51:57,2025-05-16 06:37:06,32,3,10.0,Atenuação alta,Emenda degradada,Crítica,4,8.77,2.7,Encerrado
1268,2025-05-16 05:50:33,2025-05-16 07:21:51,2025-05-16 08:58:28,104,4,13.0,Queda de energia,Falta de energia da concessionária,Alta,8,,,Encerrado
1269,2025-05-16 05:52:45,2025-05-16 10:54:07,2025-05-16 11:53:32,82,6,4.0,Queda de energia,Disjuntor,Alta,8,,,Encerrado
1270,2025-05-16 07:07:23,2025-05-16 12:39:48,2025-05-16 16:24:58,149,9,17.0,Atenuação alta,Conector sujo,Média,24,6.81,2.8,Encerrado
1271,2025-05-16 08:23:19,2025-05-16 13:32:50,2025-05-16 15:24:45,314,2,16.0,Queda de energia,Bateria do nobreak,Baixa,48,,,Encerrado
1272,2025-05-16 08:51:45,2025-05-16 09:25:12,2025-05-16 11:10:56,72,9,11.0,Queda de energia,Falta de energia da concessionária,Crítica,4,,,Encerrado
1273,2025-05-16 11:45:04,2025-05-16 13:07:54,2025-05-16 16:32:19,314,2,16.0,Falha de equipamento,Placa de interface,Média,24,,,Encerrado
1274,2025-05-16 16:25:40,2025-05-16 18:39:56,2025-05-16 20:20:39,192,1,4.0,Rompimento de fibra,Queda de árvore,Alta,8,2.84,34.4,Encerrado
1275,2025-05-16 20:14:44,2025-05-16 22:09:49,2025-05-16 23:27:17,71,12,6.0,Queda de energia,Bateria do nobreak,Alta,8,,,Encerrado
1276,2025-05-16 23:06:48,2025-05-17 01:12:53,2025-05-17 05:06:35,399,15,15.0,Furto/vandalismo de cabo,Furto de cabo,Crítica,4,3.87,27.0,Encerrado
1277,2025-05-16 23:19:21,2025-05-18 18:49:48,2025-05-18 22:28:03,207,4,1.0,Queda de energia,Disjuntor,Baixa,48,,,Encerrado
1278,2025-05-17 01:07:39,2025-05-17 01:29:07,2025-05-17 03:57:32,79,9,11.0,Furto/vandalismo de cabo,Vandalismo,Crítica,4,1.94,26.4,Encerrado
1279,2025-05-17 01:28:14,2025-05-17 02:02:20,2025-05-17 06:07:50,50,13,3.0,Falha de equipamento,Fonte de alimentação,Crítica,4,,,Encerrado
1280,2025-05-17 03:20:58,2025-05-18 10:24:49,2025-05-18 13:02:32,193,8,5.0,Configuração,Atualização de firmware,Baixa,48,,,Encerrado
1281,2025-05-17 04:56:30,2025-05-17 06:03:50,2025-05-17 09:53:24,89,8,11.0,Atenuação alta,Conector sujo,Crítica,4,3.63,4.3,Encerrado
1282,2025-05-17 11:19:36,2025-05-17 15:15:40,2025-05-18 06:30:24,8,7,14.0,Atenuação alta,Curvatura excessiva,Alta,8,6.69,3.7,Encerrado
1283,2025-05-17 11:34:08,2025-05-17 12:18:00,2025-05-17 13:30:10,381,9,2.0,Falha de equipamento,Módulo óptico (SFP/QSFP),Alta,8,,,Encerrado
1284,2025-05-17 12:18:54,2025-05-17 21:03:41,2025-05-18 01:31:42,236,10,11.0,Falha de equipamento,Fonte de alimentação,Média,24,,,Encerrado
1285,2025-05-17 12:46:23,2025-05-18 13:53:57,2025-05-18 15:23:48,179,14,6.0,Atenuação alta,Emenda degradada,Baixa,48,3.73,7.3,Encerrado
1286,2025-05-17 20:39:32,2025-05-18 09:26:11,2025-05-18 12:03:12,195,6,7.0,Queda de energia,Bateria do nobreak,Média,24,,,Encerrado
1287,2025-05-17 21:57:33,2025-05-18 00:15:45,2025-05-18 01:32:49,36,7,2.0,Configuração,Erro de configuração,Alta,8,,,Encerrado
1288,2025-05-18 02:48:31,2025-05-18 07:18:05,2025-05-18 09:07:51,98,2,10.0,Rompimento de fibra,Queda de árvore,Crítica,4,0.96,27.8,Encerrado
1289,2025-05-18 03:13:23,2025-05-18 06:17:00,2025-05-18 08:42:55,249,3,7.0,Rompimento de fibra,Obra de terceiros,Alta,8,4.88,34.1,Encerrado
1290,2025-05-18 04:26:13,2025-05-18 04:59:11,2025-05-18 07:30:28,4,5,16.0,Atenuação alta,Emenda degradada,Crítica,4,5.89,2.1,Encerrado
1291,2025-05-18 04:44:50,2025-05-18 04:54:53,2025-05-18 11:41:38,70,16,15.0,Furto/vandalismo de cabo,Vandalismo,Crítica,4,6.98,30.4,Encerrado
1292,2025-05-18 08:57:01,2025-05-18 09:40:16,2025-05-18 10:54:36,203,10,8.0,Queda de energia,Falta de energia da concessionária,Média,24,,,Encerrado
1293,2025-05-18 09:48:23,2025-05-18 11:03:06,2025-05-18 14:08:04,60,2,13.0,Atenuação alta,Curvatura excessiva,Alta,8,4.01,1.7,Encerrado
1294,2025-05-18 11:14:30,2025-05-18 20:40:38,2025-05-19 00:02:28,171,6,16.0,Falha de equipamento,Switch,Baixa,48,,,Encerrado
1295,2025-05-18 12:10:33,2025-05-18 13:23:19,2025-05-18 16:41:43,354,8,14.0,Furto/vandalismo de cabo,Furto de cabo,Alta,8,3.84,34.1,Encerrado
1296,2025-05-18 17:42:05,2025-05-18 19:21:31,2025-05-18 19:27:12,308,6,1.0,Configuração,Erro de configuração,Alta,8,,,Encerrado
1297,2025-05-18 17:45:54,2025-05-19 04:06:30,2025-05-19 05:22:31,225,13,6.0,Queda de energia,Bateria do nobreak,Média,24,,,Encerrado
1298,2025-05-18 18:20:28,2025-05-19 16:32:36,2025-05-19 21:09:35,374,6,13.0,Atenuação alta,Umidade na caixa de emenda,Média,24,2.89,6.4,Encerrado
1299,2025-05-18 18:28:50,2025-05-18 19:15:00,2025-05-18 21:42:53,158,5,16.0,Rompimento de fibra,Acidente de trânsito (poste),Alta,8,17.12,23.1,Encerrado
1300,2025-05-18 19:28:14,2025-05-19 00:27:09,2025-05-19 05:40:00,229,13,3.0,Rompimento de fibra,Acidente de trânsito (poste),Alta,8,3.03,35.1,Encerrado
1301,2025-05-19 01:12:22,2025-05-19 13:10:43,2025-05-19 15:00:25,353,1,10.0,Queda de energia,Bateria do nobreak,Média,24,,,Encerrado
1302,2025-05-19 02:05:24,2025-05-19 02:53:59,2025-05-19 04:24:35,89,9,5.0,Configuração,Atualização de firmware,Alta,8,,,Encerrado
1303,2025-05-19 04:31:46,2025-05-19 10:02:08,2025-05-19 13:51:52,325,3,7.0,Atenuação alta,Emenda degradada,Baixa,48,2.56,5.9,Encerrado
1304,2025-05-19 09:11:33,2025-05-19 09:14:58,2025-05-19 11:58:09,3,15,9.0,Falha de equipamento,Fonte de alimentação,Alta,8,,,Encerrado
1305,2025-05-19 12:31:21,2025-05-19 14:41:58,2025-05-19 19:06:30,175,4,13.0,Falha de equipamento,Switch,Baixa,48,,,Encerrado
1306,2025-05-19 12:48:51,2025-05-19 14:24:31,2025-05-19 16:37:44,182,12,6.0,Atenuação alta,Conector sujo,Alta,8,2.51,4.0,Encerrado
1307,2025-05-19 14:52:05,2025-05-19 15:19:54,2025-05-19 16:33:29,104,3,13.0,Falha de equipamento,Fonte de alimentação,Alta,8,,,Encerrado
1308,2025-05-19 15:37:27,2025-05-19 16:47:12,2025-05-19 19:07:28,166,13,6.0,Atenuação alta,Curvatura excessiva,Média,24,3.66,7.1,Encerrado
1309,2025-05-19 20:24:13,2025-05-19 23:19:20,2025-05-20 03:42:41,25,7,8.0,Queda de energia,Falta de energia da concessionária,Alta,8,,,Encerrado
1310,2025-05-20 03:27:17,2025-05-20 04:07:36,2025-05-20 06:49:49,197,5,10.0,Rompimento de fibra,,Alta,8,3.08,33.6,Encerrado
1311,2025-05-20 03:53:54,2025-05-20 05:35:52,2025-05-20 07:33:05,177,8,5.0,Furto/vandalismo de cabo,Furto de cabo,Crítica,4,9.04,32.7,Encerrado
1312,2025-05-20 06:53:52,2025-05-20 10:18:18,2025-05-20 16:37:31,147,5,7.0,Rompimento de fibra,Queda de árvore,Alta,8,1.2,26.8,Encerrado
1313,2025-05-20 07:45:35,2025-05-20 10:01:24,2025-05-20 10:13:50,363,6,1.0,Queda de energia,Disjuntor,Alta,8,,,Encerrado
1314,2025-05-20 10:16:31,2025-05-20 11:07:52,2025-05-20 18:48:26,177,9,11.0,Rompimento de fibra,Obra de terceiros,Crítica,4,6.3,20.3,Encerrado
1315,2025-05-20 11:12:19,2025-05-21 02:58:32,2025-05-21 08:45:23,180,5,13.0,Atenuação alta,Curvatura excessiva,Média,24,1.28,5.4,Encerrado
1316,2025-05-20 12:42:17,2025-05-20 22:14:47,2025-05-20 23:27:45,221,16,6.0,Falha de equipamento,Switch,Baixa,48,,,Encerrado
1317,2025-05-20 12:45:29,,,337,15,,Falha de equipamento,,Baixa,48,,,Cancelado
1318,2025-05-20 12:51:25,2025-05-20 15:14:18,2025-05-20 17:14:44,66,9,17.0,Configuração,Erro de configuração,Alta,8,,,Encerrado
1319,2025-05-20 13:40:19,2025-05-20 14:32:42,2025-05-20 17:11:45,126,15,9.0,Falha de equipamento,Fonte de alimentação,Alta,8,,,Encerrado
1320,2025-05-20 19:51:20,2025-05-21 01:33:21,2025-05-21 02:13:56,205,15,3.0,Queda de energia,Bateria do nobreak,Média,24,,,Encerrado
1321,2025-05-20 20:18:16,2025-05-20 23:53:59,2025-05-21 03:36:28,212,7,14.0,Rompimento de fibra,Acidente de trânsito (poste),Alta,8,3.35,33.8,Encerrado
1322,2025-05-20 23:24:51,2025-05-21 02:43:07,2025-05-21 07:43:22,123,6,1.0,Rompimento de fibra,Acidente de trânsito (poste),Alta,8,7.07,20.6,Encerrado
1323,2025-05-21 03:07:17,2025-05-21 04:38:01,2025-05-21 09:15:59,354,8,2.0,Furto/vandalismo de cabo,Furto de cabo,Alta,8,0.7,26.3,Encerrado
1324,2025-05-21 06:24:12,2025-05-21 08:31:28,2025-05-21 10:19:17,315,1,13.0,Queda de energia,Bateria do nobreak,Média,24,,,Encerrado
1325,2025-05-21 17:00:27,2025-05-21 17:39:32,2025-05-21 18:17:42,208,15,9.0,Configuração,Atualização de firmware,Média,24,,,Encerrado
1326,2025-05-21 21:38:03,2025-05-21 21:49:40,2025-05-22 04:15:04,37,2,1.0,Rompimento de fibra,Obra de terceiros,Crítica,4,2.03,21.6,Encerrado
1327,2025-05-21 23:50:51,2025-05-22 03:16:57,2025-05-22 04:18:10,338,15,15.0,Configuração,Erro de configuração,Média,24,,,Encerrado
1328,2025-05-22 01:12:17,2025-05-22 11:29:27,2025-05-22 11:59:28,374,6,16.0,Queda de energia,Bateria do nobreak,Média,24,,,Encerrado
1329,2025-05-22 03:12:54,2025-05-22 07:28:00,2025-05-22 11:58:49,241,16,9.0,Falha de equipamento,Módulo óptico (SFP/QSFP),Média,24,,,Encerrado
1330,2025-05-22 03:29:59,2025-05-22 03:44:57,2025-05-22 10:49:05,235,12,12.0,Furto/vandalismo de cabo,Vandalismo,Alta,8,0.78,28.8,Encerrado
1331,2025-05-22 06:20:24,2025-05-23 00:21:32,2025-05-23 02:40:56,194,4,7.0,Falha de equipamento,Fonte de alimentação,Média,24,,,Encerrado
1332,2025-05-22 06:22:09,2025-05-22 09:40:35,2025-05-22 11:55:58,191,7,5.0,Atenuação alta,Conector sujo,Alta,8,14.18,6.5,Encerrado
1333,2025-05-22 11:44:23,2025-05-22 13:08:20,2025-05-22 16:23:16,132,4,10.0,Rompimento de fibra,Queda de árvore,Alta,8,7.36,21.0,Encerrado
1334,2025-05-22 16:05:24,2025-05-22 17:58:11,2025-05-22 19:58:10,155,12,3.0,Atenuação alta,Conector sujo,Alta,8,4.61,3.8,Encerrado
1335,2025-05-22 18:56:27,2025-05-22 19:11:01,2025-05-22 20:33:40,372,14,15.0,Queda de energia,Bateria do nobreak,Alta,8,,,Encerrado
1336,2025-05-22 20:55:34,2025-05-22 21:27:16,2025-05-23 02:06:42,215,10,11.0,Rompimento de fibra,Acidente de trânsito (poste),Crítica,4,1.67,26.8,Encerrado
1337,2025-05-22 22:06:53,2025-05-22 22:49:36,2025-05-22 23:44:02,239,5,10.0,Atenuação alta,Curvatura excessiva,Alta,8,1.46,5.7,Encerrado
1338,2025-05-23 03:15:41,2025-05-24 01:02:41,2025-05-24 03:07:58,158,5,1.0,Atenuação alta,Conector sujo,Média,24,2.38,2.1,Encerrado
1339,2025-05-23 03:39:45,2025-05-23 09:18:08,2025-05-23 11:18:36,160,1,4.0,Queda de energia,Bateria do nobreak,Média,24,,,Encerrado
1340,2025-05-23 04:27:04,2025-05-24 03:17:11,2025-05-24 06:03:42,348,12,18.0,Falha de equipamento,Fonte de alimentação,Baixa,48,,,Encerrado
1341,2025-05-23 09:08:59,2025-05-23 09:31:36,2025-05-23 16:17:13,14,2,4.0,Rompimento de fibra,Obra de terceiros,Crítica,4,7.31,29.7,Encerrado
1342,2025-05-23 14:26:47,2025-05-23 15:13:48,2025-05-23 20:52:02,208,15,18.0,Furto/vandalismo de cabo,Furto de cabo,Alta,8,3.58,30.5,Encerrado
1343,2025-05-23 19:14:43,2025-05-23 20:09:20,2025-05-24 00:55:03,167,1,13.0,Rompimento de fibra,Obra de terceiros,Crítica,4,3.42,37.4,Encerrado
1344,2025-05-23 20:40:24,2025-05-24 01:19:36,2025-05-24 02:17:45,370,2,10.0,Configuração,Atualização de firmware,Média,24,,,Encerrado
1345,2025-05-24 01:59:04,2025-05-24 02:23:27,2025-05-24 04:19:47,118,3,1.0,Atenuação alta,Conector sujo,Crítica,4,1.42,6.3,Encerrado
1346,2025-05-24 03:29:16,2025-05-24 04:06:56,2025-05-24 10:52:09,144,14,15.0,Furto/vandalismo de cabo,Furto de cabo,Crítica,4,0.66,32.9,Encerrado
1347,2025-05-24 17:01:25,2025-05-25 12:21:10,2025-05-25 21:32:11,381,7,8.0,Atenuação alta,Conector sujo,Baixa,48,3.54,5.0,Encerrado
1348,2025-05-25 00:02:18,2025-05-25 00:41:18,2025-05-25 02:45:05,128,16,12.0,Furto/vandalismo de cabo,Vandalismo,Alta,8,2.88,22.1,Encerrado
1349,2025-05-25 01:35:15,2025-05-25 03:26:16,2025-05-25 05:05:01,390,13,9.0,Rompimento de fibra,Roedores,Crítica,4,11.08,35.6,Encerrado
1350,2025-05-25 03:13:38,2025-05-25 05:08:13,2025-05-25 08:04:50,216,9,8.0,Furto/vandalismo de cabo,Furto de cabo,Crítica,4,8.04,18.7,Encerrado
1351,2025-05-25 04:18:59,2025-05-25 13:37:25,2025-05-25 15:15:10,120,11,9.0,Queda de energia,Falta de energia da concessionária,Média,24,,,Encerrado
1352,2025-05-25 08:25:36,2025-05-25 09:38:01,2025-05-25 10:59:47,46,11,3.0,Queda de energia,Bateria do nobreak,Crítica,4,,,Encerrado
1353,2025-05-25 08:43:12,2025-05-25 13:34:01,2025-05-25 16:46:42,381,9,17.0,Falha de equipamento,Módulo óptico (SFP/QSFP),Média,24,,,Encerrado
1354,2025-05-25 11:27:10,2025-05-25 16:09:05,2025-05-25 17:06:23,174,2,7.0,Configuração,Atualização de firmware,Alta,8,,,Encerrado
1355,2025-05-25 20:26:52,2025-05-26 14:13:49,2025-05-26 17:04:39,123,6,16.0,Atenuação alta,Curvatura excessiva,Média,24,12.8,4.4,Encerrado
1356,2025-05-25 21:54:32,2025-05-26 05:25:25,2025-05-26 08:06:42,23,11,3.0,Queda de energia,Disjuntor,Alta,8,,,Encerrado
1357,2025-05-26 02:29:45,2025-05-26 05:31:23,2025-05-26 07:09:02,35,6,1.0,Falha de equipamento,Módulo óptico (SFP/QSFP),Alta,8,,,Encerrado
1358,2025-05-26 03:44:53,2025-05-26 15:27:44,2025-05-26 16:10:23,238,14,15.0,Configuração,Atualização de firmware,Média,24,,,Encerrado
1359,2025-05-26 05:06:22,2025-05-26 12:12:38,2025-05-26 15:33:21,369,4,1.0,Atenuação alta,Emenda degradada,Média,24,1.66,4.2,Encerrado
1360,2025-05-26 06:23:45,2025-05-26 07:04:31,2025-05-26 08:06:24,272,16,6.0,Queda de energia,Bateria do nobreak,Alta,8,,,Encerrado
1361,2025-05-26 07:46:34,2025-05-26 08:03:03,2025-05-26 14:02:27,238,14,3.0,Rompimento de fibra,Acidente de trânsito (poste),Alta,8,6.7,37.6,Encerrado
1362,2025-05-26 08:44:41,2025-05-26 09:37:18,2025-05-26 11:43:03,57,16,12.0,Rompimento de fibra,Queda de árvore,Crítica,4,3.76,27.6,Encerrado
1363,2025-05-26 12:06:42,2025-05-27 06:10:49,2025-05-27 08:08:56,398,7,14.0,Falha de equipamento,Switch,Baixa,48,,,Encerrado
1364,2025-05-26 17:03:15,2025-05-26 17:44:52,2025-05-26 23:44:22,177,8,8.0,Rompimento de fibra,Roedores,Crítica,4,2.53,18.7,Encerrado
1365,2025-05-26 17:51:47,2025-05-26 18:23:01,2025-05-26 20:07:21,45,13,6.0,Rompimento de fibra,Roedores,Crítica,4,2.5,39.1,Encerrado
1366,2025-05-26 17:56:21,2025-05-26 19:42:32,2025-05-26 20:57:50,47,8,2.0,Configuração,Atualização de firmware,Média,24,,,Encerrado
1367,2025-05-26 19:35:53,2025-05-26 19:53:31,2025-05-27 03:40:28,68,10,17.0,Rompimento de fibra,Queda de árvore,Crítica,4,8.53,19.8,Encerrado
1368,2025-05-26 21:38:47,2025-05-26 22:19:16,2025-05-26 23:17:22,253,7,5.0,Atenuação alta,Conector sujo,Alta,8,5.55,7.2,Encerrado
1369,2025-05-26 23:05:19,2025-05-27 00:06:16,2025-05-27 03:12:35,40,15,12.0,Rompimento de fibra,Obra de terceiros,Crítica,4,11.83,21.0,Encerrado
1370,2025-05-26 23:17:14,2025-05-27 05:39:15,2025-05-27 08:15:16,269,15,3.0,Falha de equipamento,Fonte de alimentação,Baixa,48,,,Encerrado
1371,2025-05-27 03:19:18,2025-05-27 05:38:56,2025-05-27 07:18:53,207,3,16.0,Queda de energia,Falta de energia da concessionária,Média,24,,,Encerrado
1372,2025-05-27 04:59:18,2025-05-27 06:05:10,2025-05-27 14:16:41,138,12,3.0,Rompimento de fibra,Obra de terceiros,Crítica,4,3.88,23.5,Encerrado
1373,2025-05-27 11:43:29,2025-05-28 08:09:02,2025-05-28 09:24:40,392,1,7.0,Falha de equipamento,Switch,Baixa,48,,,Encerrado
1374,2025-05-27 12:01:27,2025-05-27 14:00:42,2025-05-27 17:11:42,188,15,6.0,Queda de energia,Falta de energia da concessionária,Baixa,48,,,Encerrado
1375,2025-05-27 12:29:26,2025-05-27 14:54:21,2025-05-27 16:56:02,247,4,16.0,Queda de energia,Disjuntor,Média,24,,,Encerrado
1376,2025-05-27 16:14:24,2025-05-28 05:42:10,2025-05-28 08:03:40,379,2,1.0,Queda de energia,Bateria do nobreak,Baixa,48,,,Encerrado
1377,2025-05-27 17:06:30,2025-05-27 23:44:58,2025-05-28 01:13:14,22,2,1.0,Configuração,Atualização de firmware,Média,24,,,Encerrado
1378,2025-05-27 18:22:28,2025-05-27 18:35:03,2025-05-27 19:05:28,89,7,5.0,Queda de energia,Bateria do nobreak,Crítica,4,,,Encerrado
1379,2025-05-27 20:37:48,2025-05-27 22:58:15,2025-05-28 01:19:03,313,2,13.0,Configuração,Atualização de firmware,Alta,8,,,Encerrado
1380,2025-05-27 22:46:29,2025-05-27 23:17:51,2025-05-28 00:57:05,94,8,14.0,Atenuação alta,Conector sujo,Crítica,4,2.58,5.5,Encerrado
1381,2025-05-27 23:10:29,2025-05-28 04:59:25,2025-05-28 10:57:41,324,12,12.0,Falha de equipamento,Switch,Média,24,,,Encerrado
1382,2025-05-28 02:54:11,2025-05-28 14:32:33,2025-05-28 16:28:21,224,3,10.0,Queda de energia,Falta de energia da concessionária,Média,24,,,Encerrado
1383,2025-05-28 03:37:43,2025-05-28 04:29:45,2025-05-28 07:49:36,216,7,14.0,Rompimento de fibra,Acidente de trânsito (poste),Crítica,4,8.95,18.8,Encerrado
1384,2025-05-28 05:14:44,2025-05-28 06:43:32,2025-05-28 11:32:30,362,16,18.0,Rompimento de fibra,Roedores,Alta,8,3.74,20.7,Encerrado
1385,2025-05-28 07:20:16,2025-05-28 11:16:16,2025-05-28 14:25:06,173,11,18.0,Falha de equipamento,Fonte de alimentação,Alta,8,,,Encerrado
1386,2025-05-28 12:01:50,2025-05-28 12:39:16,2025-05-28 17:32:05,47,8,17.0,Rompimento de fibra,Obra de terceiros,Crítica,4,5.82,36.5,Encerrado
1387,2025-05-28 13:35:35,2025-05-28 14:02:19,2025-05-28 17:43:36,24,6,16.0,Atenuação alta,Conector sujo,Alta,8,1.46,2.9,Encerrado
1388,2025-05-28 14:03:58,2025-05-28 22:43:19,2025-05-28 23:37:50,169,11,9.0,Queda de energia,Bateria do nobreak,Média,24,,,Encerrado
1389,2025-05-28 15:30:25,2025-05-28 17:15:51,2025-05-28 21:41:13,266,8,2.0,Atenuação alta,Curvatura excessiva,Alta,8,2.62,5.4,Encerrado
1390,2025-05-28 22:55:06,2025-05-30 00:31:21,2025-05-30 05:07:32,135,2,16.0,Atenuação alta,Umidade na caixa de emenda,Baixa,48,4.27,2.2,Encerrado
1391,2025-05-29 03:23:20,2025-05-29 19:51:36,2025-05-29 20:14:28,314,2,1.0,Configuração,Atualização de firmware,Média,24,,,Encerrado
1392,2025-05-29 09:37:24,2025-05-29 11:24:00,2025-05-29 12:52:27,57,16,18.0,Queda de energia,Falta de energia da concessionária,Alta,8,,,Encerrado
1393,2025-05-29 09:47:21,2025-05-29 11:12:55,2025-05-29 14:08:51,93,6,10.0,Falha de equipamento,Placa de interface,Crítica,4,,,Encerrado
1394,2025-05-29 11:11:36,2025-05-29 12:41:21,2025-05-29 14:21:26,8,7,2.0,Queda de energia,Disjuntor,Alta,8,,,Encerrado
1395,2025-05-29 17:18:37,2025-05-29 17:50:09,2025-05-29 22:42:11,378,10,8.0,Rompimento de fibra,Obra de terceiros,Crítica,4,2.78,34.1,Encerrado
1396,2025-05-29 19:29:00,2025-05-29 22:17:08,2025-05-30 01:38:18,364,16,15.0,Rompimento de fibra,Acidente de trânsito (poste),Alta,8,0.7,31.5,Encerrado
1397,2025-05-29 22:18:41,2025-05-29 22:34:00,2025-05-30 02:20:51,33,11,3.0,Rompimento de fibra,Acidente de trânsito (poste),Crítica,4,3.59,29.0,Encerrado
1398,2025-05-29 22:48:50,2025-05-30 00:52:32,2025-05-30 05:30:02,103,3,1.0,Atenuação alta,Emenda degradada,Alta,8,2.38,2.3,Encerrado
1399,2025-05-30 06:51:25,2025-05-30 07:07:53,2025-05-30 15:07:31,133,3,4.0,Rompimento de fibra,Roedores,Crítica,4,5.52,27.3,Encerrado
1400,2025-05-30 08:28:01,2025-05-30 12:30:59,2025-05-30 13:32:25,330,11,12.0,Falha de equipamento,Switch,Média,24,,,Encerrado
1401,2025-05-30 09:01:02,2025-05-30 09:47:39,2025-05-30 16:01:23,42,6,4.0,Rompimento de fibra,Obra de terceiros,Crítica,4,7.46,29.1,Encerrado
1402,2025-05-30 14:37:33,,,55,7,,Configuração,,Alta,8,,,Cancelado
1403,2025-05-30 16:09:18,2025-05-30 16:19:14,2025-05-30 20:52:09,64,13,6.0,Atenuação alta,Umidade na caixa de emenda,Crítica,4,2.23,3.6,Encerrado
1404,2025-05-30 16:12:34,2025-05-30 17:11:05,2025-05-30 19:38:01,392,2,13.0,Rompimento de fibra,Acidente de trânsito (poste),Alta,8,3.53,25.9,Encerrado
1405,2025-05-30 16:14:22,2025-05-31 00:39:10,2025-05-31 02:48:31,104,4,16.0,Falha de equipamento,Módulo óptico (SFP/QSFP),Média,24,,,Encerrado
1406,2025-05-30 16:55:04,2025-05-30 17:32:33,2025-05-30 19:11:16,239,5,10.0,Rompimento de fibra,Obra de terceiros,Crítica,4,3.3,39.1,Encerrado
1407,2025-05-30 17:57:01,2025-05-30 20:12:53,2025-05-31 00:50:17,384,9,17.0,Rompimento de fibra,Obra de terceiros,Alta,8,5.73,33.0,Encerrado
1408,2025-05-30 19:37:39,2025-05-30 20:57:20,2025-05-31 09:27:19,72,9,17.0,Furto/vandalismo de cabo,Vandalismo,Crítica,4,3.78,30.5,Encerrado
1409,2025-05-30 19:54:36,2025-05-31 07:23:03,2025-05-31 12:27:47,36,7,5.0,Atenuação alta,Emenda degradada,Média,24,6.71,7.8,Encerrado
1410,2025-05-30 19:55:53,2025-05-30 20:27:43,2025-05-30 22:21:20,192,1,1.0,Rompimento de fibra,Obra de terceiros,Crítica,4,4.27,29.0,Encerrado
1411,2025-05-30 22:51:15,2025-05-31 04:19:43,2025-05-31 05:46:33,21,4,1.0,Falha de equipamento,Módulo óptico (SFP/QSFP),Alta,8,,,Encerrado
1412,2025-05-30 23:04:47,2025-05-31 06:17:37,2025-05-31 08:53:34,176,13,18.0,Atenuação alta,Conector sujo,Média,24,11.27,4.1,Encerrado
1413,2025-05-31 02:07:11,2025-05-31 03:40:20,2025-05-31 05:28:36,13,10,8.0,Atenuação alta,Umidade na caixa de emenda,Crítica,4,12.65,7.8,Encerrado
1414,2025-05-31 03:58:22,2025-05-31 14:23:03,2025-05-31 16:07:28,115,15,15.0,Queda de energia,,Média,24,,,Encerrado
1415,2025-05-31 04:20:15,2025-05-31 05:09:52,2025-05-31 10:34:51,71,12,15.0,Furto/vandalismo de cabo,Vandalismo,Crítica,4,0.9,27.2,Encerrado
1416,2025-05-31 05:10:23,2025-05-31 18:53:22,2025-05-31 22:07:55,399,14,12.0,Atenuação alta,Curvatura excessiva,Média,24,3.57,4.2,Encerrado
1417,2025-05-31 06:46:13,2025-05-31 08:18:23,2025-05-31 08:39:51,114,2,16.0,Rompimento de fibra,Queda de árvore,Crítica,4,4.58,23.6,Encerrado
1418,2025-05-31 07:22:35,2025-05-31 08:30:57,2025-05-31 13:03:51,15,6,7.0,Atenuação alta,Umidade na caixa de emenda,Crítica,4,1.72,6.3,Encerrado
1419,2025-05-31 10:42:33,2025-05-31 12:52:15,2025-05-31 18:26:11,334,14,15.0,Rompimento de fibra,Obra de terceiros,Crítica,4,1.02,18.4,Encerrado
1420,2025-05-31 12:56:07,2025-05-31 13:34:52,2025-05-31 14:56:47,276,13,15.0,Falha de equipamento,Switch,Alta,8,,,Encerrado
1421,2025-05-31 17:42:45,2025-05-31 19:23:25,2025-05-31 22:03:46,156,5,7.0,Queda de energia,Bateria do nobreak,Média,24,,,Encerrado
1422,2025-05-31 23:05:24,2025-05-31 23:49:17,2025-06-01 03:05:38,274,14,12.0,Rompimento de fibra,Queda de árvore,Crítica,4,6.38,37.7,Encerrado
1423,2025-06-01 01:21:47,2025-06-01 05:46:28,2025-06-01 18:34:08,72,8,2.0,Furto/vandalismo de cabo,Furto de cabo,Crítica,4,7.84,35.9,Encerrado
1424,2025-06-01 03:24:30,2025-06-01 09:30:27,2025-06-01 11:58:51,43,12,6.0,Falha de equipamento,Placa de interface,Alta,8,,,Encerrado
1425,2025-06-01 05:23:19,2025-06-01 16:42:25,2025-06-01 17:34:13,379,1,10.0,Queda de energia,Disjuntor,Média,24,,,Encerrado
1426,2025-06-01 07:37:02,2025-06-01 09:36:45,2025-06-01 11:44:18,23,12,18.0,Rompimento de fibra,Queda de árvore,Crítica,4,1.33,19.4,Encerrado
1427,2025-06-01 07:40:03,2025-06-01 08:25:41,2025-06-01 11:50:22,43,11,15.0,Rompimento de fibra,Queda de árvore,Crítica,4,3.9,26.0,Encerrado
1428,2025-06-01 10:02:31,2025-06-02 06:57:45,2025-06-02 09:25:51,281,16,15.0,Atenuação alta,Emenda degradada,Baixa,48,0.64,4.0,Encerrado
1429,2025-06-01 17:09:23,2025-06-01 20:43:44,2025-06-01 22:22:15,348,12,9.0,Rompimento de fibra,Acidente de trânsito (poste),Alta,8,3.59,23.2,Encerrado
1430,2025-06-01 17:54:44,2025-06-01 19:13:19,2025-06-02 02:21:26,60,1,13.0,Furto/vandalismo de cabo,Vandalismo,Crítica,4,0.43,30.3,Encerrado
1431,2025-06-01 19:35:57,,,101,1,,Configuração,,Alta,8,,,Cancelado
1432,2025-06-02 00:40:18,2025-06-02 01:54:29,2025-06-02 04:04:49,265,15,18.0,Rompimento de fibra,Obra de terceiros,Crítica,4,0.5,32.7,Encerrado
1433,2025-06-02 01:34:57,2025-06-02 02:01:01,2025-06-02 05:46:44,12,15,18.0,Rompimento de fibra,Roedores,Crítica,4,2.5,24.1,Encerrado
1434,2025-06-02 02:08:06,2025-06-02 02:38:20,2025-06-02 09:49:08,177,7,14.0,Furto/vandalismo de cabo,Vandalismo,Crítica,4,2.58,23.0,Encerrado
1435,2025-06-02 02:50:01,2025-06-02 03:26:47,2025-06-02 08:10:45,71,11,3.0,Rompimento de fibra,Roedores,Crítica,4,4.16,21.3,Encerrado
1436,2025-06-02 03:33:05,2025-06-02 13:48:45,2025-06-02 14:34:14,303,1,4.0,Queda de energia,Bateria do nobreak,Baixa,48,,,Encerrado
1437,2025-06-02 09:57:47,2025-06-02 13:07:11,2025-06-02 14:13:54,29,10,14.0,Queda de energia,Bateria do nobreak,Alta,8,,,Encerrado
1438,2025-06-02 10:04:40,2025-06-03 04:13:31,2025-06-03 07:20:15,228,10,17.0,Queda de energia,Disjuntor,Média,24,,,Encerrado
1439,2025-06-02 11:38:59,2025-06-02 12:28:38,2025-06-02 14:39:12,290,16,3.0,Rompimento de fibra,Acidente de trânsito (poste),Crítica,4,2.43,37.9,Encerrado
1440,2025-06-02 11:46:26,2025-06-02 17:10:57,2025-06-02 17:55:27,153,13,9.0,Configuração,Erro de configuração,Média,24,,,Encerrado
1441,2025-06-02 11:57:32,2025-06-02 15:27:23,2025-06-02 16:13:09,84,11,12.0,Configuração,Atualização de firmware,Média,24,,,Encerrado
1442,2025-06-02 15:03:33,2025-06-02 15:42:52,2025-06-02 19:32:44,12,15,3.0,Falha de equipamento,Fonte de alimentação,Crítica,4,,,Encerrado
1443,2025-06-02 18:27:46,2025-06-02 19:48:09,2025-06-02 21:02:13,110,10,11.0,Atenuação alta,Curvatura excessiva,Alta,8,2.39,4.8,Encerrado
1444,2025-06-02 21:44:28,2025-06-02 22:43:40,2025-06-03 02:00:14,224,3,10.0,Rompimento de fibra,Roedores,Crítica,4,3.12,31.5,Encerrado
1445,2025-06-03 02:30:17,2025-06-03 02:50:27,2025-06-03 05:37:22,107,6,13.0,Rompimento de fibra,Obra de terceiros,Crítica,4,3.71,22.6,Encerrado
1446,2025-06-03 03:12:25,2025-06-03 03:44:10,2025-06-03 13:17:33,253,7,11.0,Furto/vandalismo de cabo,Vandalismo,Alta,8,6.77,32.6,Encerrado
1447,2025-06-03 05:57:16,2025-06-03 11:16:00,2025-06-03 13:31:21,348,12,12.0,Queda de energia,Disjuntor,Baixa,48,,,Encerrado
1448,2025-06-03 07:55:17,2025-06-04 01:42:10,2025-06-04 02:48:13,393,13,3.0,Falha de equipamento,Switch,Baixa,48,,,Encerrado
1449,2025-06-03 09:42:31,2025-06-03 19:12:44,2025-06-03 20:45:48,190,5,1.0,Queda de energia,Falta de energia da concessionária,Média,24,,,Encerrado
1450,2025-06-03 09:48:53,2025-06-03 11:05:15,2025-06-03 13:08:58,46,12,12.0,Queda de energia,Bateria do nobreak,Alta,8,,,Encerrado
1451,2025-06-03 10:03:52,2025-06-03 10:19:04,2025-06-03 14:36:28,235,11,12.0,Furto/vandalismo de cabo,Furto de cabo,Crítica,4,5.06,34.3,Encerrado
1452,2025-06-03 11:44:36,2025-06-03 11:56:36,2025-06-03 13:16:32,39,15,6.0,Falha de equipamento,Switch,Crítica,4,,,Encerrado
1453,2025-06-03 12:36:11,2025-06-04 13:55:36,2025-06-04 15:08:03,367,5,13.0,Queda de energia,Bateria do nobreak,Baixa,48,,,Encerrado
1454,2025-06-03 17:14:46,2025-06-03 18:13:51,2025-06-03 21:41:04,30,13,3.0,Rompimento de fibra,Acidente de trânsito (poste),Crítica,4,1.65,22.9,Encerrado
1455,2025-06-03 18:36:55,2025-06-03 18:52:10,2025-06-03 22:48:55,52,11,9.0,Furto/vandalismo de cabo,Vandalismo,Crítica,4,1.53,23.4,Encerrado
1456,2025-06-03 21:01:36,2025-06-04 03:44:02,2025-06-04 04:37:51,245,5,16.0,Queda de energia,Bateria do nobreak,Média,24,,,Encerrado
1457,2025-06-04 01:25:01,2025-06-04 01:36:04,2025-06-04 02:01:35,249,4,13.0,Queda de energia,Falta de energia da concessionária,Alta,8,,,Encerrado
1458,2025-06-04 01:50:33,2025-06-04 03:07:46,2025-06-04 07:18:47,118,4,10.0,Furto/vandalismo de cabo,Vandalismo,Crítica,4,1.25,24.5,Encerrado
1459,2025-06-04 04:17:49,2025-06-04 06:55:14,2025-06-04 10:06:07,322,11,15.0,Rompimento de fibra,Queda de árvore,Alta,8,2.54,23.1,Encerrado
1460,2025-06-04 04:58:00,2025-06-04 06:31:38,2025-06-04 08:26:30,384,8,17.0,Queda de energia,Falta de energia da concessionária,Alta,8,,,Encerrado
1461,2025-06-04 10:12:27,2025-06-04 11:11:15,2025-06-04 13:55:59,335,1,13.0,Furto/vandalismo de cabo,Vandalismo,Alta,8,0.72,27.9,Encerrado
1462,2025-06-04 12:26:12,2025-06-04 12:56:55,2025-06-04 15:06:17,95,10,2.0,Rompimento de fibra,Acidente de trânsito (poste),Crítica,4,7.49,30.0,Encerrado
1463,2025-06-04 15:35:02,2025-06-04 16:46:45,2025-06-04 18:30:22,231,4,16.0,Falha de equipamento,Switch,Alta,8,,,Encerrado
1464,2025-06-04 15:59:50,2025-06-04 16:22:26,2025-06-04 18:44:31,41,12,3.0,Falha de equipamento,Módulo óptico (SFP/QSFP),Crítica,4,,,Encerrado
1465,2025-06-04 16:24:23,2025-06-04 17:42:30,2025-06-04 19:41:43,127,16,3.0,Rompimento de fibra,Roedores,Alta,8,2.37,28.5,Encerrado
1466,2025-06-04 23:41:28,2025-06-05 00:50:04,2025-06-05 03:16:21,302,11,12.0,Rompimento de fibra,Roedores,Crítica,4,4.27,29.8,Encerrado
1467,2025-06-05 06:25:48,2025-06-05 07:04:32,2025-06-05 14:35:48,89,8,11.0,Atenuação alta,Umidade na caixa de emenda,Alta,8,0.36,6.1,Encerrado
1468,2025-06-05 11:51:41,2025-06-05 17:06:28,2025-06-05 19:11:52,311,6,4.0,Queda de energia,Disjuntor,Média,24,,,Encerrado
1469,2025-06-05 12:12:32,2025-06-05 21:22:42,2025-06-05 22:42:22,146,14,12.0,Falha de equipamento,Fonte de alimentação,Baixa,48,,,Encerrado
1470,2025-06-05 12:36:27,2025-06-05 15:16:23,2025-06-05 16:36:30,132,4,16.0,Rompimento de fibra,Obra de terceiros,Alta,8,1.41,32.7,Encerrado
1471,2025-06-05 13:05:12,2025-06-05 18:24:25,2025-06-05 18:59:24,17,1,1.0,Queda de energia,Bateria do nobreak,Média,24,,,Encerrado
1472,2025-06-05 15:31:48,2025-06-05 17:36:03,2025-06-05 19:44:08,315,1,13.0,Atenuação alta,Umidade na caixa de emenda,Média,24,21.3,7.8,Encerrado
1473,2025-06-05 19:30:43,2025-06-05 20:02:35,2025-06-06 01:11:59,47,8,5.0,Rompimento de fibra,Acidente de trânsito (poste),Crítica,4,1.85,38.3,Encerrado
1474,2025-06-05 20:18:39,2025-06-05 22:17:40,2025-06-06 00:47:04,313,1,10.0,Rompimento de fibra,Obra de terceiros,Crítica,4,7.52,31.3,Encerrado
1475,2025-06-05 20:37:18,2025-06-06 14:49:44,2025-06-06 16:12:49,370,1,1.0,Queda de energia,Bateria do nobreak,Baixa,48,,,Encerrado
1476,2025-06-05 22:36:18,2025-06-06 04:20:35,2025-06-06 08:09:53,186,14,6.0,Falha de equipamento,Módulo óptico (SFP/QSFP),Alta,8,,,Encerrado
1477,2025-06-05 22:50:40,2025-06-06 10:15:53,2025-06-06 11:26:17,253,8,8.0,Configuração,Erro de configuração,Média,24,,,Encerrado
1478,2025-06-05 23:19:26,2025-06-06 01:36:12,2025-06-06 03:08:19,37,1,13.0,Atenuação alta,Umidade na caixa de emenda,Crítica,4,5.01,3.0,Encerrado
1479,2025-06-06 03:59:08,2025-06-06 05:11:08,2025-06-06 07:29:36,85,5,7.0,Falha de equipamento,Fonte de alimentação,Crítica,4,,,Encerrado
1480,2025-06-06 08:18:11,2025-06-06 11:32:31,2025-06-06 12:42:50,234,8,11.0,Falha de equipamento,Fonte de alimentação,Média,24,,,Encerrado
1481,2025-06-06 08:26:46,2025-06-06 09:25:03,2025-06-06 12:13:30,399,15,6.0,Atenuação alta,Umidade na caixa de emenda,Alta,8,6.3,7.0,Encerrado
1482,2025-06-06 12:58:13,2025-06-06 13:36:09,2025-06-06 17:58:54,55,7,8.0,Furto/vandalismo de cabo,Furto de cabo,Crítica,4,3.85,39.6,Encerrado
1483,2025-06-06 14:56:46,2025-06-06 17:09:37,2025-06-06 18:42:17,337,14,15.0,Atenuação alta,Conector sujo,Média,24,7.26,8.3,Encerrado
1484,2025-06-06 16:15:42,2025-06-06 19:41:10,2025-06-07 00:07:13,134,1,13.0,Atenuação alta,Umidade na caixa de emenda,Alta,8,4.0,5.7,Encerrado
1485,2025-06-06 17:54:00,2025-06-06 20:41:26,2025-06-07 00:27:23,323,10,14.0,Rompimento de fibra,Roedores,Alta,8,4.41,22.5,Encerrado
1486,2025-06-06 18:52:43,2025-06-07 02:28:11,2025-06-07 03:08:08,250,8,17.0,Atenuação alta,Curvatura excessiva,Média,24,0.69,8.3,Encerrado
1487,2025-06-06 18:55:51,2025-06-06 20:03:42,2025-06-06 22:29:48,40,14,15.0,Falha de equipamento,Fonte de alimentação,Alta,8,,,Encerrado
1488,2025-06-07 05:24:45,2025-06-07 06:04:30,2025-06-07 09:05:13,267,5,4.0,Rompimento de fibra,Acidente de trânsito (poste),Crítica,4,3.33,22.2,Encerrado
1489,2025-06-07 06:48:31,2025-06-07 22:06:40,2025-06-08 01:12:53,244,12,18.0,Falha de equipamento,Módulo óptico (SFP/QSFP),Média,24,,,Encerrado
1490,2025-06-07 08:44:11,2025-06-07 11:44:18,2025-06-07 13:04:14,80,14,18.0,Rompimento de fibra,Roedores,Crítica,4,1.77,20.0,Encerrado
1491,2025-06-07 09:37:51,2025-06-07 10:11:55,2025-06-07 12:44:34,44,1,7.0,Atenuação alta,Umidade na caixa de emenda,Crítica,4,10.42,1.9,Encerrado
1492,2025-06-07 11:14:19,2025-06-07 16:08:13,2025-06-07 18:39:50,199,4,7.0,Falha de equipamento,Fonte de alimentação,Média,24,,,Encerrado
1493,2025-06-07 14:59:36,2025-06-07 16:03:51,2025-06-07 18:42:22,72,8,8.0,Rompimento de fibra,Roedores,Crítica,4,4.76,25.6,Encerrado
1494,2025-06-07 15:34:30,2025-06-07 23:27:19,2025-06-08 00:42:45,37,2,10.0,Configuração,Atualização de firmware,Média,24,,,Encerrado
1495,2025-06-07 20:00:09,2025-06-08 03:35:47,2025-06-08 07:08:40,297,1,7.0,Atenuação alta,Umidade na caixa de emenda,Média,24,2.33,8.6,Encerrado
1496,2025-06-08 03:28:17,2025-06-08 06:53:14,2025-06-08 10:01:33,271,5,1.0,Falha de equipamento,Switch,Alta,8,,,Encerrado
1497,2025-06-08 07:09:53,2025-06-08 08:10:36,2025-06-09 00:54:30,284,10,11.0,Rompimento de fibra,Acidente de trânsito (poste),Crítica,4,4.23,24.5,Encerrado
1498,2025-06-08 09:48:55,2025-06-08 10:08:24,2025-06-08 13:32:29,253,9,14.0,Atenuação alta,Umidade na caixa de emenda,Alta,8,3.18,1.7,Encerrado
1499,2025-06-08 11:47:06,2025-06-08 11:53:13,2025-06-08 12:56:09,94,7,17.0,Rompimento de fibra,Obra de terceiros,Crítica,4,3.13,39.7,Encerrado
1500,2025-06-08 14:05:02,2025-06-09 03:59:45,2025-06-09 05:13:58,250,7,2.0,Falha de equipamento,Fonte de alimentação,Baixa,48,,,Encerrado
1501,2025-06-08 18:18:57,2025-06-08 19:00:58,2025-06-08 22:30:27,200,2,13.0,Rompimento de fibra,Queda de árvore,Crítica,4,3.8,21.7,Encerrado
1502,2025-06-08 18:24:27,2025-06-08 18:44:59,2025-06-09 02:10:08,284,10,17.0,Rompimento de fibra,Queda de árvore,Crítica,4,3.57,20.8,Encerrado
1503,2025-06-08 20:57:36,2025-06-08 21:25:19,2025-06-09 07:21:53,73,2,7.0,Rompimento de fibra,Queda de árvore,Crítica,4,2.7,37.6,Encerrado
1504,2025-06-09 01:40:47,2025-06-09 04:26:32,2025-06-09 05:46:57,100,4,10.0,Falha de equipamento,Switch,Alta,8,,,Encerrado
1505,2025-06-09 07:01:18,2025-06-09 07:06:54,2025-06-09 07:48:12,117,6,1.0,Queda de energia,Bateria do nobreak,Crítica,4,,,Encerrado
1506,2025-06-09 08:51:38,2025-06-09 09:25:14,2025-06-09 10:58:07,103,3,7.0,Rompimento de fibra,Queda de árvore,Crítica,4,4.45,21.4,Encerrado
1507,2025-06-09 15:16:48,2025-06-09 18:10:07,2025-06-10 01:16:43,399,15,9.0,Atenuação alta,Umidade na caixa de emenda,Alta,8,8.29,8.2,Encerrado
1508,2025-06-09 15:32:08,2025-06-09 16:50:59,2025-06-09 20:42:17,266,7,5.0,Rompimento de fibra,Queda de árvore,Crítica,4,5.8,20.3,Encerrado
1509,2025-06-09 22:07:11,2025-06-09 22:40:26,2025-06-09 23:14:18,36,7,17.0,Queda de energia,Disjuntor,Crítica,4,,,Encerrado
1510,2025-06-09 22:56:13,2025-06-10 02:33:20,2025-06-10 04:14:36,36,8,2.0,Queda de energia,Bateria do nobreak,Alta,8,,,Encerrado
1511,2025-06-10 02:57:51,2025-06-10 06:37:58,2025-06-10 07:17:51,315,2,13.0,Configuração,Erro de configuração,Média,24,,,Encerrado
1512,2025-06-10 03:16:42,2025-06-10 03:45:08,2025-06-10 05:26:22,392,1,13.0,Queda de energia,Bateria do nobreak,Alta,8,,,Encerrado
1513,2025-06-10 04:15:28,,,179,14,,Queda de energia,,Alta,8,,,Cancelado
1514,2025-06-10 09:03:28,2025-06-10 10:16:24,2025-06-10 15:11:17,348,12,9.0,Falha de equipamento,Fonte de alimentação,Alta,8,,,Encerrado
1515,2025-06-10 10:39:36,2025-06-10 23:01:07,2025-06-10 23:55:55,231,3,4.0,Falha de equipamento,Módulo óptico (SFP/QSFP),Baixa,48,,,Encerrado
1516,2025-06-10 11:56:06,2025-06-10 14:09:06,2025-06-10 15:44:06,52,11,15.0,Falha de equipamento,Módulo óptico (SFP/QSFP),Alta,8,,,Encerrado
1517,2025-06-10 14:56:49,2025-06-11 05:01:36,2025-06-11 06:33:56,380,12,15.0,Falha de equipamento,Placa de interface,Média,24,,,Encerrado
1518,2025-06-10 20:44:58,2025-06-11 04:00:51,2025-06-11 05:07:33,290,16,6.0,Queda de energia,Disjuntor,Média,24,,,Encerrado
1519,2025-06-10 22:20:11,2025-06-10 23:47:19,2025-06-11 01:20:09,260,15,18.0,Rompimento de fibra,Acidente de trânsito (poste),Crítica,4,6.6,35.9,Encerrado
1520,2025-06-11 07:29:00,2025-06-11 07:49:08,2025-06-11 09:25:14,245,5,1.0,Atenuação alta,Curvatura excessiva,Baixa,48,16.12,7.1,Encerrado
1521,2025-06-11 08:16:48,2025-06-11 08:35:29,2025-06-11 13:16:42,133,3,4.0,Furto/vandalismo de cabo,Furto de cabo,Crítica,4,2.88,27.8,Encerrado
1522,2025-06-11 09:55:54,2025-06-11 10:43:27,2025-06-11 14:56:52,212,8,2.0,Rompimento de fibra,Obra de terceiros,Crítica,4,2.05,20.1,Encerrado
1523,2025-06-11 11:45:30,2025-06-11 20:59:08,2025-06-12 00:05:23,8,8,14.0,Atenuação alta,Curvatura excessiva,Média,24,2.26,2.0,Encerrado
1524,2025-06-11 20:57:22,2025-06-12 00:39:01,2025-06-12 02:54:53,355,16,12.0,Atenuação alta,Emenda degradada,Média,24,2.64,1.8,Encerrado
1525,2025-06-11 22:45:59,2025-06-12 01:16:43,2025-06-12 07:37:46,61,14,15.0,Atenuação alta,Umidade na caixa de emenda,Alta,8,1.44,3.7,Encerrado
1526,2025-06-12 00:22:40,2025-06-12 15:23:15,2025-06-12 17:50:19,359,13,12.0,Falha de equipamento,Placa de interface,Média,24,,,Encerrado
1527,2025-06-12 03:12:35,2025-06-12 05:13:18,2025-06-12 05:57:52,43,11,12.0,Atenuação alta,Umidade na caixa de emenda,Alta,8,6.39,4.3,Encerrado
1528,2025-06-12 05:00:40,2025-06-12 05:46:24,2025-06-12 09:35:07,45,13,3.0,Atenuação alta,Curvatura excessiva,Alta,8,0.98,3.6,Encerrado
1529,2025-06-12 06:31:09,2025-06-12 12:10:45,2025-06-12 12:28:10,329,13,18.0,Configuração,Erro de configuração,Baixa,48,,,Encerrado
1530,2025-06-12 07:54:24,2025-06-12 07:58:59,2025-06-12 14:17:13,55,8,2.0,Rompimento de fibra,Queda de árvore,Crítica,4,9.0,29.5,Encerrado
1531,2025-06-12 09:55:25,2025-06-12 11:33:18,2025-06-12 16:53:36,125,13,18.0,Rompimento de fibra,Roedores,Alta,8,3.39,23.5,Encerrado
1532,2025-06-12 12:08:45,2025-06-12 12:36:35,2025-06-12 21:15:09,129,3,1.0,Rompimento de fibra,Roedores,Crítica,4,8.53,33.8,Encerrado
1533,2025-06-12 12:51:54,2025-06-12 13:31:57,2025-06-12 19:40:56,35,6,7.0,Rompimento de fibra,Acidente de trânsito (poste),Crítica,4,2.14,21.7,Encerrado
1534,2025-06-12 14:11:09,2025-06-12 18:37:41,2025-06-12 20:03:38,380,11,18.0,Queda de energia,Bateria do nobreak,Média,24,,,Encerrado
1535,2025-06-12 16:29:16,2025-06-13 01:32:43,2025-06-13 08:50:27,251,3,4.0,Atenuação alta,Conector sujo,Baixa,48,4.3,2.2,Encerrado
1536,2025-06-12 17:47:19,2025-06-12 20:59:46,2025-06-12 22:25:41,213,9,17.0,Queda de energia,Bateria do nobreak,Média,24,,,Encerrado
1537,2025-06-12 18:44:23,2025-06-13 14:37:53,2025-06-13 17:17:14,278,14,18.0,Atenuação alta,Conector sujo,Baixa,48,3.67,5.5,Encerrado
1538,2025-06-12 19:20:15,2025-06-12 19:30:41,2025-06-13 03:53:26,260,15,15.0,Rompimento de fibra,Roedores,Crítica,4,2.15,31.4,Encerrado
1539,2025-06-12 20:31:21,2025-06-12 22:19:07,2025-06-12 23:33:25,230,13,18.0,Configuração,Erro de configuração,Alta,8,,,Encerrado
1540,2025-06-13 00:18:30,2025-06-13 00:51:25,2025-06-13 06:34:43,354,9,8.0,Rompimento de fibra,Acidente de trânsito (poste),Crítica,4,0.4,31.6,Encerrado
1541,2025-06-13 00:23:04,2025-06-13 08:13:26,2025-06-13 08:24:34,71,11,6.0,Queda de energia,Falta de energia da concessionária,Média,24,,,Encerrado
1542,2025-06-13 02:37:53,2025-06-13 04:37:22,2025-06-13 06:28:19,64,13,9.0,Falha de equipamento,Switch,Alta,8,,,Encerrado
1543,2025-06-13 04:35:27,2025-06-13 08:38:09,2025-06-13 09:06:00,2,12,9.0,Configuração,Atualização de firmware,Média,24,,,Encerrado
1544,2025-06-13 05:45:47,2025-06-13 06:26:29,2025-06-13 09:18:20,57,16,3.0,Rompimento de fibra,Roedores,Crítica,4,1.65,29.4,Encerrado
1545,2025-06-13 11:29:52,2025-06-13 12:41:09,2025-06-13 13:31:01,240,8,8.0,Queda de energia,Bateria do nobreak,Média,24,,,Encerrado
1546,2025-06-13 13:42:34,2025-06-13 17:15:42,2025-06-13 18:39:37,44,2,10.0,Atenuação alta,Emenda degradada,Crítica,4,3.2,5.3,Encerrado
1547,2025-06-13 16:01:15,2025-06-13 17:19:53,2025-06-13 20:52:04,31,3,7.0,Falha de equipamento,Switch,Alta,8,,,Encerrado
1548,2025-06-13 16:23:25,2025-06-13 19:18:48,2025-06-13 21:18:04,79,7,5.0,Queda de energia,Falta de energia da concessionária,Alta,8,,,Encerrado
1549,2025-06-13 19:38:13,2025-06-13 22:48:15,2025-06-14 01:56:01,115,14,6.0,Atenuação alta,Curvatura excessiva,Alta,8,4.73,2.7,Encerrado
1550,2025-06-14 01:37:14,2025-06-14 03:35:20,2025-06-14 06:10:45,187,5,10.0,Falha de equipamento,Switch,Alta,8,,,Encerrado
1551,2025-06-14 04:28:17,2025-06-14 18:35:38,2025-06-14 19:46:47,249,3,10.0,Atenuação alta,Emenda degradada,Média,24,5.3,7.2,Encerrado
1552,2025-06-14 05:07:21,,,201,2,,Falha de equipamento,,Média,24,,,Cancelado
1553,2025-06-14 06:25:21,2025-06-14 06:59:05,2025-06-14 14:10:11,333,11,6.0,Rompimento de fibra,Queda de árvore,Crítica,4,3.14,20.0,Encerrado
1554,2025-06-14 09:26:58,2025-06-14 10:20:19,2025-06-14 17:35:32,42,6,1.0,Furto/vandalismo de cabo,Vandalismo,Crítica,4,2.89,24.4,Encerrado
1555,2025-06-14 20:22:54,2025-06-15 21:37:09,2025-06-15 23:16:36,397,5,13.0,Falha de equipamento,Módulo óptico (SFP/QSFP),Média,24,,,Encerrado
1556,2025-06-14 23:45:49,2025-06-16 03:33:22,2025-06-16 04:10:24,135,2,13.0,Queda de energia,Falta de energia da concessionária,Média,24,,,Encerrado
1557,2025-06-15 00:14:36,2025-06-15 02:56:50,2025-06-15 05:46:58,217,10,11.0,Falha de equipamento,Placa de interface,Alta,8,,,Encerrado
1558,2025-06-15 00:40:49,2025-06-15 01:07:51,2025-06-15 03:01:07,62,16,9.0,Rompimento de fibra,Obra de terceiros,Crítica,4,1.5,35.0,Encerrado
1559,2025-06-15 03:58:36,2025-06-15 04:02:42,2025-06-15 06:07:14,264,15,3.0,Atenuação alta,Umidade na caixa de emenda,Alta,8,7.41,7.3,Encerrado
1560,2025-06-15 07:56:00,2025-06-15 18:58:44,2025-06-16 00:51:36,253,8,8.0,Atenuação alta,Emenda degradada,Média,24,1.05,8.8,Encerrado
1561,2025-06-15 15:33:40,2025-06-15 23:42:17,2025-06-16 01:40:09,71,12,3.0,Falha de equipamento,Módulo óptico (SFP/QSFP),Média,24,,,Encerrado
1562,2025-06-15 15:49:20,2025-06-15 17:12:49,2025-06-15 19:36:31,131,10,11.0,Queda de energia,Bateria do nobreak,Alta,8,,,Encerrado
1563,2025-06-15 17:10:58,2025-06-16 14:41:35,2025-06-16 19:28:09,138,12,18.0,Atenuação alta,Emenda degradada,Média,24,11.65,2.1,Encerrado
1564,2025-06-15 17:29:50,2025-06-15 18:06:48,2025-06-15 19:36:02,225,13,12.0,Rompimento de fibra,Obra de terceiros,Alta,8,6.58,32.0,Encerrado
1565,2025-06-15 17:39:43,2025-06-15 22:00:34,2025-06-15 23:55:58,137,5,7.0,Queda de energia,Disjuntor,Média,24,,,Encerrado
1566,2025-06-15 19:17:33,2025-06-16 03:24:49,2025-06-16 10:39:58,396,1,1.0,Atenuação alta,Curvatura excessiva,Média,24,7.93,3.0,Encerrado
1567,2025-06-15 20:50:42,2025-06-15 22:02:11,2025-06-15 23:26:25,114,2,1.0,Rompimento de fibra,Obra de terceiros,Crítica,4,5.3,28.5,Encerrado
1568,2025-06-15 22:30:09,2025-06-16 06:36:08,2025-06-16 08:32:21,213,8,8.0,Atenuação alta,Emenda degradada,Média,24,2.38,6.8,Encerrado
1569,2025-06-15 23:09:47,2025-06-15 23:30:57,2025-06-16 06:57:32,34,16,12.0,Furto/vandalismo de cabo,Furto de cabo,Crítica,4,2.68,19.5,Encerrado
1570,2025-06-15 23:48:33,2025-06-16 02:47:21,2025-06-16 04:57:33,303,2,10.0,Furto/vandalismo de cabo,Furto de cabo,Alta,8,6.34,26.6,Encerrado
1571,2025-06-16 03:04:00,,,120,11,,Rompimento de fibra,,Crítica,4,3.07,39.7,Cancelado
1572,2025-06-16 07:13:50,2025-06-16 08:44:01,2025-06-16 10:24:10,211,6,10.0,Configuração,Atualização de firmware,Alta,8,,,Encerrado
1573,2025-06-16 09:33:19,2025-06-16 10:31:26,2025-06-16 11:34:06,56,5,16.0,Queda de energia,Falta de energia da concessionária,Crítica,4,,,Encerrado
1574,2025-06-16 10:36:31,2025-06-16 20:46:05,2025-06-16 23:33:52,198,5,10.0,Queda de energia,Disjuntor,Média,24,,,Encerrado
1575,2025-06-16 12:43:06,2025-06-16 16:01:34,2025-06-16 17:01:27,110,10,2.0,Configuração,Erro de configuração,Alta,8,,,Encerrado
1576,2025-06-16 18:51:43,2025-06-16 23:13:44,2025-06-17 00:17:03,385,6,7.0,Queda de energia,Disjuntor,Média,24,,,Encerrado
1577,2025-06-16 22:19:03,2025-06-17 04:02:30,2025-06-17 07:48:42,98,1,13.0,Atenuação alta,Curvatura excessiva,Alta,8,3.22,7.5,Encerrado
1578,2025-06-17 01:08:35,2025-06-17 02:53:01,2025-06-17 06:34:57,55,9,17.0,Rompimento de fibra,Acidente de trânsito (poste),Crítica,4,0.73,38.0,Encerrado
1579,2025-06-17 02:16:17,2025-06-17 07:09:11,2025-06-17 09:40:57,192,2,10.0,Configuração,Erro de configuração,Média,24,,,Encerrado
1580,2025-06-17 02:34:19,2025-06-17 19:46:06,2025-06-17 23:56:45,122,14,18.0,Atenuação alta,Emenda degradada,Média,24,7.84,1.7,Encerrado
1581,2025-06-17 04:12:11,2025-06-17 08:57:34,2025-06-17 10:49:35,47,8,2.0,Falha de equipamento,Módulo óptico (SFP/QSFP),Alta,8,,,Encerrado
1582,2025-06-17 04:25:22,2025-06-17 05:20:36,2025-06-17 07:59:17,311,6,1.0,Rompimento de fibra,Roedores,Crítica,4,7.83,35.5,Encerrado
1583,2025-06-17 09:42:12,2025-06-18 01:26:35,2025-06-18 04:58:51,336,13,12.0,Falha de equipamento,Fonte de alimentação,Média,24,,,Encerrado
1584,2025-06-17 10:44:51,2025-06-17 12:19:10,2025-06-17 15:28:09,276,13,3.0,Queda de energia,Falta de energia da concessionária,Média,24,,,Encerrado
1585,2025-06-17 12:15:13,2025-06-17 12:23:56,2025-06-18 01:00:27,212,9,14.0,Rompimento de fibra,Roedores,Crítica,4,4.35,20.0,Encerrado
1586,2025-06-17 15:24:35,2025-06-17 18:05:31,2025-06-17 19:45:38,19,7,5.0,Configuração,Erro de configuração,Alta,8,,,Encerrado
1587,2025-06-17 16:00:33,2025-06-17 18:14:09,2025-06-17 19:08:36,177,7,2.0,Configuração,Atualização de firmware,Média,24,,,Encerrado
1588,2025-06-17 18:24:14,,,247,4,,Falha de equipamento,,Alta,8,,,Cancelado
1589,2025-06-18 00:19:08,2025-06-18 01:48:55,2025-06-18 03:40:38,362,16,6.0,Falha de equipamento,Switch,Alta,8,,,Encerrado
1590,2025-06-18 03:15:13,2025-06-18 08:25:17,2025-06-18 12:17:34,225,13,9.0,Atenuação alta,Emenda degradada,Média,24,10.6,6.8,Encerrado
1591,2025-06-18 06:27:53,2025-06-18 07:16:24,2025-06-18 08:47:17,323,10,5.0,Queda de energia,Disjuntor,Alta,8,,,Encerrado
1592,2025-06-18 07:44:43,2025-06-18 08:12:33,2025-06-18 12:55:43,91,3,16.0,Atenuação alta,Conector sujo,Crítica,4,4.5,3.8,Encerrado
1593,2025-06-18 12:59:06,2025-06-18 13:24:20,2025-06-18 15:35:14,149,8,5.0,Rompimento de fibra,Queda de árvore,Alta,8,4.13,33.0,Encerrado
1594,2025-06-18 13:16:46,2025-06-18 14:12:38,2025-06-18 19:12:19,296,6,1.0,Rompimento de fibra,Acidente de trânsito (poste),Crítica,4,2.33,33.3,Encerrado
1595,2025-06-18 15:50:08,2025-06-18 16:12:54,2025-06-19 01:31:33,193,8,5.0,Rompimento de fibra,Queda de árvore,Crítica,4,6.8,24.8,Encerrado
1596,2025-06-18 17:40:30,2025-06-18 20:36:08,2025-06-18 22:02:49,55,8,2.0,Atenuação alta,Conector sujo,Alta,8,3.1,5.5,Encerrado
1597,2025-06-18 18:37:59,2025-06-18 23:08:04,2025-06-18 23:44:12,386,14,6.0,Falha de equipamento,Módulo óptico (SFP/QSFP),Média,24,,,Encerrado
1598,2025-06-18 23:45:21,2025-06-19 00:49:02,2025-06-19 01:29:29,68,10,11.0,Queda de energia,Disjuntor,Alta,8,,,Encerrado
1599,2025-06-19 00:32:28,2025-06-20 11:09:03,2025-06-20 12:34:54,338,15,15.0,Queda de energia,Disjuntor,Baixa,48,,,Encerrado
1600,2025-06-19 05:02:20,2025-06-19 05:36:55,2025-06-19 10:43:09,81,10,17.0,Rompimento de fibra,Roedores,Crítica,4,5.56,22.4,Encerrado
1601,2025-06-19 05:43:09,2025-06-19 07:01:17,2025-06-19 10:38:14,369,4,16.0,Falha de equipamento,Módulo óptico (SFP/QSFP),Média,24,,,Encerrado
1602,2025-06-19 09:15:23,2025-06-19 11:24:01,2025-06-19 12:53:23,221,16,6.0,Queda de energia,Bateria do nobreak,Alta,8,,,Encerrado
1603,2025-06-19 10:56:39,2025-06-19 11:46:25,2025-06-19 12:28:33,49,3,10.0,Queda de energia,Falta de energia da concessionária,Crítica,4,,,Encerrado
1604,2025-06-19 12:20:08,2025-06-20 01:22:15,2025-06-20 02:34:02,342,2,16.0,Atenuação alta,Curvatura excessiva,Baixa,48,1.74,5.7,Encerrado
1605,2025-06-19 13:47:32,2025-06-19 15:59:55,2025-06-20 04:03:14,167,1,7.0,Rompimento de fibra,Queda de árvore,Alta,8,0.84,29.2,Encerrado
1606,2025-06-19 15:56:23,2025-06-19 16:31:43,2025-06-19 21:34:30,335,2,4.0,Rompimento de fibra,Acidente de trânsito (poste),Crítica,4,5.0,29.1,Encerrado
1607,2025-06-19 18:32:07,2025-06-20 03:51:18,2025-06-20 05:20:53,241,16,18.0,Queda de energia,Disjuntor,Média,24,,,Encerrado
1608,2025-06-19 20:02:56,2025-06-19 20:27:31,2025-06-19 21:35:39,99,16,12.0,Rompimento de fibra,,Crítica,4,4.02,31.2,Encerrado
1609,2025-06-20 04:53:15,2025-06-21 09:02:11,2025-06-21 11:40:28,380,12,15.0,Falha de equipamento,Módulo óptico (SFP/QSFP),Baixa,48,,,Encerrado
1610,2025-06-20 10:42:03,2025-06-20 11:34:51,2025-06-20 14:06:14,393,13,18.0,Rompimento de fibra,Roedores,Crítica,4,4.06,32.9,Encerrado
1611,2025-06-20 10:54:43,2025-06-20 11:21:33,2025-06-20 14:42:12,240,7,17.0,Atenuação alta,Curvatura excessiva,Alta,8,3.9,3.8,Encerrado
1612,2025-06-20 18:08:26,2025-06-20 20:06:14,2025-06-21 03:40:38,353,1,1.0,Atenuação alta,Conector sujo,Alta,8,5.51,3.1,Encerrado
1613,2025-06-21 01:32:34,2025-06-21 02:39:21,2025-06-21 03:22:34,336,13,6.0,Falha de equipamento,Módulo óptico (SFP/QSFP),Alta,8,,,Encerrado
1614,2025-06-21 07:17:48,2025-06-21 10:22:19,2025-06-21 13:58:26,396,2,13.0,Rompimento de fibra,Queda de árvore,Crítica,4,1.99,35.0,Encerrado
1615,2025-06-21 10:44:03,2025-06-21 12:04:28,2025-06-21 15:24:08,175,4,1.0,Rompimento de fibra,Obra de terceiros,Crítica,4,0.53,33.3,Encerrado
1616,2025-06-21 13:56:36,2025-06-21 14:42:00,2025-06-21 22:04:28,233,15,3.0,Furto/vandalismo de cabo,Furto de cabo,Crítica,4,15.06,31.9,Encerrado
1617,2025-06-21 21:38:52,2025-06-21 22:40:22,2025-06-22 00:03:37,110,10,8.0,Falha de equipamento,Switch,Alta,8,,,Encerrado
1618,2025-06-21 21:43:24,2025-06-22 01:58:40,2025-06-22 04:20:34,144,14,3.0,Falha de equipamento,Switch,Alta,8,,,Encerrado
1619,2025-06-21 22:02:13,2025-06-21 23:30:07,2025-06-22 03:23:36,63,13,12.0,Rompimento de fibra,Queda de árvore,Crítica,4,4.13,38.7,Encerrado
1620,2025-06-21 22:03:58,2025-06-21 23:11:48,2025-06-21 23:54:54,95,10,2.0,Configuração,Atualização de firmware,Alta,8,,,Encerrado
1621,2025-06-21 23:23:44,2025-06-22 03:23:27,2025-06-22 06:52:57,230,13,15.0,Falha de equipamento,Switch,Média,24,,,Encerrado
1622,2025-06-21 23:27:45,,,120,12,,Rompimento de fibra,,Crítica,4,6.29,34.5,Cancelado
1623,2025-06-22 03:24:06,2025-06-22 04:33:47,2025-06-22 08:00:40,331,15,3.0,Rompimento de fibra,Acidente de trânsito (poste),Alta,8,3.96,29.9,Encerrado
1624,2025-06-22 04:04:57,2025-06-22 05:30:53,2025-06-22 07:02:46,49,3,7.0,Rompimento de fibra,Roedores,Crítica,4,10.75,29.5,Encerrado
1625,2025-06-22 04:33:34,2025-06-22 07:13:06,2025-06-22 10:21:52,135,1,1.0,Rompimento de fibra,Obra de terceiros,Alta,8,7.74,38.1,Encerrado
1626,2025-06-22 05:59:27,2025-06-22 07:31:19,2025-06-22 10:16:50,188,15,18.0,Rompimento de fibra,Queda de árvore,Crítica,4,7.01,26.5,Encerrado
1627,2025-06-22 10:12:38,2025-06-22 11:43:05,2025-06-22 13:06:18,100,3,13.0,Queda de energia,Bateria do nobreak,Crítica,4,,,Encerrado
1628,2025-06-22 17:53:48,2025-06-22 18:06:23,2025-06-22 21:50:34,91,4,16.0,Rompimento de fibra,Acidente de trânsito (poste),Crítica,4,1.66,31.3,Encerrado
1629,2025-06-23 00:13:30,2025-06-23 00:28:14,2025-06-23 05:15:04,135,2,4.0,Rompimento de fibra,Queda de árvore,Crítica,4,11.56,26.3,Encerrado
1630,2025-06-23 06:11:42,2025-06-23 07:51:15,2025-06-23 09:29:42,295,6,1.0,Rompimento de fibra,Roedores,Alta,8,3.28,20.1,Encerrado
1631,2025-06-23 07:51:24,2025-06-23 08:15:47,2025-06-23 08:20:11,12,15,3.0,Queda de energia,Falta de energia da concessionária,Crítica,4,,,Encerrado
1632,2025-06-23 09:08:54,2025-06-24 00:41:49,2025-06-24 01:48:13,146,14,9.0,Configuração,Erro de configuração,Baixa,48,,,Encerrado
1633,2025-06-23 14:18:07,2025-06-23 22:57:49,2025-06-24 05:29:17,109,4,7.0,Falha de equipamento,Placa de interface,Média,24,,,Encerrado
1634,2025-06-23 21:45:57,2025-06-24 15:13:05,2025-06-24 18:29:19,399,15,15.0,Atenuação alta,Emenda degradada,Baixa,48,6.72,8.0,Encerrado
1635,2025-06-23 22:57:39,2025-06-24 01:40:37,2025-06-24 02:17:34,82,6,4.0,Queda de energia,Disjuntor,Alta,8,,,Encerrado
1636,2025-06-24 00:56:24,2025-06-24 01:39:53,2025-06-24 04:37:07,49,3,10.0,Falha de equipamento,Fonte de alimentação,Alta,8,,,Encerrado
1637,2025-06-24 04:18:27,2025-06-24 07:43:46,2025-06-24 08:33:40,33,12,18.0,Configuração,Atualização de firmware,Alta,8,,,Encerrado
1638,2025-06-24 06:00:34,2025-06-24 08:53:37,2025-06-24 10:46:41,177,7,11.0,Atenuação alta,Umidade na caixa de emenda,Média,24,4.67,2.2,Encerrado
1639,2025-06-24 08:09:50,2025-06-24 09:37:46,2025-06-24 11:15:00,367,5,10.0,Falha de equipamento,Switch,Média,24,,,Encerrado
1640,2025-06-24 10:30:03,2025-06-24 11:46:09,2025-06-24 17:25:19,19,8,2.0,Atenuação alta,Curvatura excessiva,Alta,8,3.47,8.2,Encerrado
1641,2025-06-24 14:53:17,2025-06-25 17:33:39,2025-06-25 18:00:20,214,16,18.0,Falha de equipamento,Placa de interface,Baixa,48,,,Encerrado
1642,2025-06-24 15:33:40,2025-06-24 16:57:54,2025-06-24 17:48:14,25,9,11.0,Configuração,Atualização de firmware,Crítica,4,,,Encerrado
1643,2025-06-24 18:44:21,2025-06-25 02:58:58,2025-06-25 03:35:25,200,2,13.0,Falha de equipamento,Fonte de alimentação,Média,24,,,Encerrado
1644,2025-06-24 21:02:13,2025-06-24 21:48:21,2025-06-25 01:45:20,49,3,13.0,Rompimento de fibra,Acidente de trânsito (poste),Crítica,4,2.83,23.9,Encerrado
1645,2025-06-24 21:28:38,2025-06-24 23:30:38,2025-06-25 03:24:55,72,7,2.0,Atenuação alta,Curvatura excessiva,Alta,8,2.07,3.0,Encerrado
1646,2025-06-25 02:49:27,2025-06-25 05:57:44,2025-06-25 06:28:01,338,15,12.0,Queda de energia,Disjuntor,Média,24,,,Encerrado
1647,2025-06-25 02:57:43,2025-06-25 10:23:47,2025-06-25 15:05:19,234,8,11.0,Atenuação alta,Curvatura excessiva,Média,24,9.73,4.4,Encerrado
1648,2025-06-25 04:48:22,2025-06-25 10:53:59,2025-06-25 13:14:05,160,1,4.0,Atenuação alta,Emenda degradada,Alta,8,10.71,7.8,Encerrado
1649,2025-06-25 05:55:08,2025-06-25 06:38:46,2025-06-25 09:06:51,374,6,1.0,Atenuação alta,Conector sujo,Alta,8,2.24,6.6,Encerrado
1650,2025-06-25 06:35:08,2025-06-25 11:56:49,2025-06-25 20:08:54,213,7,2.0,Atenuação alta,Umidade na caixa de emenda,Baixa,48,6.95,4.5,Encerrado
1651,2025-06-25 06:39:09,2025-06-25 09:04:44,2025-06-25 16:15:19,384,7,11.0,Rompimento de fibra,Acidente de trânsito (poste),Alta,8,3.35,25.5,Encerrado
1652,2025-06-25 10:09:19,2025-06-25 10:28:36,2025-06-25 15:45:41,294,13,9.0,Rompimento de fibra,Roedores,Crítica,4,3.75,19.3,Encerrado
1653,2025-06-25 10:42:54,2025-06-25 11:39:41,2025-06-25 15:34:28,344,12,15.0,Falha de equipamento,Placa de interface,Alta,8,,,Encerrado
1654,2025-06-25 12:14:09,2025-06-25 12:29:24,2025-06-25 14:43:27,40,15,6.0,Rompimento de fibra,Obra de terceiros,Crítica,4,0.75,37.9,Encerrado
1655,2025-06-25 18:24:25,2025-06-25 19:37:29,2025-06-25 22:59:19,278,14,9.0,Rompimento de fibra,Queda de árvore,Alta,8,4.98,19.6,Encerrado
1656,2025-06-25 18:59:31,2025-06-25 20:20:34,2025-06-26 02:29:12,377,11,3.0,Rompimento de fibra,Queda de árvore,Alta,8,3.67,33.2,Encerrado
1657,2025-06-25 22:05:50,2025-06-26 04:46:34,2025-06-26 05:26:35,352,1,10.0,Queda de energia,Bateria do nobreak,Média,24,,,Encerrado
1658,2025-06-25 23:54:48,2025-06-26 01:15:16,2025-06-26 02:20:53,191,7,14.0,Atenuação alta,Curvatura excessiva,Alta,8,1.1,9.0,Encerrado
1659,2025-06-25 23:55:17,2025-06-26 23:24:08,2025-06-27 03:04:24,190,5,4.0,Atenuação alta,Umidade na caixa de emenda,Média,24,5.04,7.4,Encerrado
1660,2025-06-26 04:28:30,2025-06-26 17:05:27,2025-06-26 20:06:24,305,13,3.0,Falha de equipamento,Placa de interface,Média,24,,,Encerrado
1661,2025-06-26 07:48:11,2025-06-26 11:33:03,2025-06-26 12:15:05,100,3,1.0,Configuração,Erro de configuração,Média,24,,,Encerrado
1662,2025-06-26 09:19:56,2025-06-26 09:45:53,2025-06-26 15:50:04,8,7,14.0,Furto/vandalismo de cabo,Furto de cabo,Crítica,4,1.67,35.6,Encerrado
1663,2025-06-26 10:54:41,2025-06-26 11:37:41,2025-06-26 13:44:06,269,15,6.0,Rompimento de fibra,Queda de árvore,Alta,8,2.63,27.0,Encerrado
1664,2025-06-26 11:02:24,2025-06-26 12:54:18,2025-06-26 18:23:19,238,15,18.0,Falha de equipamento,Módulo óptico (SFP/QSFP),Média,24,,,Encerrado
1665,2025-06-26 12:42:45,2025-06-26 14:33:40,2025-06-26 15:19:30,120,12,15.0,Configuração,Erro de configuração,Alta,8,,,Encerrado
1666,2025-06-26 13:54:04,2025-06-26 14:14:17,2025-06-26 15:27:50,254,16,3.0,Atenuação alta,Umidade na caixa de emenda,Alta,8,5.18,7.8,Encerrado
1667,2025-06-26 15:05:28,2025-06-26 16:49:26,2025-06-26 17:24:25,334,14,18.0,Queda de energia,Disjuntor,Alta,8,,,Encerrado
1668,2025-06-26 18:13:54,2025-06-26 20:15:44,2025-06-26 23:41:22,1,4,4.0,Falha de equipamento,Placa de interface,Alta,8,,,Encerrado
1669,2025-06-26 21:03:10,2025-06-27 06:33:26,2025-06-27 08:00:44,183,16,3.0,Queda de energia,Disjuntor,Média,24,,,Encerrado
1670,2025-06-26 23:36:32,2025-06-27 01:18:49,2025-06-27 04:35:42,291,5,7.0,Furto/vandalismo de cabo,Vandalismo,Crítica,4,4.27,38.9,Encerrado
1671,2025-06-27 04:25:40,2025-06-27 07:16:06,2025-06-27 12:53:52,298,5,1.0,Atenuação alta,Emenda degradada,Alta,8,16.45,1.8,Encerrado
1672,2025-06-27 08:44:28,2025-06-27 15:42:05,2025-06-27 18:22:58,27,3,4.0,Atenuação alta,Emenda degradada,Média,24,2.52,6.6,Encerrado
1673,2025-06-27 11:02:15,2025-06-27 12:54:29,2025-06-27 16:29:26,327,16,6.0,Rompimento de fibra,Queda de árvore,Alta,8,5.88,27.8,Encerrado
1674,2025-06-27 13:10:40,2025-06-27 14:30:05,2025-06-27 17:05:17,193,8,17.0,Furto/vandalismo de cabo,Vandalismo,Crítica,4,8.83,22.2,Encerrado
1675,2025-06-27 15:59:58,2025-06-27 18:30:05,2025-06-27 19:53:24,185,6,13.0,Falha de equipamento,Módulo óptico (SFP/QSFP),Média,24,,,Encerrado
1676,2025-06-27 16:14:32,2025-06-27 16:28:50,2025-06-27 20:38:26,213,8,8.0,Rompimento de fibra,Queda de árvore,Crítica,4,3.45,29.6,Encerrado
1677,2025-06-27 22:15:55,2025-06-28 10:31:18,2025-06-28 13:20:48,303,2,1.0,Atenuação alta,Emenda degradada,Média,24,6.66,2.6,Encerrado
1678,2025-06-27 23:37:49,2025-06-28 01:58:22,2025-06-28 02:59:23,33,12,9.0,Falha de equipamento,Switch,Alta,8,,,Encerrado
1679,2025-06-28 02:33:47,2025-06-28 03:13:09,2025-06-28 05:26:00,73,1,4.0,Rompimento de fibra,Roedores,Crítica,4,1.9,28.8,Encerrado
1680,2025-06-28 03:19:14,2025-06-29 04:03:58,2025-06-29 05:44:05,235,11,18.0,Falha de equipamento,Placa de interface,Média,24,,,Encerrado
1681,2025-06-28 07:12:48,2025-06-28 08:49:38,2025-06-28 19:15:27,94,7,17.0,Rompimento de fibra,Acidente de trânsito (poste),Crítica,4,4.26,23.9,Encerrado
1682,2025-06-28 15:46:28,2025-06-28 17:31:44,2025-06-28 18:58:54,148,1,16.0,Rompimento de fibra,Acidente de trânsito (poste),Crítica,4,0.28,34.8,Encerrado
1683,2025-06-28 19:53:28,2025-06-29 04:41:33,2025-06-29 07:10:22,120,11,9.0,Falha de equipamento,Módulo óptico (SFP/QSFP),Média,24,,,Encerrado
1684,2025-06-29 00:09:21,2025-06-29 01:18:39,2025-06-29 05:02:00,191,8,14.0,Furto/vandalismo de cabo,Furto de cabo,Alta,8,4.39,25.0,Encerrado
1685,2025-06-29 00:30:28,2025-06-29 02:02:54,2025-06-29 09:19:58,158,5,10.0,Falha de equipamento,Módulo óptico (SFP/QSFP),Alta,8,,,Encerrado
1686,2025-06-29 03:04:15,2025-06-29 03:33:30,2025-06-29 05:29:10,38,16,9.0,Rompimento de fibra,Queda de árvore,Crítica,4,3.08,37.6,Encerrado
1687,2025-06-29 05:20:58,2025-06-29 05:55:18,2025-06-29 07:55:30,280,5,13.0,Rompimento de fibra,Roedores,Crítica,4,1.47,26.5,Encerrado
1688,2025-06-29 06:11:11,2025-06-29 16:31:31,2025-06-29 16:54:00,344,11,12.0,Queda de energia,Bateria do nobreak,Média,24,,,Encerrado
1689,2025-06-29 07:52:01,2025-06-29 09:30:00,2025-06-29 11:59:09,179,14,3.0,Falha de equipamento,Placa de interface,Média,24,,,Encerrado
1690,2025-06-29 15:02:36,2025-06-29 16:17:44,2025-06-29 18:10:06,112,7,11.0,Rompimento de fibra,Obra de terceiros,Crítica,4,2.25,19.5,Encerrado
1691,2025-06-29 20:37:30,2025-06-30 04:30:06,2025-06-30 05:26:41,123,6,10.0,Queda de energia,Bateria do nobreak,Média,24,,,Encerrado
1692,2025-06-30 01:44:48,2025-06-30 05:06:32,2025-06-30 10:02:36,370,2,13.0,Furto/vandalismo de cabo,Vandalismo,Crítica,4,2.83,28.6,Encerrado
1693,2025-06-30 02:20:02,2025-06-30 22:36:02,2025-06-30 23:51:19,395,10,11.0,Falha de equipamento,Fonte de alimentação,Baixa,48,,,Encerrado
1694,2025-06-30 03:09:07,2025-06-30 04:45:44,2025-06-30 08:36:40,9,10,14.0,Rompimento de fibra,Queda de árvore,Crítica,4,8.19,24.3,Encerrado
1695,2025-06-30 06:20:13,2025-06-30 10:14:25,2025-06-30 12:00:44,111,6,7.0,Queda de energia,Bateria do nobreak,Alta,8,,,Encerrado
1696,2025-06-30 13:24:34,2025-06-30 13:56:09,2025-06-30 14:47:04,23,12,18.0,Queda de energia,Disjuntor,Crítica,4,,,Encerrado
1697,2025-06-30 19:20:50,2025-06-30 19:53:05,2025-07-01 04:17:12,241,16,9.0,Rompimento de fibra,Acidente de trânsito (poste),Crítica,4,9.79,19.0,Encerrado
1698,2025-06-30 20:01:40,2025-07-01 04:34:46,2025-07-01 05:07:23,303,1,10.0,Configuração,Erro de configuração,Média,24,,,Encerrado
1699,2025-06-30 20:43:03,2025-06-30 21:11:38,2025-06-30 22:58:38,384,8,8.0,Falha de equipamento,Switch,Média,24,,,Encerrado
1700,2025-06-30 22:03:03,2025-07-01 04:19:02,2025-07-01 06:32:11,1,3,4.0,Queda de energia,Falta de energia da concessionária,Média,24,,,Encerrado
1701,2025-07-01 00:38:04,2025-07-01 02:51:26,2025-07-01 04:46:24,389,3,4.0,Rompimento de fibra,Queda de árvore,Alta,8,7.93,28.3,Encerrado
1702,2025-07-01 04:10:46,2025-07-01 05:40:00,2025-07-01 08:23:16,100,4,16.0,Queda de energia,Disjuntor,Crítica,4,,,Encerrado
1703,2025-07-01 10:26:19,2025-07-01 10:46:07,2025-07-01 17:37:05,152,10,2.0,Rompimento de fibra,Roedores,Crítica,4,3.58,34.7,Encerrado
1704,2025-07-01 11:05:59,2025-07-01 11:53:44,2025-07-01 14:28:14,114,2,4.0,Rompimento de fibra,Obra de terceiros,Crítica,4,1.57,38.8,Encerrado
1705,2025-07-01 16:25:40,2025-07-01 17:22:16,2025-07-01 19:37:56,218,13,12.0,Rompimento de fibra,Obra de terceiros,Crítica,4,5.41,34.4,Encerrado
1706,2025-07-01 19:19:30,,,199,3,,Falha de equipamento,,Alta,8,,,Cancelado
1707,2025-07-02 00:15:11,2025-07-02 00:25:09,2025-07-02 03:47:11,82,6,4.0,Atenuação alta,Curvatura excessiva,Crítica,4,3.23,8.5,Encerrado
1708,2025-07-02 02:36:34,2025-07-02 04:50:11,2025-07-02 08:46:24,196,15,6.0,Rompimento de fibra,Roedores,Crítica,4,3.48,34.5,Encerrado
1709,2025-07-02 03:33:31,2025-07-02 04:45:41,2025-07-02 10:41:19,24,6,7.0,Rompimento de fibra,Acidente de trânsito (poste),Crítica,4,1.64,28.9,Encerrado
1710,2025-07-02 05:13:53,2025-07-02 05:32:13,2025-07-02 07:13:48,21,4,4.0,Queda de energia,Disjuntor,Crítica,4,,,Encerrado
1711,2025-07-02 07:25:08,2025-07-02 14:13:00,2025-07-02 16:40:47,370,2,1.0,Atenuação alta,Curvatura excessiva,Baixa,48,12.75,8.0,Encerrado
1712,2025-07-02 08:22:24,2025-07-02 12:32:05,2025-07-02 16:14:49,356,6,13.0,Atenuação alta,Emenda degradada,Alta,8,5.94,5.9,Encerrado
1713,2025-07-02 11:00:40,2025-07-02 20:01:48,2025-07-02 21:05:28,114,1,16.0,Queda de energia,Disjuntor,Média,24,,,Encerrado
1714,2025-07-02 11:34:13,2025-07-02 15:14:38,2025-07-02 22:39:12,361,13,15.0,Atenuação alta,Emenda degradada,Média,24,2.8,2.2,Encerrado
1715,2025-07-02 15:02:19,2025-07-02 22:59:31,2025-07-03 01:13:54,198,5,7.0,Atenuação alta,Emenda degradada,Baixa,48,1.28,7.9,Encerrado
1716,2025-07-02 18:44:47,2025-07-02 19:08:07,2025-07-02 20:58:45,179,14,12.0,Queda de energia,Disjuntor,Alta,8,,,Encerrado
1717,2025-07-02 20:38:14,2025-07-02 20:46:35,2025-07-03 01:29:56,71,12,12.0,Atenuação alta,Umidade na caixa de emenda,Crítica,4,4.54,4.2,Encerrado
1718,2025-07-02 23:00:03,2025-07-03 02:12:05,2025-07-03 03:37:44,146,15,15.0,Falha de equipamento,Módulo óptico (SFP/QSFP),Alta,8,,,Encerrado
1719,2025-07-03 08:05:32,2025-07-03 10:16:36,2025-07-03 12:01:12,8,8,2.0,Falha de equipamento,Placa de interface,Alta,8,,,Encerrado
1720,2025-07-03 10:04:53,2025-07-03 11:04:06,2025-07-03 12:49:13,221,16,3.0,Rompimento de fibra,Queda de árvore,Crítica,4,1.35,37.4,Encerrado
1721,2025-07-03 11:29:41,2025-07-03 12:43:38,2025-07-03 13:00:03,19,8,8.0,Queda de energia,Bateria do nobreak,Crítica,4,,,Encerrado
1722,2025-07-03 13:29:52,2025-07-03 18:19:02,2025-07-03 19:35:36,150,8,14.0,Falha de equipamento,Módulo óptico (SFP/QSFP),Baixa,48,,,Encerrado
1723,2025-07-03 14:02:59,2025-07-03 15:57:45,2025-07-03 18:55:23,322,11,3.0,Rompimento de fibra,Roedores,Alta,8,1.82,33.4,Encerrado
1724,2025-07-03 16:01:46,2025-07-05 00:00:18,2025-07-05 01:34:18,207,4,13.0,Queda de energia,Falta de energia da concessionária,Baixa,48,,,Encerrado
1725,2025-07-03 17:09:12,2025-07-04 12:26:49,2025-07-04 16:09:37,121,6,7.0,Atenuação alta,Umidade na caixa de emenda,Média,24,7.53,6.4,Encerrado
1726,2025-07-03 19:18:17,2025-07-03 20:49:39,2025-07-03 21:49:09,102,16,3.0,Queda de energia,Falta de energia da concessionária,Crítica,4,,,Encerrado
1727,2025-07-03 23:38:04,2025-07-04 06:17:47,2025-07-04 06:47:52,90,5,1.0,Queda de energia,Falta de energia da concessionária,Alta,8,,,Encerrado
1728,2025-07-03 23:44:13,2025-07-04 00:29:52,2025-07-04 03:40:43,173,12,6.0,Rompimento de fibra,Queda de árvore,Alta,8,1.34,20.1,Encerrado
1729,2025-07-03 23:51:55,2025-07-04 03:53:41,2025-07-04 07:13:41,157,12,15.0,Rompimento de fibra,Obra de terceiros,Alta,8,11.23,26.0,Encerrado
1730,2025-07-04 02:32:08,2025-07-04 03:13:44,2025-07-04 07:07:33,115,15,9.0,Atenuação alta,Curvatura excessiva,Crítica,4,8.92,5.7,Encerrado
1731,2025-07-04 07:03:24,2025-07-04 08:53:53,2025-07-04 10:08:09,338,15,3.0,Rompimento de fibra,Acidente de trânsito (poste),Crítica,4,3.94,32.8,Encerrado
1732,2025-07-04 09:41:59,2025-07-04 10:16:14,2025-07-04 17:31:04,205,14,3.0,Rompimento de fibra,Acidente de trânsito (poste),Crítica,4,6.1,35.0,Encerrado
1733,2025-07-04 10:43:28,2025-07-04 12:53:14,2025-07-04 13:53:30,205,14,18.0,Queda de energia,Falta de energia da concessionária,Alta,8,,,Encerrado
1734,2025-07-04 12:11:35,2025-07-04 13:25:08,2025-07-04 19:55:03,155,12,15.0,Rompimento de fibra,Queda de árvore,Crítica,4,2.66,24.2,Encerrado
1735,2025-07-04 16:01:31,2025-07-04 16:51:03,2025-07-04 22:21:22,318,14,12.0,Rompimento de fibra,Roedores,Crítica,4,9.09,27.6,Encerrado
1736,2025-07-04 16:12:15,2025-07-04 16:22:32,2025-07-04 19:28:18,47,7,5.0,Atenuação alta,Umidade na caixa de emenda,Alta,8,5.12,1.9,Encerrado
1737,2025-07-04 16:38:06,2025-07-04 17:08:28,2025-07-04 19:25:56,70,16,3.0,Queda de energia,Disjuntor,Crítica,4,,,Encerrado
1738,2025-07-04 17:18:42,2025-07-04 17:34:13,2025-07-04 19:39:37,366,13,6.0,Queda de energia,Disjuntor,Alta,8,,,Encerrado
1739,2025-07-04 23:11:37,2025-07-05 18:24:40,2025-07-05 19:13:37,151,5,4.0,Atenuação alta,Curvatura excessiva,Média,24,12.02,7.2,Encerrado
1740,2025-07-05 00:33:49,2025-07-05 02:39:24,2025-07-05 03:16:31,353,1,13.0,Falha de equipamento,Placa de interface,Alta,8,,,Encerrado
1741,2025-07-05 03:10:20,2025-07-05 05:07:46,2025-07-05 07:28:06,384,9,14.0,Rompimento de fibra,Queda de árvore,Alta,8,2.18,32.1,Encerrado
1742,2025-07-05 08:17:08,2025-07-05 09:23:19,2025-07-05 11:02:46,391,13,12.0,Rompimento de fibra,Acidente de trânsito (poste),Crítica,4,1.63,22.5,Encerrado
1743,2025-07-05 08:51:34,2025-07-06 07:29:38,2025-07-06 07:47:53,135,2,1.0,Queda de energia,Disjuntor,Média,24,,,Encerrado
1744,2025-07-05 09:14:19,2025-07-05 14:10:54,2025-07-05 15:03:00,278,14,12.0,Configuração,Atualização de firmware,Média,24,,,Encerrado
1745,2025-07-05 11:19:52,2025-07-05 13:36:20,2025-07-05 15:13:27,59,6,4.0,Rompimento de fibra,Roedores,Crítica,4,6.29,35.1,Encerrado
1746,2025-07-05 19:34:46,2025-07-05 20:43:50,2025-07-06 01:07:22,174,2,4.0,Rompimento de fibra,Obra de terceiros,Crítica,4,1.57,20.1,Encerrado
1747,2025-07-05 20:24:12,2025-07-06 01:57:40,2025-07-06 04:09:02,332,10,2.0,Atenuação alta,Umidade na caixa de emenda,Média,24,6.34,3.0,Encerrado
1748,2025-07-06 00:44:37,2025-07-06 18:24:07,2025-07-06 23:31:43,176,13,12.0,Atenuação alta,Emenda degradada,Média,24,6.07,4.1,Encerrado
1749,2025-07-06 03:26:09,2025-07-06 09:23:03,2025-07-06 10:57:10,192,2,1.0,Atenuação alta,Umidade na caixa de emenda,Média,24,3.04,3.6,Encerrado
1750,2025-07-06 06:35:23,2025-07-06 08:39:29,2025-07-06 16:08:34,127,16,6.0,Rompimento de fibra,Obra de terceiros,Alta,8,6.19,30.0,Encerrado
1751,2025-07-06 08:29:45,2025-07-07 00:39:37,2025-07-07 03:09:12,216,9,11.0,Atenuação alta,Emenda degradada,Média,24,3.12,6.0,Encerrado
1752,2025-07-06 11:49:35,2025-07-07 06:21:47,2025-07-07 07:20:25,313,1,13.0,Configuração,Erro de configuração,Média,24,,,Encerrado
1753,2025-07-06 13:07:24,2025-07-06 21:33:34,2025-07-07 02:11:04,4,5,1.0,Falha de equipamento,Fonte de alimentação,Média,24,,,Encerrado
1754,2025-07-06 14:31:20,2025-07-06 15:37:00,2025-07-06 16:55:01,9,10,5.0,Atenuação alta,Emenda degradada,Crítica,4,4.19,6.0,Encerrado
1755,2025-07-06 14:48:45,2025-07-06 15:37:47,2025-07-06 20:36:29,173,11,9.0,Rompimento de fibra,Obra de terceiros,Alta,8,1.49,24.8,Encerrado
1756,2025-07-06 17:23:02,2025-07-06 19:03:22,2025-07-06 23:48:51,279,5,4.0,Rompimento de fibra,Queda de árvore,Alta,8,3.21,36.1,Encerrado
1757,2025-07-06 17:53:32,2025-07-07 02:34:59,2025-07-07 03:56:18,175,4,7.0,Falha de equipamento,Módulo óptico (SFP/QSFP),Média,24,,,Encerrado
1758,2025-07-07 06:02:54,2025-07-08 19:39:52,2025-07-08 20:17:04,334,15,12.0,Queda de energia,Falta de energia da concessionária,Baixa,48,,,Encerrado
1759,2025-07-07 09:32:01,2025-07-07 14:01:01,2025-07-07 15:31:48,137,5,16.0,Falha de equipamento,Switch,Baixa,48,,,Encerrado
1760,2025-07-07 12:09:53,2025-07-07 15:17:49,2025-07-07 16:30:32,152,10,5.0,Falha de equipamento,Módulo óptico (SFP/QSFP),Alta,8,,,Encerrado
1761,2025-07-07 16:17:36,,,338,15,,Rompimento de fibra,,Crítica,4,5.99,21.1,Cancelado
1762,2025-07-07 16:29:52,2025-07-07 17:59:31,2025-07-07 19:38:46,396,1,10.0,Queda de energia,Disjuntor,Média,24,,,Encerrado
1763,2025-07-07 19:24:13,2025-07-07 21:50:37,2025-07-07 23:13:25,363,6,1.0,Queda de energia,Disjuntor,Alta,8,,,Encerrado
1764,2025-07-07 20:44:28,2025-07-08 06:31:32,2025-07-08 07:31:31,356,6,1.0,Queda de energia,Disjuntor,Média,24,,,Encerrado
1765,2025-07-08 00:03:34,2025-07-08 09:39:49,2025-07-08 11:43:28,255,4,10.0,Falha de equipamento,Switch,Média,24,,,Encerrado
1766,2025-07-08 02:09:26,2025-07-09 13:07:08,2025-07-09 13:26:57,243,13,3.0,Falha de equipamento,Fonte de alimentação,Baixa,48,,,Encerrado
1767,2025-07-08 04:18:58,2025-07-09 12:22:24,2025-07-09 13:02:36,125,13,6.0,Queda de energia,Bateria do nobreak,Média,24,,,Encerrado
1768,2025-07-08 05:36:06,2025-07-08 06:15:21,2025-07-08 14:29:45,240,7,8.0,Rompimento de fibra,Queda de árvore,Crítica,4,8.57,26.6,Encerrado
1769,2025-07-08 09:14:38,2025-07-08 12:26:46,2025-07-08 13:32:06,182,11,15.0,Configuração,Atualização de firmware,Média,24,,,Encerrado
1770,2025-07-08 11:00:01,2025-07-08 12:05:48,2025-07-08 13:55:58,294,13,9.0,Atenuação alta,Umidade na caixa de emenda,Alta,8,2.68,3.2,Encerrado
1771,2025-07-08 14:02:48,2025-07-08 15:23:52,2025-07-08 18:00:47,347,13,12.0,Falha de equipamento,Fonte de alimentação,Alta,8,,,Encerrado
1772,2025-07-08 17:14:18,2025-07-08 17:53:36,2025-07-08 22:58:04,142,16,15.0,Atenuação alta,Curvatura excessiva,Média,24,1.13,8.9,Encerrado
1773,2025-07-09 04:24:51,2025-07-09 09:30:35,2025-07-09 11:51:45,368,5,10.0,Falha de equipamento,Placa de interface,Média,24,,,Encerrado
1774,2025-07-09 07:33:55,2025-07-09 08:14:44,2025-07-09 12:55:40,272,16,9.0,Furto/vandalismo de cabo,Vandalismo,Crítica,4,4.27,31.7,Encerrado
1775,2025-07-09 11:12:03,2025-07-09 12:40:29,2025-07-09 16:49:45,249,4,10.0,Rompimento de fibra,Obra de terceiros,Crítica,4,3.69,33.2,Encerrado
1776,2025-07-09 14:38:18,2025-07-09 16:48:49,2025-07-09 19:01:30,98,2,7.0,Falha de equipamento,Switch,Alta,8,,,Encerrado
1777,2025-07-09 16:03:34,2025-07-09 18:07:51,2025-07-09 21:23:48,301,14,3.0,Atenuação alta,Conector sujo,Média,24,1.58,7.9,Encerrado
1778,2025-07-09 17:03:44,2025-07-09 17:31:51,2025-07-09 18:01:50,358,13,18.0,Falha de equipamento,Switch,Alta,8,,,Encerrado
1779,2025-07-09 20:24:59,2025-07-09 22:16:14,2025-07-09 22:43:33,137,5,7.0,Configuração,Erro de configuração,Média,24,,,Encerrado
1780,2025-07-09 21:10:29,2025-07-10 01:00:15,2025-07-10 05:24:20,352,2,16.0,Atenuação alta,Conector sujo,Média,24,0.97,4.4,Encerrado
1781,2025-07-10 00:17:04,2025-07-10 11:31:53,2025-07-10 14:22:14,308,6,16.0,Queda de energia,Falta de energia da concessionária,Média,24,,,Encerrado
1782,2025-07-10 03:35:15,2025-07-10 04:51:24,2025-07-10 07:13:05,61,15,6.0,Falha de equipamento,Módulo óptico (SFP/QSFP),Crítica,4,,,Encerrado
1783,2025-07-10 04:35:57,2025-07-10 05:16:06,2025-07-10 13:59:26,152,10,11.0,Furto/vandalismo de cabo,Vandalismo,Crítica,4,8.33,39.1,Encerrado
1784,2025-07-10 06:11:03,2025-07-10 22:35:01,2025-07-10 23:24:55,244,11,12.0,Falha de equipamento,Módulo óptico (SFP/QSFP),Baixa,48,,,Encerrado
1785,2025-07-10 06:28:43,2025-07-10 06:51:40,2025-07-10 09:03:14,66,7,14.0,Falha de equipamento,Módulo óptico (SFP/QSFP),Crítica,4,,,Encerrado
1786,2025-07-10 19:28:52,2025-07-10 21:00:25,2025-07-10 22:19:49,94,9,11.0,Queda de energia,Falta de energia da concessionária,Alta,8,,,Encerrado
1787,2025-07-11 01:23:52,2025-07-11 08:25:33,2025-07-11 09:00:57,164,16,15.0,Queda de energia,Disjuntor,Baixa,48,,,Encerrado
1788,2025-07-11 02:12:02,2025-07-11 04:15:34,2025-07-11 06:00:34,179,15,15.0,Falha de equipamento,Placa de interface,Alta,8,,,Encerrado
1789,2025-07-11 04:33:14,2025-07-11 05:35:53,2025-07-11 06:50:23,348,12,12.0,Configuração,Erro de configuração,Alta,8,,,Encerrado
1790,2025-07-11 05:24:34,2025-07-11 21:55:37,2025-07-12 02:53:41,288,10,11.0,Atenuação alta,Curvatura excessiva,Baixa,48,7.85,4.4,Encerrado
1791,2025-07-11 09:23:37,2025-07-11 10:19:22,2025-07-11 12:06:55,23,12,9.0,Rompimento de fibra,Queda de árvore,Crítica,4,0.96,24.1,Encerrado
1792,2025-07-11 09:42:27,2025-07-11 17:00:17,2025-07-11 18:34:24,241,16,18.0,Queda de energia,Falta de energia da concessionária,Média,24,,,Encerrado
1793,2025-07-11 20:25:40,2025-07-12 23:37:22,2025-07-13 01:31:39,388,12,18.0,Falha de equipamento,Módulo óptico (SFP/QSFP),Baixa,48,,,Encerrado
1794,2025-07-11 21:16:32,2025-07-11 23:40:24,2025-07-12 03:17:22,84,11,9.0,Atenuação alta,Curvatura excessiva,Alta,8,5.11,8.8,Encerrado
1795,2025-07-11 22:32:02,2025-07-12 12:25:26,2025-07-12 17:57:07,277,4,7.0,Queda de energia,Bateria do nobreak,Média,24,,,Encerrado
1796,2025-07-12 07:17:20,2025-07-12 09:08:44,2025-07-12 12:18:08,177,7,14.0,Furto/vandalismo de cabo,Vandalismo,Alta,8,5.92,29.9,Encerrado
1797,2025-07-12 07:57:28,2025-07-12 08:44:58,2025-07-12 11:55:37,357,5,1.0,Atenuação alta,Umidade na caixa de emenda,Alta,8,3.6,5.8,Encerrado
1798,2025-07-12 08:20:12,2025-07-12 09:30:30,2025-07-12 12:38:18,262,10,8.0,Atenuação alta,Curvatura excessiva,Média,24,2.54,6.8,Encerrado
1799,2025-07-12 08:54:10,2025-07-12 17:20:30,2025-07-12 18:38:46,167,2,13.0,Queda de energia,Bateria do nobreak,Baixa,48,,,Encerrado
1800,2025-07-12 09:41:28,2025-07-12 11:09:44,2025-07-12 17:05:14,51,6,7.0,Furto/vandalismo de cabo,Vandalismo,Crítica,4,1.3,34.7,Encerrado
1801,2025-07-12 11:47:20,2025-07-12 12:55:24,2025-07-12 14:57:12,32,3,16.0,Rompimento de fibra,Acidente de trânsito (poste),Crítica,4,1.75,33.8,Encerrado
1802,2025-07-12 18:55:53,2025-07-12 19:09:02,2025-07-12 23:06:23,150,9,8.0,Furto/vandalismo de cabo,Furto de cabo,Crítica,4,2.34,26.7,Encerrado
1803,2025-07-12 23:03:21,2025-07-12 23:50:33,2025-07-13 00:25:30,14,2,10.0,Configuração,Atualização de firmware,Alta,8,,,Encerrado
1804,2025-07-12 23:14:28,2025-07-13 15:00:49,2025-07-13 16:26:45,36,9,2.0,Configuração,Atualização de firmware,Média,24,,,Encerrado
1805,2025-07-13 02:27:54,2025-07-13 06:07:01,2025-07-13 12:24:12,33,12,3.0,Rompimento de fibra,Acidente de trânsito (poste),Crítica,4,4.32,31.2,Encerrado
1806,2025-07-13 06:34:01,2025-07-13 11:29:09,2025-07-13 13:47:44,225,13,3.0,Falha de equipamento,Placa de interface,Alta,8,,,Encerrado
1807,2025-07-13 12:04:34,2025-07-13 12:14:32,2025-07-13 12:36:47,101,1,1.0,Atenuação alta,Emenda degradada,Crítica,4,1.72,3.8,Encerrado
1808,2025-07-13 14:08:24,2025-07-13 14:37:57,2025-07-13 21:29:18,47,9,14.0,Furto/vandalismo de cabo,Vandalismo,Crítica,4,4.58,20.8,Encerrado
1809,2025-07-13 19:31:47,2025-07-14 10:12:10,2025-07-14 12:07:56,225,13,15.0,Atenuação alta,Emenda degradada,Baixa,48,1.31,7.3,Encerrado
1810,2025-07-14 01:01:32,2025-07-14 12:02:06,2025-07-14 12:51:26,146,15,18.0,Falha de equipamento,Fonte de alimentação,Média,24,,,Encerrado
1811,2025-07-14 02:06:55,2025-07-14 02:39:58,2025-07-14 07:11:24,329,13,18.0,Queda de energia,Falta de energia da concessionária,Alta,8,,,Encerrado
1812,2025-07-14 05:08:11,2025-07-14 05:48:05,2025-07-14 08:00:53,100,3,4.0,Queda de energia,Bateria do nobreak,Crítica,4,,,Encerrado
1813,2025-07-14 07:07:46,2025-07-14 15:46:07,2025-07-14 18:02:20,313,1,4.0,Atenuação alta,Emenda degradada,Baixa,48,7.06,4.4,Encerrado
1814,2025-07-14 07:28:06,2025-07-14 08:24:18,2025-07-14 14:02:58,270,13,18.0,Rompimento de fibra,Queda de árvore,Crítica,4,2.08,20.9,Encerrado
1815,2025-07-14 09:24:42,2025-07-14 14:59:03,2025-07-14 16:07:07,60,2,13.0,Atenuação alta,Curvatura excessiva,Alta,8,4.33,1.9,Encerrado
1816,2025-07-14 09:43:24,2025-07-14 10:51:52,2025-07-14 12:54:38,41,11,18.0,Atenuação alta,Umidade na caixa de emenda,Crítica,4,10.32,5.6,Encerrado
1817,2025-07-14 12:58:05,2025-07-14 13:26:03,2025-07-14 15:16:58,272,16,12.0,Rompimento de fibra,Acidente de trânsito (poste),Alta,8,6.21,21.4,Encerrado
1818,2025-07-14 18:52:56,2025-07-15 21:59:05,2025-07-16 02:25:33,177,9,5.0,Atenuação alta,Emenda degradada,Baixa,48,3.79,5.5,Encerrado
1819,2025-07-14 19:51:44,2025-07-14 22:04:18,2025-07-14 22:36:20,111,6,13.0,Queda de energia,Disjuntor,Alta,8,,,Encerrado
1820,2025-07-14 20:50:07,2025-07-14 22:40:42,2025-07-14 23:57:33,343,16,3.0,Rompimento de fibra,Acidente de trânsito (poste),Alta,8,4.44,25.6,Encerrado
1821,2025-07-14 22:52:56,2025-07-15 02:08:39,2025-07-15 02:54:37,365,2,1.0,Rompimento de fibra,Roedores,Alta,8,5.77,36.1,Encerrado
1822,2025-07-15 00:43:41,2025-07-15 01:38:58,2025-07-15 04:26:04,365,2,1.0,Rompimento de fibra,Roedores,Crítica,4,3.0,31.2,Encerrado
1823,2025-07-15 08:56:30,2025-07-15 11:23:29,2025-07-15 14:48:51,195,6,10.0,Atenuação alta,Umidade na caixa de emenda,Média,24,1.38,3.0,Encerrado
1824,2025-07-15 08:56:50,2025-07-15 13:41:05,2025-07-15 14:05:44,193,8,2.0,Falha de equipamento,Switch,Média,24,,,Encerrado
1825,2025-07-15 11:43:03,2025-07-15 12:51:30,2025-07-15 14:52:36,370,1,10.0,Rompimento de fibra,Queda de árvore,Crítica,4,5.06,23.0,Encerrado
1826,2025-07-15 12:56:35,2025-07-15 13:06:36,2025-07-15 15:05:37,43,11,18.0,Rompimento de fibra,Roedores,Crítica,4,2.25,34.6,Encerrado
1827,2025-07-15 14:28:51,2025-07-15 14:53:27,2025-07-15 15:04:48,323,10,8.0,Queda de energia,Falta de energia da concessionária,Alta,8,,,Encerrado
1828,2025-07-15 16:40:22,2025-07-15 18:25:35,2025-07-15 19:55:53,19,9,17.0,Queda de energia,Disjuntor,Alta,8,,,Encerrado
1829,2025-07-15 19:53:03,2025-07-15 21:04:41,2025-07-15 22:33:53,41,11,9.0,Falha de equipamento,Switch,Alta,8,,,Encerrado
1830,2025-07-15 21:45:30,2025-07-16 09:37:50,2025-07-16 10:09:02,162,1,4.0,Queda de energia,Falta de energia da concessionária,Baixa,48,,,Encerrado
1831,2025-07-16 01:35:16,2025-07-16 21:12:57,2025-07-16 22:03:53,280,5,7.0,Queda de energia,Falta de energia da concessionária,Baixa,48,,,Encerrado
1832,2025-07-16 03:11:41,2025-07-16 16:10:18,2025-07-16 17:56:44,375,2,13.0,Atenuação alta,Conector sujo,Média,24,1.03,3.0,Encerrado
1833,2025-07-16 09:09:06,2025-07-16 21:29:15,2025-07-17 00:46:02,393,13,3.0,Atenuação alta,Conector sujo,Baixa,48,3.76,6.5,Encerrado
1834,2025-07-16 09:33:47,2025-07-16 15:08:14,2025-07-16 16:44:19,175,3,7.0,Falha de equipamento,Switch,Média,24,,,Encerrado
1835,2025-07-16 12:29:50,2025-07-17 03:21:34,2025-07-17 11:19:33,337,14,15.0,Atenuação alta,Umidade na caixa de emenda,Baixa,48,12.4,2.5,Encerrado
1836,2025-07-16 18:55:55,2025-07-17 03:20:56,2025-07-17 07:23:26,220,6,7.0,Atenuação alta,Conector sujo,Baixa,48,1.61,2.3,Encerrado
1837,2025-07-16 19:54:33,2025-07-16 22:24:19,2025-07-16 23:47:02,179,15,12.0,Queda de energia,Disjuntor,Média,24,,,Encerrado
1838,2025-07-16 20:02:32,2025-07-16 20:35:56,2025-07-16 22:11:17,107,6,7.0,Queda de energia,Disjuntor,Alta,8,,,Encerrado
1839,2025-07-16 21:48:09,2025-07-16 21:59:17,2025-07-17 03:03:48,174,1,16.0,Rompimento de fibra,Obra de terceiros,Crítica,4,0.93,21.0,Encerrado
1840,2025-07-17 00:41:51,2025-07-18 05:26:00,2025-07-18 05:30:32,251,4,13.0,Atenuação alta,Conector sujo,Baixa,48,3.96,4.5,Encerrado
1841,2025-07-17 09:58:08,2025-07-17 18:17:26,2025-07-17 21:08:04,193,9,5.0,Atenuação alta,Emenda degradada,Baixa,48,2.6,2.4,Encerrado
1842,2025-07-17 12:36:59,2025-07-17 13:05:54,2025-07-17 17:44:58,365,1,1.0,Rompimento de fibra,Obra de terceiros,Crítica,4,10.01,23.3,Encerrado
1843,2025-07-17 12:44:35,2025-07-17 13:22:44,2025-07-17 19:07:33,365,1,16.0,Furto/vandalismo de cabo,Vandalismo,Alta,8,10.57,37.8,Encerrado
1844,2025-07-17 17:31:25,2025-07-17 18:27:21,2025-07-17 22:50:00,23,12,3.0,Rompimento de fibra,Roedores,Crítica,4,7.0,20.3,Encerrado
1845,2025-07-17 19:38:46,2025-07-17 22:01:29,2025-07-18 01:10:07,304,13,18.0,Furto/vandalismo de cabo,Vandalismo,Alta,8,7.55,35.8,Encerrado
1846,2025-07-17 20:15:01,2025-07-18 00:11:08,2025-07-18 02:08:21,233,14,12.0,Queda de energia,Bateria do nobreak,Alta,8,,,Encerrado
1847,2025-07-17 21:50:53,2025-07-18 17:15:22,2025-07-18 19:32:32,398,9,8.0,Atenuação alta,Curvatura excessiva,Baixa,48,5.49,5.4,Encerrado
1848,2025-07-18 00:10:26,2025-07-18 06:04:42,2025-07-18 06:53:21,202,14,12.0,Queda de energia,Falta de energia da concessionária,Média,24,,,Encerrado
1849,2025-07-18 00:55:31,2025-07-18 22:22:29,2025-07-18 23:42:21,207,4,7.0,Atenuação alta,Curvatura excessiva,Baixa,48,1.28,6.4,Encerrado
1850,2025-07-18 08:41:04,2025-07-19 08:34:52,2025-07-19 12:30:30,212,7,14.0,Configuração,Atualização de firmware,Média,24,,,Encerrado
1851,2025-07-18 10:32:04,2025-07-18 10:51:05,2025-07-18 14:57:48,163,5,1.0,Rompimento de fibra,Queda de árvore,Alta,8,4.58,18.3,Encerrado
1852,2025-07-18 12:41:05,2025-07-18 17:30:35,2025-07-18 20:26:08,199,4,10.0,Falha de equipamento,Placa de interface,Alta,8,,,Encerrado
1853,2025-07-18 16:36:34,2025-07-18 16:59:11,2025-07-18 21:28:05,308,6,4.0,Rompimento de fibra,Queda de árvore,Crítica,4,2.8,25.4,Encerrado
1854,2025-07-18 21:03:56,2025-07-18 22:48:42,2025-07-19 02:05:05,319,16,9.0,Rompimento de fibra,Queda de árvore,Alta,8,2.66,31.2,Encerrado
1855,2025-07-18 21:18:50,2025-07-19 01:10:49,2025-07-19 02:26:39,372,14,3.0,Falha de equipamento,Switch,Média,24,,,Encerrado
1856,2025-07-18 22:05:27,2025-07-19 11:37:13,2025-07-19 14:53:29,134,1,13.0,Atenuação alta,Umidade na caixa de emenda,Média,24,0.19,8.6,Encerrado
1857,2025-07-19 02:30:58,2025-07-19 07:10:04,2025-07-19 08:39:46,245,5,13.0,Queda de energia,Falta de energia da concessionária,Média,24,,,Encerrado
1858,2025-07-19 06:39:09,2025-07-19 14:54:29,2025-07-19 16:49:22,257,16,18.0,Queda de energia,Disjuntor,Média,24,,,Encerrado
1859,2025-07-19 07:12:33,2025-07-19 16:16:06,2025-07-19 18:25:05,170,5,13.0,Falha de equipamento,Switch,Média,24,,,Encerrado
1860,2025-07-19 08:47:36,2025-07-20 03:59:52,2025-07-20 05:02:48,358,13,12.0,Queda de energia,Disjuntor,Baixa,48,,,Encerrado
1861,2025-07-19 09:00:50,2025-07-19 15:06:27,2025-07-19 17:37:22,234,8,17.0,Atenuação alta,Conector sujo,Média,24,5.0,8.2,Encerrado
1862,2025-07-19 15:26:28,2025-07-20 07:07:56,2025-07-20 07:53:59,274,15,3.0,Queda de energia,Bateria do nobreak,Média,24,,,Encerrado
1863,2025-07-19 18:53:08,,,336,13,,Rompimento de fibra,,Crítica,4,4.08,25.3,Cancelado
1864,2025-07-19 19:19:48,2025-07-19 20:00:52,2025-07-20 01:22:35,79,9,11.0,Atenuação alta,Curvatura excessiva,Crítica,4,2.74,4.8,Encerrado
1865,2025-07-19 21:05:06,2025-07-19 23:06:48,2025-07-20 01:24:27,118,3,10.0,Rompimento de fibra,Acidente de trânsito (poste),Crítica,4,3.88,37.8,Encerrado
1866,2025-07-19 21:48:41,2025-07-20 02:03:28,2025-07-20 06:53:25,123,6,4.0,Atenuação alta,Umidade na caixa de emenda,Média,24,1.75,7.9,Encerrado
1867,2025-07-20 02:11:52,2025-07-20 15:19:05,2025-07-20 17:17:23,387,6,10.0,Atenuação alta,Curvatura excessiva,Média,24,1.6,5.7,Encerrado
1868,2025-07-20 02:50:33,2025-07-20 04:40:03,2025-07-20 05:30:22,376,14,15.0,Queda de energia,Disjuntor,Alta,8,,,Encerrado
1869,2025-07-20 03:41:52,2025-07-20 13:55:57,2025-07-20 16:07:22,172,16,3.0,Queda de energia,Falta de energia da concessionária,Média,24,,,Encerrado
1870,2025-07-20 04:52:44,2025-07-20 06:56:03,2025-07-20 16:46:20,8,7,14.0,Rompimento de fibra,Roedores,Crítica,4,1.74,22.4,Encerrado
1871,2025-07-20 05:12:11,2025-07-20 13:08:46,2025-07-20 13:28:51,266,8,8.0,Falha de equipamento,Switch,Baixa,48,,,Encerrado
1872,2025-07-20 07:42:35,2025-07-20 10:02:42,2025-07-20 11:11:52,312,10,11.0,Queda de energia,Falta de energia da concessionária,Alta,8,,,Encerrado
1873,2025-07-20 13:28:32,2025-07-20 17:17:15,2025-07-20 18:11:40,367,5,10.0,Falha de equipamento,Fonte de alimentação,Média,24,,,Encerrado
1874,2025-07-20 13:36:27,2025-07-20 21:49:40,2025-07-20 22:05:32,209,14,9.0,Queda de energia,Falta de energia da concessionária,Média,24,,,Encerrado
1875,2025-07-20 16:46:22,2025-07-20 17:36:44,2025-07-20 19:16:11,52,11,6.0,Falha de equipamento,Switch,Alta,8,,,Encerrado
1876,2025-07-20 21:51:21,2025-07-21 00:14:59,2025-07-21 01:52:37,22,1,1.0,Atenuação alta,Emenda degradada,Média,24,3.1,4.3,Encerrado
1877,2025-07-20 23:38:42,2025-07-21 05:41:06,2025-07-21 06:16:04,269,14,12.0,Falha de equipamento,Switch,Média,24,,,Encerrado
1878,2025-07-21 00:39:35,2025-07-21 18:02:07,2025-07-21 19:28:02,290,16,9.0,Queda de energia,Bateria do nobreak,Média,24,,,Encerrado
1879,2025-07-21 05:15:31,2025-07-21 06:04:15,2025-07-21 08:33:53,207,3,16.0,Rompimento de fibra,Roedores,Crítica,4,4.53,36.2,Encerrado
1880,2025-07-21 07:01:33,2025-07-21 23:55:04,2025-07-22 00:30:20,137,5,16.0,Atenuação alta,Conector sujo,Baixa,48,3.65,2.7,Encerrado
1881,2025-07-21 07:14:01,2025-07-21 08:54:16,2025-07-21 09:58:06,201,2,1.0,Rompimento de fibra,Obra de terceiros,Alta,8,6.28,33.8,Encerrado
1882,2025-07-21 08:44:10,2025-07-21 09:14:04,2025-07-21 11:37:01,17,1,16.0,Atenuação alta,Conector sujo,Crítica,4,1.88,3.4,Encerrado
1883,2025-07-21 14:32:44,2025-07-21 19:27:45,2025-07-21 20:10:31,288,10,2.0,Queda de energia,Falta de energia da concessionária,Média,24,,,Encerrado
1884,2025-07-21 14:57:13,,,305,13,,Rompimento de fibra,,Alta,8,13.4,23.5,Cancelado
1885,2025-07-21 21:16:48,2025-07-21 21:47:44,2025-07-21 22:25:50,38,16,9.0,Atenuação alta,Emenda degradada,Crítica,4,7.03,3.7,Encerrado
1886,2025-07-22 05:00:40,,,14,2,,Queda de energia,,Crítica,4,,,Cancelado
1887,2025-07-22 05:18:41,2025-07-22 05:47:59,2025-07-22 14:40:40,47,9,11.0,Furto/vandalismo de cabo,Vandalismo,Crítica,4,2.42,39.1,Encerrado
1888,2025-07-22 05:32:40,2025-07-22 07:18:21,2025-07-22 08:19:29,88,10,17.0,Configuração,Erro de configuração,Média,24,,,Encerrado
1889,2025-07-22 09:38:54,2025-07-22 11:11:01,2025-07-22 14:27:27,266,8,2.0,Queda de energia,Bateria do nobreak,Baixa,48,,,Encerrado
1890,2025-07-22 10:40:14,2025-07-22 12:27:29,2025-07-22 15:34:02,32,3,16.0,Atenuação alta,Curvatura excessiva,Alta,8,5.18,1.6,Encerrado
1891,2025-07-22 15:03:09,2025-07-22 15:59:20,2025-07-22 17:46:23,348,12,3.0,Rompimento de fibra,Roedores,Alta,8,4.25,30.3,Encerrado
1892,2025-07-23 02:27:48,2025-07-23 03:43:53,2025-07-23 07:23:32,266,9,14.0,Furto/vandalismo de cabo,Furto de cabo,Crítica,4,1.01,30.4,Encerrado
1893,2025-07-23 05:56:19,2025-07-23 08:28:17,2025-07-23 09:38:03,281,16,6.0,Falha de equipamento,Switch,Média,24,,,Encerrado
1894,2025-07-23 06:26:02,2025-07-23 06:43:04,2025-07-23 08:45:12,209,15,15.0,Rompimento de fibra,Queda de árvore,Crítica,4,0.76,35.6,Encerrado
1895,2025-07-23 07:37:06,2025-07-23 11:07:32,2025-07-23 14:03:27,130,13,18.0,Atenuação alta,Emenda degradada,Média,24,2.23,3.0,Encerrado
1896,2025-07-23 10:47:22,2025-07-23 12:55:39,2025-07-23 15:25:49,90,5,7.0,Queda de energia,Bateria do nobreak,Alta,8,,,Encerrado
1897,2025-07-23 17:19:24,2025-07-24 15:09:56,2025-07-24 16:09:27,134,1,1.0,Falha de equipamento,Módulo óptico (SFP/QSFP),Baixa,48,,,Encerrado
1898,2025-07-23 18:15:13,2025-07-23 20:52:06,2025-07-23 22:33:24,325,4,13.0,Rompimento de fibra,Queda de árvore,Alta,8,2.87,39.4,Encerrado
1899,2025-07-23 20:30:13,2025-07-23 23:01:22,2025-07-24 00:04:14,234,7,8.0,Falha de equipamento,Fonte de alimentação,Média,24,,,Encerrado
1900,2025-07-24 03:15:54,2025-07-24 05:38:35,2025-07-24 08:56:41,180,5,4.0,Rompimento de fibra,Roedores,Alta,8,0.88,28.4,Encerrado
1901,2025-07-24 03:16:17,2025-07-24 15:54:49,2025-07-24 19:30:30,346,13,6.0,Falha de equipamento,Módulo óptico (SFP/QSFP),Média,24,,,Encerrado
1902,2025-07-24 07:11:55,2025-07-24 08:06:25,2025-07-24 09:15:17,202,15,18.0,Rompimento de fibra,Queda de árvore,Crítica,4,5.24,34.1,Encerrado
1903,2025-07-24 07:20:45,2025-07-25 04:35:26,2025-07-25 08:34:11,215,10,11.0,Falha de equipamento,Switch,Baixa,48,,,Encerrado
1904,2025-07-24 10:26:59,2025-07-24 10:54:17,2025-07-24 14:56:53,192,1,4.0,Falha de equipamento,Placa de interface,Média,24,,,Encerrado
1905,2025-07-24 15:05:18,2025-07-25 00:07:52,2025-07-25 02:08:09,385,6,1.0,Atenuação alta,Emenda degradada,Média,24,1.41,7.9,Encerrado
1906,2025-07-24 16:06:29,2025-07-24 16:43:12,2025-07-24 23:43:45,22,2,10.0,Rompimento de fibra,Queda de árvore,Crítica,4,1.95,34.2,Encerrado
1907,2025-07-24 19:20:27,2025-07-24 20:34:04,2025-07-25 00:11:20,159,6,13.0,Rompimento de fibra,Roedores,Crítica,4,5.12,22.1,Encerrado
1908,2025-07-24 20:15:26,2025-07-25 19:03:25,2025-07-25 20:49:38,199,4,16.0,Queda de energia,Disjuntor,Baixa,48,,,Encerrado
1909,2025-07-25 08:01:14,2025-07-25 21:53:47,2025-07-25 23:18:53,344,12,9.0,Falha de equipamento,Fonte de alimentação,Média,24,,,Encerrado
1910,2025-07-25 08:36:40,2025-07-25 20:33:27,2025-07-25 21:27:42,285,16,18.0,Configuração,Atualização de firmware,Baixa,48,,,Encerrado
1911,2025-07-25 15:29:31,2025-07-25 22:33:22,2025-07-25 22:58:35,351,15,3.0,Queda de energia,Disjuntor,Baixa,48,,,Encerrado
1912,2025-07-25 16:16:31,2025-07-25 18:36:05,2025-07-25 21:35:10,173,11,9.0,Falha de equipamento,Fonte de alimentação,Média,24,,,Encerrado
1913,2025-07-25 22:32:24,2025-07-26 06:47:39,2025-07-26 07:50:22,150,7,14.0,Configuração,Atualização de firmware,Média,24,,,Encerrado
1914,2025-07-26 05:15:07,2025-07-27 04:46:59,2025-07-27 07:29:22,100,4,1.0,Falha de equipamento,Switch,Média,24,,,Encerrado
1915,2025-07-26 06:58:34,2025-07-26 07:16:11,2025-07-26 13:57:07,165,6,16.0,Rompimento de fibra,Roedores,Crítica,4,2.36,27.0,Encerrado
1916,2025-07-26 10:09:17,2025-07-26 10:58:14,2025-07-26 18:50:43,363,6,16.0,Rompimento de fibra,Roedores,Crítica,4,5.12,35.2,Encerrado
1917,2025-07-26 14:06:35,2025-07-26 15:31:09,2025-07-26 17:40:48,112,7,17.0,Falha de equipamento,Fonte de alimentação,Alta,8,,,Encerrado
1918,2025-07-26 14:20:03,2025-07-26 15:44:35,2025-07-27 03:13:23,17,2,10.0,Rompimento de fibra,Roedores,Crítica,4,4.28,26.7,Encerrado
1919,2025-07-26 14:45:34,2025-07-26 15:39:13,2025-07-27 01:05:39,213,7,5.0,Rompimento de fibra,Obra de terceiros,Alta,8,2.63,19.1,Encerrado
1920,2025-07-26 15:46:56,2025-07-26 19:19:36,2025-07-26 19:56:59,240,9,2.0,Configuração,Erro de configuração,Média,24,,,Encerrado
1921,2025-07-26 18:47:57,2025-07-27 02:34:01,2025-07-27 05:04:07,191,9,14.0,Falha de equipamento,Placa de interface,Média,24,,,Encerrado
1922,2025-07-26 19:24:05,2025-07-26 21:07:49,2025-07-26 23:05:25,5,10,5.0,Rompimento de fibra,Obra de terceiros,Crítica,4,0.56,33.5,Encerrado
1923,2025-07-26 19:40:00,2025-07-26 21:51:11,2025-07-26 22:58:24,39,15,3.0,Atenuação alta,Umidade na caixa de emenda,Crítica,4,8.38,7.8,Encerrado
1924,2025-07-26 22:06:39,2025-07-26 23:25:48,2025-07-27 05:08:18,46,12,6.0,Rompimento de fibra,Queda de árvore,Crítica,4,4.74,27.5,Encerrado
1925,2025-07-27 02:16:46,2025-07-27 18:16:29,2025-07-27 21:53:25,207,4,16.0,Atenuação alta,Conector sujo,Média,24,3.04,7.0,Encerrado
1926,2025-07-27 02:19:20,2025-07-27 05:25:18,2025-07-27 16:11:13,117,6,16.0,Rompimento de fibra,Obra de terceiros,Crítica,4,1.78,25.0,Encerrado
1927,2025-07-27 03:50:37,2025-07-27 04:43:51,2025-07-27 05:31:52,112,7,11.0,Configuração,Erro de configuração,Alta,8,,,Encerrado
1928,2025-07-27 06:36:07,2025-07-27 12:27:53,2025-07-27 17:14:11,330,12,12.0,Atenuação alta,Umidade na caixa de emenda,Baixa,48,3.6,3.7,Encerrado
1929,2025-07-27 08:12:27,2025-07-27 08:58:05,2025-07-27 10:58:25,1,4,1.0,Falha de equipamento,Placa de interface,Crítica,4,,,Encerrado
1930,2025-07-27 08:37:17,2025-07-27 09:09:52,2025-07-27 09:52:42,84,11,12.0,Queda de energia,Bateria do nobreak,Alta,8,,,Encerrado
1931,2025-07-27 08:44:51,2025-07-27 13:14:08,2025-07-27 14:30:27,38,16,15.0,Falha de equipamento,Módulo óptico (SFP/QSFP),Alta,8,,,Encerrado
1932,2025-07-27 09:46:32,2025-07-27 10:24:14,2025-07-27 15:29:38,89,9,17.0,Rompimento de fibra,Obra de terceiros,Crítica,4,0.52,28.0,Encerrado
1933,2025-07-27 13:41:07,2025-07-27 14:13:44,2025-07-27 14:48:13,259,10,17.0,Configuração,Erro de configuração,Alta,8,,,Encerrado
1934,2025-07-27 18:53:12,2025-07-29 03:45:03,2025-07-29 05:39:48,358,13,9.0,Queda de energia,Falta de energia da concessionária,Baixa,48,,,Encerrado
1935,2025-07-27 20:28:34,2025-07-27 21:15:06,2025-07-27 23:09:16,193,7,2.0,Configuração,Erro de configuração,Média,24,,,Encerrado
1936,2025-07-27 21:00:09,2025-07-29 06:09:48,2025-07-29 07:54:09,322,12,15.0,Queda de energia,Bateria do nobreak,Baixa,48,,,Encerrado
1937,2025-07-27 22:20:02,,,380,11,,Rompimento de fibra,,Alta,8,8.91,32.6,Cancelado
1938,2025-07-28 01:25:08,2025-07-28 09:52:22,2025-07-28 11:04:47,114,1,4.0,Atenuação alta,Emenda degradada,Alta,8,2.52,7.8,Encerrado
1939,2025-07-28 01:46:58,2025-07-28 04:01:13,2025-07-28 14:57:09,266,8,14.0,Furto/vandalismo de cabo,Furto de cabo,Alta,8,3.19,31.9,Encerrado
1940,2025-07-28 09:09:57,2025-07-28 09:29:04,2025-07-28 12:42:07,164,16,15.0,Furto/vandalismo de cabo,Furto de cabo,Crítica,4,6.64,33.1,Encerrado
1941,2025-07-28 15:16:12,2025-07-28 20:56:09,2025-07-28 21:34:34,382,14,18.0,Configuração,Erro de configuração,Média,24,,,Encerrado
1942,2025-07-28 16:57:49,2025-07-28 18:56:21,2025-07-28 23:34:03,243,13,18.0,Rompimento de fibra,Roedores,Alta,8,4.02,26.9,Encerrado
1943,2025-07-28 17:51:49,2025-07-28 20:19:41,2025-07-29 00:24:10,195,6,13.0,Atenuação alta,Umidade na caixa de emenda,Média,24,4.84,5.5,Encerrado
1944,2025-07-28 20:33:13,2025-07-29 11:17:28,2025-07-29 13:04:29,138,12,12.0,Configuração,Atualização de firmware,Baixa,48,,,Encerrado
1945,2025-07-28 21:57:19,2025-07-28 22:05:59,2025-07-29 01:53:22,168,2,13.0,Rompimento de fibra,Roedores,Crítica,4,6.2,19.9,Encerrado
1946,2025-07-29 00:14:49,2025-07-29 03:18:29,2025-07-29 04:31:46,116,11,18.0,Queda de energia,Bateria do nobreak,Alta,8,,,Encerrado
1947,2025-07-29 00:39:51,2025-07-29 03:16:45,2025-07-29 04:04:42,337,15,9.0,Configuração,Atualização de firmware,Média,24,,,Encerrado
1948,2025-07-29 01:00:37,2025-07-30 15:32:12,2025-07-30 17:15:32,177,9,5.0,Atenuação alta,Curvatura excessiva,Baixa,48,2.44,6.7,Encerrado
1949,2025-07-29 01:06:16,2025-07-29 16:33:31,2025-07-29 19:12:39,325,4,10.0,Queda de energia,Falta de energia da concessionária,Média,24,,,Encerrado
1950,2025-07-29 04:29:28,2025-07-29 05:36:33,2025-07-29 10:11:54,297,2,16.0,Rompimento de fibra,Acidente de trânsito (poste),Alta,8,0.85,33.0,Encerrado
1951,2025-07-29 05:07:10,2025-07-29 09:14:28,2025-07-29 10:26:01,47,9,8.0,Falha de equipamento,Módulo óptico (SFP/QSFP),Média,24,,,Encerrado
1952,2025-07-29 06:19:37,2025-07-30 10:02:05,2025-07-30 11:48:47,178,13,6.0,Configuração,Atualização de firmware,Baixa,48,,,Encerrado
1953,2025-07-29 11:43:19,2025-07-29 12:10:30,2025-07-29 20:11:26,202,14,9.0,Rompimento de fibra,Roedores,Crítica,4,14.54,35.4,Encerrado
1954,2025-07-29 13:44:06,2025-07-29 16:55:28,2025-07-29 18:01:35,10,16,12.0,Queda de energia,Bateria do nobreak,Alta,8,,,Encerrado
1955,2025-07-29 16:18:26,2025-07-30 04:57:51,2025-07-30 08:33:19,188,14,9.0,Queda de energia,Disjuntor,Baixa,48,,,Encerrado
1956,2025-07-29 17:24:42,2025-07-29 17:44:54,2025-07-29 19:23:27,281,16,9.0,Furto/vandalismo de cabo,Furto de cabo,Crítica,4,2.54,26.1,Encerrado
1957,2025-07-29 18:30:14,2025-07-29 20:34:53,2025-07-29 21:11:34,179,15,18.0,Queda de energia,Bateria do nobreak,Baixa,48,,,Encerrado
1958,2025-07-29 22:06:17,2025-07-31 10:29:21,2025-07-31 15:42:10,174,1,4.0,Atenuação alta,Conector sujo,Baixa,48,8.04,2.1,Encerrado
1959,2025-07-29 22:24:53,2025-07-30 05:21:04,2025-07-30 08:03:12,265,14,3.0,Atenuação alta,Emenda degradada,Média,24,4.3,4.0,Encerrado
1960,2025-07-30 00:13:12,2025-07-30 01:09:32,2025-07-30 03:32:05,129,3,1.0,Queda de energia,Bateria do nobreak,Média,24,,,Encerrado
1961,2025-07-30 00:14:28,2025-07-30 01:24:08,2025-07-30 08:54:05,149,9,5.0,Furto/vandalismo de cabo,Furto de cabo,Crítica,4,2.91,36.8,Encerrado
1962,2025-07-30 03:24:08,2025-07-30 05:54:28,2025-07-30 09:41:59,24,6,10.0,Queda de energia,Bateria do nobreak,Média,24,,,Encerrado
1963,2025-07-30 05:40:37,2025-07-30 06:24:33,2025-07-30 06:41:34,70,16,9.0,Queda de energia,Falta de energia da concessionária,Alta,8,,,Encerrado
1964,2025-07-30 07:23:10,2025-07-30 07:42:40,2025-07-30 15:06:47,266,8,14.0,Rompimento de fibra,Roedores,Crítica,4,2.53,28.6,Encerrado
1965,2025-07-30 08:13:27,2025-07-31 02:36:58,2025-07-31 08:37:57,281,16,6.0,Falha de equipamento,Módulo óptico (SFP/QSFP),Baixa,48,,,Encerrado
1966,2025-07-30 12:20:42,2025-07-30 19:39:57,2025-07-30 22:19:13,388,11,9.0,Atenuação alta,Curvatura excessiva,Baixa,48,2.0,7.2,Encerrado
1967,2025-07-30 14:44:39,2025-07-30 18:04:16,2025-07-30 20:26:14,213,7,14.0,Queda de energia,Falta de energia da concessionária,Média,24,,,Encerrado
1968,2025-07-30 14:50:57,2025-07-30 15:26:09,2025-07-30 16:02:33,19,8,8.0,Falha de equipamento,Placa de interface,Crítica,4,,,Encerrado
1969,2025-07-30 17:05:43,2025-07-31 02:02:39,2025-07-31 06:33:13,190,5,7.0,Falha de equipamento,Módulo óptico (SFP/QSFP),Baixa,48,,,Encerrado
1970,2025-07-30 19:13:27,2025-07-30 19:42:17,2025-07-31 04:44:52,59,6,10.0,Rompimento de fibra,Queda de árvore,Crítica,4,2.55,18.5,Encerrado
1971,2025-07-30 21:29:18,2025-07-30 22:25:57,2025-07-31 00:44:30,89,7,11.0,Furto/vandalismo de cabo,Vandalismo,Crítica,4,4.3,31.7,Encerrado
1972,2025-07-31 06:56:34,2025-07-31 10:51:59,2025-07-31 12:23:57,267,5,10.0,Atenuação alta,Emenda degradada,Média,24,10.2,8.1,Encerrado
1973,2025-07-31 08:01:03,2025-07-31 12:48:07,2025-07-31 15:53:10,135,2,10.0,Falha de equipamento,Fonte de alimentação,Média,24,,,Encerrado
1974,2025-07-31 08:13:46,2025-07-31 11:16:37,2025-07-31 12:58:43,12,14,9.0,Queda de energia,Bateria do nobreak,Média,24,,,Encerrado
1975,2025-07-31 09:18:52,2025-07-31 11:53:04,2025-07-31 13:21:32,14,2,4.0,Rompimento de fibra,Roedores,Crítica,4,1.64,24.0,Encerrado
1976,2025-07-31 21:46:04,2025-08-01 05:57:06,2025-08-01 07:54:41,366,13,18.0,Falha de equipamento,Switch,Média,24,,,Encerrado
1977,2025-07-31 23:11:06,2025-07-31 23:55:46,2025-08-01 00:01:55,8,8,14.0,Furto/vandalismo de cabo,Vandalismo,Crítica,4,4.55,19.3,Encerrado
1978,2025-08-01 01:38:45,2025-08-01 11:24:24,2025-08-01 13:43:20,250,8,2.0,Queda de energia,Disjuntor,Média,24,,,Encerrado
1979,2025-08-01 02:56:32,2025-08-01 09:38:50,2025-08-01 12:16:51,43,12,6.0,Falha de equipamento,Fonte de alimentação,Média,24,,,Encerrado
1980,2025-08-01 04:51:05,2025-08-01 06:13:30,2025-08-01 09:12:20,369,4,13.0,Rompimento de fibra,Obra de terceiros,Crítica,4,5.2,39.5,Encerrado
1981,2025-08-01 05:11:28,2025-08-01 05:41:46,2025-08-01 08:49:06,191,8,17.0,Rompimento de fibra,Obra de terceiros,Crítica,4,3.0,21.9,Encerrado
1982,2025-08-01 05:20:45,2025-08-01 06:55:50,2025-08-01 08:30:15,349,15,12.0,Atenuação alta,Curvatura excessiva,Alta,8,8.22,1.5,Encerrado
1983,2025-08-01 07:39:41,2025-08-01 08:20:55,2025-08-01 09:06:25,71,11,9.0,Queda de energia,Bateria do nobreak,Crítica,4,,,Encerrado
1984,2025-08-01 08:06:54,2025-08-01 08:56:05,2025-08-01 11:54:55,94,7,17.0,Atenuação alta,Curvatura excessiva,Alta,8,4.1,8.4,Encerrado
1985,2025-08-01 12:31:16,2025-08-01 20:20:42,2025-08-01 21:03:20,372,15,18.0,Queda de energia,Bateria do nobreak,Média,24,,,Encerrado
1986,2025-08-01 18:35:27,2025-08-01 18:54:44,2025-08-01 23:22:41,23,11,3.0,Falha de equipamento,Placa de interface,Crítica,4,,,Encerrado
1987,2025-08-02 01:34:21,2025-08-02 05:49:44,2025-08-02 07:08:01,32,3,13.0,Falha de equipamento,Fonte de alimentação,Alta,8,,,Encerrado
1988,2025-08-02 04:17:45,2025-08-03 05:08:17,2025-08-03 09:26:04,188,14,15.0,Atenuação alta,Umidade na caixa de emenda,Média,24,2.73,1.6,Encerrado
1989,2025-08-02 04:33:25,2025-08-02 07:52:52,2025-08-02 15:17:43,381,8,11.0,Rompimento de fibra,Roedores,Alta,8,2.75,38.0,Encerrado
1990,2025-08-02 11:15:56,2025-08-02 16:02:05,2025-08-02 17:36:04,109,4,10.0,Falha de equipamento,Switch,Alta,8,,,Encerrado
1991,2025-08-02 12:36:58,2025-08-02 13:41:17,2025-08-02 18:17:44,247,3,13.0,Rompimento de fibra,Obra de terceiros,Crítica,4,7.02,22.4,Encerrado
1992,2025-08-02 14:04:39,2025-08-02 18:00:11,2025-08-02 20:27:22,387,6,16.0,Atenuação alta,Curvatura excessiva,Baixa,48,10.28,2.4,Encerrado
1993,2025-08-02 20:31:10,2025-08-03 02:34:41,2025-08-03 04:21:47,128,16,15.0,Falha de equipamento,Placa de interface,Média,24,,,Encerrado
1994,2025-08-03 04:38:20,2025-08-03 07:02:03,2025-08-03 08:06:27,8,7,8.0,Falha de equipamento,Módulo óptico (SFP/QSFP),Crítica,4,,,Encerrado
1995,2025-08-03 05:28:53,2025-08-03 05:47:58,2025-08-03 07:24:45,55,9,14.0,Rompimento de fibra,Acidente de trânsito (poste),Crítica,4,3.38,21.7,Encerrado
1996,2025-08-03 14:08:13,2025-08-03 16:30:58,2025-08-03 19:31:02,45,13,9.0,Atenuação alta,Conector sujo,Média,24,5.3,7.6,Encerrado
1997,2025-08-03 18:03:49,,,27,4,,Falha de equipamento,,Alta,8,,,Cancelado
1998,2025-08-03 20:57:59,2025-08-03 22:33:05,2025-08-04 00:13:44,46,12,18.0,Atenuação alta,Conector sujo,Alta,8,2.13,8.1,Encerrado
1999,2025-08-03 22:44:46,2025-08-04 09:08:28,2025-08-04 10:54:47,103,3,1.0,Falha de equipamento,Módulo óptico (SFP/QSFP),Média,24,,,Encerrado
2000,2025-08-03 23:35:10,2025-08-04 00:13:49,2025-08-04 02:10:01,21,4,10.0,Falha de equipamento,Módulo óptico (SFP/QSFP),Crítica,4,,,Encerrado
2001,2025-08-03 23:56:53,2025-08-04 02:14:58,2025-08-04 09:43:04,165,6,1.0,Rompimento de fibra,Acidente de trânsito (poste),Alta,8,4.02,35.9,Encerrado
2002,2025-08-04 02:34:52,2025-08-04 02:59:28,2025-08-04 03:53:16,112,7,5.0,Rompimento de fibra,Obra de terceiros,Crítica,4,3.9,30.6,Encerrado
2003,2025-08-04 06:20:48,2025-08-04 10:18:01,2025-08-04 13:37:35,318,15,3.0,Rompimento de fibra,Obra de terceiros,Alta,8,0.74,33.9,Encerrado
2004,2025-08-05 03:01:22,2025-08-05 04:28:50,2025-08-05 07:31:11,105,13,6.0,Rompimento de fibra,Obra de terceiros,Crítica,4,0.76,36.7,Encerrado
2005,2025-08-05 03:53:55,2025-08-05 05:00:16,2025-08-05 07:44:51,297,1,10.0,Rompimento de fibra,Obra de terceiros,Crítica,4,1.88,36.3,Encerrado
2006,2025-08-05 04:31:12,2025-08-05 04:58:38,2025-08-05 09:18:37,171,6,7.0,Rompimento de fibra,Queda de árvore,Crítica,4,4.68,39.1,Encerrado
2007,2025-08-05 04:59:10,2025-08-05 22:00:11,2025-08-06 00:08:30,86,6,7.0,Falha de equipamento,Módulo óptico (SFP/QSFP),Média,24,,,Encerrado
2008,2025-08-05 05:02:12,2025-08-05 19:10:12,2025-08-05 22:26:59,234,9,11.0,Atenuação alta,Emenda degradada,Média,24,7.45,1.5,Encerrado
2009,2025-08-05 08:54:52,2025-08-05 10:36:12,2025-08-05 14:55:28,199,4,10.0,Falha de equipamento,Módulo óptico (SFP/QSFP),Média,24,,,Encerrado
2010,2025-08-05 09:02:48,2025-08-05 20:48:44,2025-08-06 04:08:15,218,13,15.0,Atenuação alta,Umidade na caixa de emenda,Baixa,48,0.23,7.2,Encerrado
2011,2025-08-05 10:18:33,2025-08-05 11:26:42,2025-08-05 13:36:05,218,13,18.0,Furto/vandalismo de cabo,Furto de cabo,Alta,8,7.49,32.3,Encerrado
2012,2025-08-05 11:39:02,2025-08-05 16:05:49,2025-08-05 17:35:06,221,16,9.0,Configuração,Erro de configuração,Média,24,,,Encerrado
2013,2025-08-05 14:25:55,2025-08-05 14:46:37,2025-08-05 22:05:08,129,4,4.0,Falha de equipamento,Fonte de alimentação,Alta,8,,,Encerrado
2014,2025-08-05 17:30:38,2025-08-05 21:08:55,2025-08-05 23:11:47,216,7,5.0,Queda de energia,Disjuntor,Baixa,48,,,Encerrado
2015,2025-08-05 18:08:30,2025-08-05 20:10:07,2025-08-06 02:01:42,191,9,17.0,Rompimento de fibra,Obra de terceiros,Alta,8,2.58,18.3,Encerrado
2016,2025-08-05 19:50:18,2025-08-06 05:11:17,2025-08-06 08:19:46,232,10,8.0,Falha de equipamento,Fonte de alimentação,Baixa,48,,,Encerrado
2017,2025-08-05 20:49:34,2025-08-05 21:37:09,2025-08-06 00:06:40,96,5,13.0,Falha de equipamento,Módulo óptico (SFP/QSFP),Média,24,,,Encerrado
2018,2025-08-05 22:11:14,2025-08-06 20:45:14,2025-08-06 22:53:31,167,1,13.0,Falha de equipamento,Fonte de alimentação,Média,24,,,Encerrado
2019,2025-08-05 22:12:15,2025-08-05 23:27:30,2025-08-06 01:21:46,132,4,13.0,Rompimento de fibra,Obra de terceiros,Crítica,4,6.17,39.9,Encerrado
2020,2025-08-05 22:29:13,,,360,3,,Falha de equipamento,,Média,24,,,Cancelado
2021,2025-08-06 02:44:30,2025-08-06 02:48:53,2025-08-06 03:42:42,23,11,3.0,Falha de equipamento,Fonte de alimentação,Crítica,4,,,Encerrado
2022,2025-08-06 04:44:12,2025-08-06 07:00:45,2025-08-06 13:01:01,359,13,15.0,Furto/vandalismo de cabo,Furto de cabo,Crítica,4,7.52,23.6,Encerrado
2023,2025-08-06 06:23:21,2025-08-06 06:52:22,2025-08-06 11:26:59,9,10,8.0,Falha de equipamento,Módulo óptico (SFP/QSFP),Alta,8,,,Encerrado
2024,2025-08-06 07:41:10,2025-08-06 07:42:28,2025-08-06 08:21:05,116,12,12.0,Queda de energia,Bateria do nobreak,Crítica,4,,,Encerrado
2025,2025-08-06 10:05:11,2025-08-06 23:48:47,2025-08-07 02:14:16,363,6,13.0,Atenuação alta,Conector sujo,Média,24,5.61,4.5,Encerrado
2026,2025-08-06 12:04:26,2025-08-06 12:36:47,2025-08-06 17:47:51,358,13,3.0,Furto/vandalismo de cabo,Vandalismo,Crítica,4,3.23,25.3,Encerrado
2027,2025-08-06 14:34:51,2025-08-06 15:07:08,2025-08-06 16:15:47,70,16,12.0,Atenuação alta,Conector sujo,Alta,8,5.86,3.7,Encerrado
2028,2025-08-06 17:01:55,2025-08-06 18:57:02,2025-08-06 23:10:53,58,12,6.0,Atenuação alta,Umidade na caixa de emenda,Média,24,3.26,2.2,Encerrado
2029,2025-08-06 17:16:07,2025-08-06 17:45:47,2025-08-07 00:15:58,346,13,15.0,Furto/vandalismo de cabo,Furto de cabo,Alta,8,3.26,39.8,Encerrado
2030,2025-08-06 17:34:41,2025-08-06 18:07:40,2025-08-07 02:25:21,169,12,15.0,Rompimento de fibra,Obra de terceiros,Alta,8,4.85,29.0,Encerrado
2031,2025-08-06 18:50:48,2025-08-06 19:58:23,2025-08-06 23:28:54,16,3,13.0,Rompimento de fibra,Obra de terceiros,Crítica,4,1.16,33.7,Encerrado
2032,2025-08-07 00:12:02,2025-08-07 10:47:03,2025-08-07 12:28:08,398,9,17.0,Atenuação alta,Conector sujo,Média,24,5.84,3.2,Encerrado
2033,2025-08-07 01:28:04,2025-08-07 04:22:08,2025-08-07 13:46:07,266,9,11.0,Furto/vandalismo de cabo,Furto de cabo,Alta,8,3.15,32.8,Encerrado
2034,2025-08-07 01:42:32,2025-08-07 10:07:10,2025-08-07 11:35:19,391,13,12.0,Queda de energia,Disjuntor,Média,24,,,Encerrado
2035,2025-08-07 03:49:12,,,41,12,,Configuração,,Alta,8,,,Cancelado
2036,2025-08-07 08:08:47,2025-08-07 11:11:32,2025-08-07 17:01:34,40,15,6.0,Falha de equipamento,Switch,Média,24,,,Encerrado
2037,2025-08-07 09:18:50,2025-08-07 10:58:43,2025-08-07 11:38:36,180,5,16.0,Configuração,Erro de configuração,Média,24,,,Encerrado
2038,2025-08-07 10:23:24,2025-08-07 10:38:21,2025-08-07 14:34:46,55,7,14.0,Rompimento de fibra,Acidente de trânsito (poste),Crítica,4,1.89,20.9,Encerrado
2039,2025-08-07 13:29:15,2025-08-07 16:17:59,2025-08-08 00:45:40,36,9,14.0,Atenuação alta,Conector sujo,Média,24,8.36,3.6,Encerrado
2040,2025-08-07 16:03:01,2025-08-08 02:27:31,2025-08-08 03:56:57,239,5,13.0,Atenuação alta,Conector sujo,Média,24,4.0,7.1,Encerrado
2041,2025-08-07 16:33:20,2025-08-08 00:27:47,2025-08-08 01:40:41,141,15,12.0,Falha de equipamento,Fonte de alimentação,Média,24,,,Encerrado
2042,2025-08-07 17:10:29,2025-08-07 17:40:10,2025-08-07 19:55:14,275,16,18.0,Furto/vandalismo de cabo,Furto de cabo,Crítica,4,0.28,30.8,Encerrado
2043,2025-08-07 19:50:41,2025-08-07 20:17:52,2025-08-08 01:55:48,6,1,4.0,Rompimento de fibra,Queda de árvore,Crítica,4,5.71,32.5,Encerrado
2044,2025-08-08 01:54:09,2025-08-08 03:20:20,2025-08-08 07:26:19,248,11,12.0,Falha de equipamento,Módulo óptico (SFP/QSFP),Média,24,,,Encerrado
2045,2025-08-08 03:18:20,2025-08-08 09:16:02,2025-08-08 10:13:51,177,8,17.0,Queda de energia,Bateria do nobreak,Baixa,48,,,Encerrado
2046,2025-08-08 08:19:50,2025-08-08 13:42:00,2025-08-08 14:18:38,182,12,15.0,Configuração,Atualização de firmware,Média,24,,,Encerrado
2047,2025-08-08 08:22:43,2025-08-08 18:57:26,2025-08-08 23:29:11,376,15,15.0,Atenuação alta,Emenda degradada,Média,24,8.67,6.6,Encerrado
2048,2025-08-08 17:54:19,2025-08-09 02:01:19,2025-08-09 05:11:24,157,12,18.0,Atenuação alta,Curvatura excessiva,Baixa,48,1.81,6.2,Encerrado
2049,2025-08-08 19:44:30,2025-08-09 02:30:44,2025-08-09 04:40:24,43,12,6.0,Queda de energia,Falta de energia da concessionária,Média,24,,,Encerrado
2050,2025-08-08 21:34:33,2025-08-08 21:58:09,2025-08-09 06:24:00,277,3,16.0,Rompimento de fibra,Queda de árvore,Alta,8,7.4,31.1,Encerrado
2051,2025-08-09 00:26:06,2025-08-09 03:26:07,2025-08-09 06:36:22,40,15,15.0,Atenuação alta,Curvatura excessiva,Alta,8,0.55,6.5,Encerrado
2052,2025-08-09 05:32:53,2025-08-09 21:02:51,2025-08-09 22:44:43,108,3,4.0,Queda de energia,Falta de energia da concessionária,Média,24,,,Encerrado
2053,2025-08-09 11:02:16,2025-08-09 17:34:18,2025-08-09 18:33:13,173,11,18.0,Falha de equipamento,Switch,Média,24,,,Encerrado
2054,2025-08-09 17:52:48,,,300,10,,Configuração,,Média,24,,,Cancelado
2055,2025-08-09 17:59:32,2025-08-09 18:27:45,2025-08-09 20:47:45,106,13,12.0,Atenuação alta,Umidade na caixa de emenda,Alta,8,3.17,6.3,Encerrado
2056,2025-08-09 18:33:05,2025-08-09 20:57:06,2025-08-09 22:59:03,94,8,14.0,Atenuação alta,Curvatura excessiva,Crítica,4,7.59,3.0,Encerrado
2057,2025-08-09 19:22:47,2025-08-11 03:44:58,2025-08-11 05:15:20,150,8,14.0,Atenuação alta,Curvatura excessiva,Baixa,48,7.01,4.4,Encerrado
2058,2025-08-09 22:17:00,2025-08-10 00:10:37,2025-08-10 02:29:52,216,7,2.0,Rompimento de fibra,Acidente de trânsito (poste),Alta,8,1.62,29.4,Encerrado
2059,2025-08-10 00:46:35,2025-08-10 07:48:35,2025-08-10 08:29:36,197,5,13.0,Atenuação alta,Umidade na caixa de emenda,Média,24,7.67,1.6,Encerrado
2060,2025-08-10 01:13:50,2025-08-10 06:24:18,2025-08-10 07:34:37,213,7,17.0,Rompimento de fibra,Roedores,Alta,8,6.41,39.7,Encerrado
2061,2025-08-10 02:55:36,2025-08-10 03:59:10,2025-08-10 08:17:18,394,11,3.0,Furto/vandalismo de cabo,Vandalismo,Alta,8,4.41,28.7,Encerrado
2062,2025-08-10 05:59:54,2025-08-10 08:14:16,2025-08-10 09:32:45,375,2,16.0,Queda de energia,Disjuntor,Média,24,,,Encerrado
2063,2025-08-10 13:35:02,2025-08-10 22:31:55,2025-08-11 05:02:32,392,2,4.0,Atenuação alta,Umidade na caixa de emenda,Média,24,5.79,2.4,Encerrado
2064,2025-08-10 18:54:51,2025-08-10 19:46:02,2025-08-11 00:51:28,36,9,8.0,Rompimento de fibra,Acidente de trânsito (poste),Crítica,4,3.43,32.8,Encerrado
2065,2025-08-10 18:57:46,2025-08-10 22:06:47,2025-08-10 23:17:31,177,9,2.0,Falha de equipamento,Switch,Alta,8,,,Encerrado
2066,2025-08-10 20:18:23,2025-08-10 20:57:26,2025-08-11 07:27:37,157,11,12.0,Rompimento de fibra,Roedores,Crítica,4,5.69,37.4,Encerrado
2067,2025-08-10 20:26:51,2025-08-10 21:09:20,2025-08-11 06:38:33,255,4,10.0,Rompimento de fibra,Acidente de trânsito (poste),Crítica,4,6.41,39.6,Encerrado
2068,2025-08-10 21:09:24,2025-08-11 01:22:10,2025-08-11 02:57:16,58,12,9.0,Queda de energia,Disjuntor,Alta,8,,,Encerrado
2069,2025-08-11 00:16:24,2025-08-11 00:20:58,2025-08-11 02:29:22,19,7,17.0,Furto/vandalismo de cabo,Vandalismo,Crítica,4,2.99,25.9,Encerrado
2070,2025-08-11 06:56:59,2025-08-11 08:37:43,2025-08-11 10:48:15,175,4,1.0,Falha de equipamento,Placa de interface,Média,24,,,Encerrado
2071,2025-08-11 11:18:45,2025-08-11 12:27:31,2025-08-11 13:20:39,280,5,13.0,Falha de equipamento,Placa de interface,Alta,8,,,Encerrado
2072,2025-08-11 11:58:17,2025-08-11 12:59:14,2025-08-11 18:16:09,133,3,10.0,Furto/vandalismo de cabo,Furto de cabo,Crítica,4,0.07,38.4,Encerrado
2073,2025-08-11 12:03:11,2025-08-11 12:54:15,2025-08-11 17:19:23,381,9,2.0,Rompimento de fibra,Obra de terceiros,Crítica,4,0.77,18.6,Encerrado
2074,2025-08-11 13:52:28,2025-08-11 23:24:59,2025-08-12 01:25:36,162,1,1.0,Configuração,Atualização de firmware,Média,24,,,Encerrado
2075,2025-08-11 18:26:28,2025-08-11 19:45:07,2025-08-11 20:53:48,172,16,3.0,Rompimento de fibra,Obra de terceiros,Alta,8,5.62,24.1,Encerrado
2076,2025-08-11 20:02:10,2025-08-11 20:32:33,2025-08-12 00:56:46,85,5,1.0,Rompimento de fibra,Roedores,Crítica,4,5.92,25.5,Encerrado
2077,2025-08-11 20:21:49,2025-08-11 21:32:30,2025-08-11 22:00:59,14,2,10.0,Atenuação alta,Umidade na caixa de emenda,Alta,8,3.24,8.6,Encerrado
2078,2025-08-11 22:02:49,2025-08-12 05:05:49,2025-08-12 06:30:57,232,10,14.0,Queda de energia,Falta de energia da concessionária,Baixa,48,,,Encerrado
2079,2025-08-12 03:15:52,2025-08-12 21:26:10,2025-08-12 23:26:12,397,5,4.0,Falha de equipamento,Fonte de alimentação,Média,24,,,Encerrado
2080,2025-08-12 04:11:49,2025-08-12 05:34:49,2025-08-12 09:38:42,348,12,12.0,Rompimento de fibra,Roedores,Crítica,4,3.24,25.3,Encerrado
2081,2025-08-12 06:34:36,2025-08-12 11:06:15,2025-08-12 16:04:02,398,8,2.0,Rompimento de fibra,Acidente de trânsito (poste),Alta,8,5.11,24.4,Encerrado
2082,2025-08-12 09:19:01,2025-08-12 09:40:00,2025-08-12 12:02:30,61,14,9.0,Rompimento de fibra,Obra de terceiros,Crítica,4,6.45,25.3,Encerrado
2083,2025-08-12 10:02:14,2025-08-12 16:33:48,2025-08-12 21:03:35,296,6,4.0,Falha de equipamento,Placa de interface,Média,24,,,Encerrado
2084,2025-08-12 13:01:51,2025-08-12 14:08:42,2025-08-12 14:46:19,120,11,15.0,Queda de energia,Bateria do nobreak,Crítica,4,,,Encerrado
2085,2025-08-12 13:05:32,2025-08-14 00:35:52,2025-08-14 00:52:16,399,15,12.0,Queda de energia,Bateria do nobreak,Baixa,48,,,Encerrado
2086,2025-08-12 13:34:34,2025-08-12 21:28:48,2025-08-13 05:25:34,354,8,14.0,Atenuação alta,Umidade na caixa de emenda,Média,24,4.78,6.2,Encerrado
2087,2025-08-12 17:53:22,2025-08-12 19:24:54,2025-08-12 22:37:32,101,2,16.0,Falha de equipamento,Fonte de alimentação,Alta,8,,,Encerrado
2088,2025-08-12 19:43:22,2025-08-12 22:16:52,2025-08-13 00:29:20,214,16,3.0,Falha de equipamento,Placa de interface,Média,24,,,Encerrado
2089,2025-08-12 22:45:14,2025-08-13 09:20:19,2025-08-13 12:40:03,153,13,3.0,Atenuação alta,Conector sujo,Média,24,1.56,6.7,Encerrado
2090,2025-08-12 23:03:26,2025-08-13 08:38:52,2025-08-13 20:26:15,122,15,15.0,Atenuação alta,Umidade na caixa de emenda,Baixa,48,1.47,6.1,Encerrado
2091,2025-08-12 23:44:27,2025-08-13 01:47:56,2025-08-13 03:04:43,344,11,12.0,Rompimento de fibra,Roedores,Alta,8,6.63,18.5,Encerrado
2092,2025-08-13 01:01:26,2025-08-14 01:32:40,2025-08-14 03:26:39,184,5,10.0,Falha de equipamento,Módulo óptico (SFP/QSFP),Média,24,,,Encerrado
2093,2025-08-13 01:14:57,2025-08-13 02:00:31,2025-08-13 09:06:42,54,11,6.0,Rompimento de fibra,Obra de terceiros,Crítica,4,3.32,36.6,Encerrado
2094,2025-08-13 05:17:48,2025-08-13 15:19:11,2025-08-13 16:38:38,369,3,16.0,Atenuação alta,Emenda degradada,Média,24,13.99,3.4,Encerrado
2095,2025-08-13 07:41:52,2025-08-13 10:49:11,2025-08-13 18:23:17,8,9,5.0,Atenuação alta,Umidade na caixa de emenda,Média,24,5.13,2.6,Encerrado
2096,2025-08-13 09:35:41,2025-08-13 14:47:22,2025-08-13 15:37:45,162,2,16.0,Queda de energia,Bateria do nobreak,Média,24,,,Encerrado
2097,2025-08-13 10:03:59,2025-08-13 11:38:44,2025-08-13 13:18:38,367,5,1.0,Furto/vandalismo de cabo,,Alta,8,6.36,25.2,Encerrado
2098,2025-08-13 10:58:42,2025-08-13 15:59:11,2025-08-13 17:31:57,361,13,9.0,Atenuação alta,Conector sujo,Média,24,4.49,3.4,Encerrado
2099,2025-08-13 11:12:52,2025-08-13 11:29:43,2025-08-13 12:29:30,185,6,1.0,Rompimento de fibra,Queda de árvore,Crítica,4,3.56,39.7,Encerrado
2100,2025-08-13 19:12:52,2025-08-13 20:34:53,2025-08-13 21:16:10,224,3,1.0,Rompimento de fibra,Acidente de trânsito (poste),Crítica,4,3.52,35.7,Encerrado
2101,2025-08-13 21:59:55,2025-08-13 23:03:13,2025-08-14 01:04:26,354,7,8.0,Atenuação alta,Conector sujo,Média,24,3.49,8.1,Encerrado
2102,2025-08-14 05:10:21,2025-08-15 01:53:43,2025-08-15 03:08:39,343,16,3.0,Atenuação alta,Umidade na caixa de emenda,Média,24,2.27,4.6,Encerrado
2103,2025-08-14 05:57:36,2025-08-14 06:55:16,2025-08-14 14:19:06,194,3,4.0,Atenuação alta,Umidade na caixa de emenda,Média,24,12.43,7.8,Encerrado
2104,2025-08-14 06:49:54,2025-08-14 08:52:08,2025-08-14 14:37:19,130,13,9.0,Rompimento de fibra,Queda de árvore,Alta,8,9.06,24.5,Encerrado
2105,2025-08-14 07:33:53,2025-08-14 08:24:05,2025-08-14 10:10:33,5,10,17.0,Falha de equipamento,Switch,Alta,8,,,Encerrado
2106,2025-08-14 09:04:53,2025-08-14 09:32:15,2025-08-14 21:29:56,273,5,10.0,Rompimento de fibra,Acidente de trânsito (poste),Crítica,4,2.35,19.1,Encerrado
2107,2025-08-14 10:01:21,2025-08-14 13:33:16,2025-08-14 20:48:57,280,5,4.0,Falha de equipamento,Switch,Média,24,,,Encerrado
2108,2025-08-14 14:10:10,2025-08-14 14:46:50,2025-08-14 22:17:59,329,13,3.0,Rompimento de fibra,Acidente de trânsito (poste),Crítica,4,1.76,29.0,Encerrado
2109,2025-08-14 18:37:48,2025-08-15 01:14:20,2025-08-15 01:55:35,60,2,7.0,Queda de energia,Disjuntor,Média,24,,,Encerrado
2110,2025-08-14 18:51:25,2025-08-14 20:55:00,2025-08-15 03:37:33,252,5,7.0,Rompimento de fibra,Acidente de trânsito (poste),Alta,8,5.06,20.0,Encerrado
2111,2025-08-14 19:09:57,2025-08-14 20:43:30,2025-08-14 21:26:11,345,5,13.0,Queda de energia,Falta de energia da concessionária,Alta,8,,,Encerrado
2112,2025-08-14 19:30:03,2025-08-14 22:02:00,2025-08-14 23:44:51,149,8,5.0,Falha de equipamento,Switch,Baixa,48,,,Encerrado
2113,2025-08-14 20:08:28,2025-08-15 02:00:55,2025-08-15 05:25:20,28,10,14.0,Queda de energia,Falta de energia da concessionária,Média,24,,,Encerrado
2114,2025-08-14 20:49:46,2025-08-15 00:03:53,2025-08-15 00:32:07,132,4,10.0,Atenuação alta,Curvatura excessiva,Média,24,13.76,4.6,Encerrado
2115,2025-08-15 03:35:06,2025-08-15 04:31:08,2025-08-15 07:36:20,120,11,6.0,Falha de equipamento,Fonte de alimentação,Crítica,4,,,Encerrado
2116,2025-08-15 03:36:15,2025-08-15 06:42:00,2025-08-15 10:26:30,160,1,16.0,Atenuação alta,Conector sujo,Alta,8,0.21,6.5,Encerrado
2117,2025-08-15 04:53:33,2025-08-15 11:15:22,2025-08-15 16:48:57,104,4,1.0,Atenuação alta,Umidade na caixa de emenda,Média,24,2.46,8.0,Encerrado
2118,2025-08-15 05:51:49,2025-08-15 08:49:13,2025-08-15 10:21:05,159,6,1.0,Configuração,Atualização de firmware,Alta,8,,,Encerrado
2119,2025-08-15 07:12:08,2025-08-16 05:04:07,2025-08-16 08:12:31,373,16,18.0,Atenuação alta,Conector sujo,Baixa,48,3.17,6.2,Encerrado
2120,2025-08-15 07:20:39,2025-08-15 11:24:34,2025-08-15 13:43:47,237,10,14.0,Falha de equipamento,Placa de interface,Média,24,,,Encerrado
2121,2025-08-15 07:40:19,2025-08-15 11:45:43,2025-08-15 12:07:12,42,6,1.0,Queda de energia,Falta de energia da concessionária,Alta,8,,,Encerrado
2122,2025-08-15 09:12:54,2025-08-15 09:30:26,2025-08-15 14:49:03,77,5,16.0,Rompimento de fibra,Acidente de trânsito (poste),Crítica,4,2.53,39.0,Encerrado
2123,2025-08-15 11:01:31,2025-08-15 12:43:54,2025-08-15 15:20:53,325,4,7.0,Falha de equipamento,Fonte de alimentação,Média,24,,,Encerrado
2124,2025-08-15 11:16:37,2025-08-15 11:49:50,2025-08-15 14:51:59,93,6,4.0,Rompimento de fibra,Acidente de trânsito (poste),Crítica,4,2.88,20.7,Encerrado
2125,2025-08-15 12:16:10,2025-08-15 13:29:35,2025-08-15 14:53:14,178,13,9.0,Queda de energia,Falta de energia da concessionária,Média,24,,,Encerrado
2126,2025-08-15 15:32:22,2025-08-15 16:45:03,2025-08-15 19:13:44,14,2,7.0,Atenuação alta,Conector sujo,Alta,8,2.13,8.9,Encerrado
2127,2025-08-15 16:04:28,2025-08-15 17:11:48,2025-08-15 18:13:37,158,5,4.0,Queda de energia,Disjuntor,Alta,8,,,Encerrado
2128,2025-08-15 19:14:27,2025-08-15 20:00:18,2025-08-16 05:57:46,55,8,17.0,Furto/vandalismo de cabo,Vandalismo,Crítica,4,7.01,34.2,Encerrado
2129,2025-08-16 00:18:54,2025-08-16 00:53:02,2025-08-16 01:20:02,44,2,4.0,Queda de energia,Bateria do nobreak,Alta,8,,,Encerrado
2130,2025-08-16 00:46:06,2025-08-16 01:21:46,2025-08-16 05:04:10,354,8,5.0,Furto/vandalismo de cabo,Furto de cabo,Crítica,4,5.45,35.8,Encerrado
2131,2025-08-17 02:41:14,2025-08-17 07:28:09,2025-08-17 11:33:10,328,15,12.0,Falha de equipamento,Módulo óptico (SFP/QSFP),Média,24,,,Encerrado
2132,2025-08-17 08:12:24,2025-08-17 16:23:00,2025-08-17 17:53:39,331,14,6.0,Queda de energia,Falta de energia da concessionária,Média,24,,,Encerrado
2133,2025-08-17 11:35:44,2025-08-17 12:00:28,2025-08-17 15:10:40,90,5,4.0,Rompimento de fibra,Roedores,Crítica,4,15.0,24.0,Encerrado
2134,2025-08-17 12:10:34,2025-08-17 13:35:55,2025-08-17 15:21:00,384,9,11.0,Queda de energia,Bateria do nobreak,Alta,8,,,Encerrado
2135,2025-08-17 12:29:36,2025-08-17 18:10:56,2025-08-17 19:44:02,234,8,8.0,Atenuação alta,Emenda degradada,Média,24,6.73,4.0,Encerrado
2136,2025-08-17 13:30:02,2025-08-17 15:39:46,2025-08-17 17:12:10,115,15,3.0,Atenuação alta,Curvatura excessiva,Alta,8,5.44,7.8,Encerrado
2137,2025-08-17 14:00:15,2025-08-17 15:05:52,2025-08-17 21:34:57,177,7,17.0,Rompimento de fibra,Obra de terceiros,Crítica,4,5.03,40.0,Encerrado
2138,2025-08-17 14:41:50,2025-08-18 20:34:45,2025-08-19 00:42:57,244,12,12.0,Falha de equipamento,Placa de interface,Média,24,,,Encerrado
2139,2025-08-17 14:59:52,,,195,6,,Furto/vandalismo de cabo,,Alta,8,1.75,39.1,Cancelado
2140,2025-08-17 17:07:26,2025-08-17 17:19:08,2025-08-17 22:46:06,262,10,11.0,Rompimento de fibra,Queda de árvore,Crítica,4,7.05,21.2,Encerrado
2141,2025-08-17 21:45:25,2025-08-18 06:30:52,2025-08-18 07:34:07,253,8,2.0,Falha de equipamento,Switch,Média,24,,,Encerrado
2142,2025-08-17 23:15:58,2025-08-18 09:02:28,2025-08-18 09:33:24,253,7,5.0,Queda de energia,Bateria do nobreak,Baixa,48,,,Encerrado
2143,2025-08-18 01:39:05,2025-08-18 02:21:17,2025-08-18 06:48:37,26,10,5.0,Rompimento de fibra,Roedores,Crítica,4,6.49,19.9,Encerrado
2144,2025-08-18 02:49:30,2025-08-18 09:30:18,2025-08-18 11:01:03,156,5,13.0,Falha de equipamento,Fonte de alimentação,Média,24,,,Encerrado
2145,2025-08-18 11:09:53,2025-08-18 13:01:52,2025-08-18 14:53:19,79,9,2.0,Queda de energia,Falta de energia da concessionária,Alta,8,,,Encerrado
2146,2025-08-18 18:26:37,2025-08-18 19:17:58,2025-08-19 00:14:24,81,10,8.0,Rompimento de fibra,Acidente de trânsito (poste),Crítica,4,13.99,19.9,Encerrado
2147,2025-08-18 19:34:49,2025-08-18 23:10:24,2025-08-19 00:44:06,93,6,1.0,Atenuação alta,Curvatura excessiva,Alta,8,3.79,5.2,Encerrado
2148,2025-08-18 21:42:59,2025-08-18 22:15:20,2025-08-19 00:57:54,333,12,18.0,Rompimento de fibra,Roedores,Crítica,4,11.18,33.8,Encerrado
2149,2025-08-19 00:41:34,2025-08-19 01:53:19,2025-08-19 11:52:59,177,9,14.0,Furto/vandalismo de cabo,Furto de cabo,Crítica,4,0.65,19.0,Encerrado
2150,2025-08-19 07:28:47,2025-08-19 09:02:01,2025-08-19 17:11:42,146,15,3.0,Furto/vandalismo de cabo,Vandalismo,Alta,8,3.76,32.2,Encerrado
2151,2025-08-19 08:46:42,2025-08-19 10:52:23,2025-08-19 13:01:38,8,9,11.0,Queda de energia,Disjuntor,Alta,8,,,Encerrado
2152,2025-08-19 15:23:14,2025-08-19 16:27:10,2025-08-19 18:47:10,162,1,10.0,Queda de energia,Falta de energia da concessionária,Média,24,,,Encerrado
2153,2025-08-19 16:32:04,,,257,16,,Rompimento de fibra,,Alta,8,0.63,37.4,Cancelado
2154,2025-08-19 19:55:32,2025-08-19 23:07:59,2025-08-20 01:52:58,236,10,5.0,Queda de energia,Disjuntor,Média,24,,,Encerrado
2155,2025-08-20 04:04:34,2025-08-20 05:32:08,2025-08-20 07:45:50,260,15,6.0,Rompimento de fibra,Obra de terceiros,Alta,8,5.0,28.6,Encerrado
2156,2025-08-20 06:14:46,2025-08-20 06:49:00,2025-08-20 10:45:07,357,5,4.0,Atenuação alta,Umidade na caixa de emenda,Alta,8,4.11,4.3,Encerrado
2157,2025-08-20 06:54:12,2025-08-20 07:07:04,2025-08-20 21:27:38,354,8,11.0,Rompimento de fibra,Obra de terceiros,Crítica,4,6.25,32.0,Encerrado
2158,2025-08-20 07:16:42,2025-08-20 07:32:52,2025-08-20 10:08:49,244,12,12.0,Rompimento de fibra,Obra de terceiros,Crítica,4,1.61,31.8,Encerrado
2159,2025-08-20 09:14:53,2025-08-20 09:49:37,2025-08-20 20:11:44,288,10,17.0,Rompimento de fibra,Acidente de trânsito (poste),Alta,8,3.46,34.8,Encerrado
2160,2025-08-20 09:22:05,2025-08-20 09:33:38,2025-08-20 14:35:14,115,15,6.0,Rompimento de fibra,Acidente de trânsito (poste),Crítica,4,0.98,26.2,Encerrado
2161,2025-08-20 10:43:32,2025-08-20 16:27:41,2025-08-20 16:49:39,177,7,11.0,Queda de energia,Falta de energia da concessionária,Média,24,,,Encerrado
2162,2025-08-20 12:29:14,2025-08-21 00:35:14,2025-08-21 01:49:13,164,16,18.0,Queda de energia,Falta de energia da concessionária,Baixa,48,,,Encerrado
2163,2025-08-20 13:04:25,2025-08-20 13:15:16,2025-08-20 16:45:27,398,8,17.0,Falha de equipamento,Switch,Alta,8,,,Encerrado
2164,2025-08-20 14:11:25,2025-08-20 15:55:26,2025-08-20 17:50:43,71,11,9.0,Rompimento de fibra,Queda de árvore,Crítica,4,4.14,22.3,Encerrado
2165,2025-08-20 19:42:48,2025-08-21 00:39:58,2025-08-21 07:32:07,167,2,16.0,Falha de equipamento,Fonte de alimentação,Baixa,48,,,Encerrado
2166,2025-08-20 19:55:39,2025-08-20 20:43:08,2025-08-21 03:57:07,367,5,13.0,Rompimento de fibra,Queda de árvore,Alta,8,5.21,33.1,Encerrado
2167,2025-08-21 01:46:44,2025-08-21 13:16:28,2025-08-21 16:40:44,128,16,15.0,Atenuação alta,Conector sujo,Média,24,7.26,8.1,Encerrado
2168,2025-08-21 03:23:35,2025-08-21 12:10:33,2025-08-21 12:56:05,73,2,10.0,Configuração,Atualização de firmware,Alta,8,,,Encerrado
2169,2025-08-21 03:47:03,2025-08-21 16:11:54,2025-08-21 17:14:35,354,8,17.0,Queda de energia,Bateria do nobreak,Média,24,,,Encerrado
2170,2025-08-21 06:59:43,2025-08-21 07:39:20,2025-08-21 09:49:48,34,16,3.0,Rompimento de fibra,Acidente de trânsito (poste),Crítica,4,2.41,39.0,Encerrado
2171,2025-08-21 08:25:54,2025-08-21 09:01:11,2025-08-21 12:32:28,112,9,17.0,Rompimento de fibra,Obra de terceiros,Crítica,4,8.36,37.0,Encerrado
2172,2025-08-21 10:24:28,2025-08-21 12:10:41,2025-08-21 12:48:11,335,2,7.0,Configuração,Erro de configuração,Média,24,,,Encerrado
2173,2025-08-21 13:13:51,2025-08-21 14:10:28,2025-08-21 19:07:05,185,6,7.0,Rompimento de fibra,Acidente de trânsito (poste),Alta,8,5.82,24.7,Encerrado
2174,2025-08-21 14:14:01,2025-08-21 15:29:14,2025-08-21 22:57:19,8,7,11.0,Rompimento de fibra,Roedores,Crítica,4,2.79,32.5,Encerrado
2175,2025-08-21 16:27:11,2025-08-21 19:39:43,2025-08-21 21:56:02,35,6,7.0,Queda de energia,Bateria do nobreak,Alta,8,,,Encerrado
2176,2025-08-21 17:16:08,2025-08-21 18:32:43,2025-08-22 01:24:56,330,12,9.0,Rompimento de fibra,Roedores,Alta,8,1.61,38.2,Encerrado
2177,2025-08-21 18:47:12,,,176,13,,Atenuação alta,,Média,24,0.71,7.4,Cancelado
2178,2025-08-22 03:58:19,2025-08-22 07:42:48,2025-08-22 11:08:25,16,3,1.0,Rompimento de fibra,Queda de árvore,Crítica,4,2.66,35.7,Encerrado
2179,2025-08-22 07:13:21,2025-08-22 08:20:18,2025-08-22 09:43:25,41,12,15.0,Atenuação alta,Curvatura excessiva,Alta,8,10.9,2.0,Encerrado
2180,2025-08-22 10:58:15,2025-08-22 11:18:54,2025-08-22 15:47:52,46,11,18.0,Rompimento de fibra,Queda de árvore,Crítica,4,6.27,24.1,Encerrado
2181,2025-08-22 13:25:47,2025-08-22 15:02:02,2025-08-22 16:09:11,188,15,15.0,Configuração,Atualização de firmware,Média,24,,,Encerrado
2182,2025-08-22 22:40:38,2025-08-22 23:30:02,2025-08-23 03:25:46,330,12,6.0,Rompimento de fibra,Obra de terceiros,Alta,8,2.86,25.9,Encerrado
2183,2025-08-22 22:49:04,2025-08-22 23:34:30,2025-08-23 03:51:15,213,8,14.0,Atenuação alta,Conector sujo,Alta,8,3.12,8.9,Encerrado
2184,2025-08-23 09:56:38,2025-08-23 10:56:18,2025-08-23 11:41:50,251,4,13.0,Furto/vandalismo de cabo,Vandalismo,Crítica,4,3.13,23.2,Encerrado
2185,2025-08-23 14:44:26,2025-08-24 20:44:50,2025-08-24 22:13:43,228,10,2.0,Queda de energia,Bateria do nobreak,Média,24,,,Encerrado
2186,2025-08-23 15:56:02,2025-08-23 17:06:47,2025-08-23 17:55:10,11,6,13.0,Falha de equipamento,Fonte de alimentação,Crítica,4,,,Encerrado
2187,2025-08-23 16:10:18,2025-08-23 16:24:16,2025-08-23 20:07:23,337,15,12.0,Rompimento de fibra,Obra de terceiros,Crítica,4,7.46,35.2,Encerrado
2188,2025-08-23 17:29:35,2025-08-23 18:27:20,2025-08-24 00:57:33,240,8,14.0,Rompimento de fibra,Queda de árvore,Crítica,4,2.14,33.7,Encerrado
2189,2025-08-23 21:11:04,2025-08-23 22:54:29,2025-08-23 23:47:24,250,8,5.0,Queda de energia,Disjuntor,Média,24,,,Encerrado
2190,2025-08-23 22:00:57,2025-08-23 22:35:21,2025-08-24 00:08:03,152,10,8.0,Furto/vandalismo de cabo,Vandalismo,Crítica,4,6.53,22.7,Encerrado
2191,2025-08-23 22:56:49,2025-08-24 00:58:55,2025-08-24 04:15:54,175,3,13.0,Rompimento de fibra,Queda de árvore,Alta,8,4.61,39.3,Encerrado
2192,2025-08-24 01:12:25,2025-08-24 20:51:30,2025-08-24 21:30:45,265,14,3.0,Configuração,Atualização de firmware,Média,24,,,Encerrado
2193,2025-08-24 03:17:11,2025-08-24 20:24:46,2025-08-24 21:43:23,137,5,10.0,Queda de energia,Bateria do nobreak,Média,24,,,Encerrado
2194,2025-08-24 05:18:56,2025-08-24 07:15:41,2025-08-24 09:14:00,329,13,9.0,Falha de equipamento,Placa de interface,Alta,8,,,Encerrado
2195,2025-08-24 07:36:53,2025-08-24 10:50:00,2025-08-24 15:48:36,140,16,3.0,Rompimento de fibra,Obra de terceiros,Alta,8,13.55,20.2,Encerrado
2196,2025-08-24 11:03:50,2025-08-24 16:23:10,2025-08-24 17:28:16,367,5,13.0,Falha de equipamento,Placa de interface,Baixa,48,,,Encerrado
2197,2025-08-24 15:12:38,2025-08-24 21:45:57,2025-08-24 22:58:29,395,10,14.0,Configuração,Erro de configuração,Alta,8,,,Encerrado
2198,2025-08-24 15:25:10,2025-08-24 16:37:20,2025-08-24 19:49:33,47,8,17.0,Rompimento de fibra,Obra de terceiros,Crítica,4,12.37,33.5,Encerrado
2199,2025-08-24 17:01:29,2025-08-24 21:59:43,2025-08-25 00:14:45,156,5,4.0,Queda de energia,Falta de energia da concessionária,Baixa,48,,,Encerrado
2200,2025-08-24 18:43:03,2025-08-24 21:07:39,2025-08-24 23:58:20,293,16,6.0,Rompimento de fibra,Roedores,Alta,8,5.6,35.7,Encerrado
2201,2025-08-24 18:47:22,2025-08-25 01:08:03,2025-08-25 05:14:45,187,5,1.0,Atenuação alta,Curvatura excessiva,Média,24,1.66,6.7,Encerrado
2202,2025-08-24 21:34:22,2025-08-24 21:58:01,2025-08-25 02:40:13,40,14,9.0,Falha de equipamento,Módulo óptico (SFP/QSFP),Crítica,4,,,Encerrado
2203,2025-08-24 21:44:41,2025-08-24 23:13:48,2025-08-25 00:27:30,220,6,1.0,Falha de equipamento,Fonte de alimentação,Média,24,,,Encerrado
2204,2025-08-25 00:45:02,2025-08-25 01:37:24,2025-08-25 04:40:33,274,15,9.0,Falha de equipamento,Módulo óptico (SFP/QSFP),Alta,8,,,Encerrado
2205,2025-08-25 04:53:51,2025-08-25 06:24:30,2025-08-25 09:59:54,97,10,14.0,Rompimento de fibra,Queda de árvore,Crítica,4,5.92,34.2,Encerrado
2206,2025-08-25 11:09:06,2025-08-25 12:34:03,2025-08-25 17:36:57,61,14,15.0,Rompimento de fibra,Obra de terceiros,Crítica,4,5.27,24.8,Encerrado
2207,2025-08-25 13:51:10,2025-08-25 14:13:54,2025-08-25 21:18:24,354,8,5.0,Furto/vandalismo de cabo,Furto de cabo,Crítica,4,1.39,25.8,Encerrado
2208,2025-08-25 13:55:35,2025-08-25 19:02:07,2025-08-25 21:12:07,253,9,5.0,Atenuação alta,Umidade na caixa de emenda,Média,24,8.64,3.8,Encerrado
2209,2025-08-25 19:00:28,2025-08-26 02:22:26,2025-08-26 03:43:33,388,12,18.0,Atenuação alta,Emenda degradada,Média,24,3.58,1.9,Encerrado
2210,2025-08-25 19:45:32,2025-08-25 20:06:40,2025-08-25 20:32:09,31,3,7.0,Queda de energia,Falta de energia da concessionária,Crítica,4,,,Encerrado
2211,2025-08-25 20:38:44,2025-08-25 23:55:41,2025-08-26 00:39:29,384,8,8.0,Queda de energia,Falta de energia da concessionária,Média,24,,,Encerrado
2212,2025-08-25 22:27:32,2025-08-26 06:13:08,2025-08-26 10:11:30,299,13,3.0,Falha de equipamento,Fonte de alimentação,Média,24,,,Encerrado
2213,2025-08-26 01:07:16,2025-08-26 05:50:18,2025-08-26 07:25:16,196,14,18.0,Configuração,Erro de configuração,Média,24,,,Encerrado
2214,2025-08-26 08:11:10,2025-08-26 10:43:17,2025-08-26 12:56:30,382,14,9.0,Falha de equipamento,Switch,Média,24,,,Encerrado
2215,2025-08-26 08:19:06,2025-08-26 12:29:17,2025-08-26 16:02:16,47,8,8.0,Falha de equipamento,Switch,Alta,8,,,Encerrado
2216,2025-08-26 12:32:44,2025-08-26 15:48:55,2025-08-26 17:21:03,341,5,1.0,Queda de energia,Disjuntor,Baixa,48,,,Encerrado
2217,2025-08-26 18:17:06,2025-08-27 10:02:35,2025-08-27 11:21:27,73,1,13.0,Queda de energia,Disjuntor,Média,24,,,Encerrado
2218,2025-08-26 18:26:24,,,77,5,,Rompimento de fibra,,Crítica,4,2.81,31.2,Cancelado
2219,2025-08-26 18:41:09,2025-08-26 20:01:56,2025-08-26 23:17:52,134,1,16.0,Rompimento de fibra,Queda de árvore,Alta,8,0.57,21.3,Encerrado
2220,2025-08-26 22:21:16,2025-08-27 00:16:15,2025-08-27 03:48:39,79,9,5.0,Rompimento de fibra,Acidente de trânsito (poste),Crítica,4,4.24,35.6,Encerrado
2221,2025-08-27 01:24:00,2025-08-27 07:59:35,2025-08-27 09:27:20,28,10,17.0,Queda de energia,Bateria do nobreak,Alta,8,,,Encerrado
2222,2025-08-27 01:47:24,2025-08-27 10:40:05,2025-08-27 12:15:37,379,2,16.0,Configuração,Atualização de firmware,Média,24,,,Encerrado
2223,2025-08-27 02:41:09,2025-08-27 03:20:14,2025-08-27 16:26:53,251,4,10.0,Furto/vandalismo de cabo,Vandalismo,Crítica,4,0.88,36.7,Encerrado
2224,2025-08-27 07:32:04,2025-08-27 18:06:23,2025-08-27 20:07:51,216,7,8.0,Falha de equipamento,Fonte de alimentação,Baixa,48,,,Encerrado
2225,2025-08-27 07:45:55,2025-08-27 08:27:32,2025-08-27 10:00:55,169,11,12.0,Rompimento de fibra,Obra de terceiros,Crítica,4,4.63,19.1,Encerrado
2226,2025-08-27 10:35:59,2025-08-27 14:02:13,2025-08-27 17:14:28,248,12,3.0,Atenuação alta,Curvatura excessiva,Média,24,3.9,2.9,Encerrado
2227,2025-08-27 12:44:52,2025-08-27 14:24:17,2025-08-27 16:24:30,329,13,15.0,Falha de equipamento,Módulo óptico (SFP/QSFP),Média,24,,,Encerrado
2228,2025-08-27 12:55:10,2025-08-27 16:12:44,2025-08-27 17:18:57,234,9,8.0,Queda de energia,Bateria do nobreak,Média,24,,,Encerrado
2229,2025-08-27 15:45:01,2025-08-27 21:26:50,2025-08-27 23:13:58,22,2,13.0,Falha de equipamento,Switch,Média,24,,,Encerrado
2230,2025-08-27 16:38:05,,,115,15,,Queda de energia,,Alta,8,,,Cancelado
2231,2025-08-27 16:58:57,2025-08-27 21:41:17,2025-08-28 00:13:48,133,3,10.0,Queda de energia,Disjuntor,Baixa,48,,,Encerrado
2232,2025-08-28 00:04:47,2025-08-28 00:44:18,2025-08-28 01:31:39,71,12,15.0,Queda de energia,Falta de energia da concessionária,Alta,8,,,Encerrado
2233,2025-08-28 03:23:13,2025-08-28 03:33:46,2025-08-28 04:39:30,41,11,15.0,Rompimento de fibra,Roedores,Crítica,4,3.86,36.2,Encerrado
2234,2025-08-28 10:08:11,2025-08-28 13:06:18,2025-08-28 17:07:35,392,1,13.0,Atenuação alta,Umidade na caixa de emenda,Média,24,3.59,7.8,Encerrado
2235,2025-08-28 13:46:25,2025-08-29 08:09:38,2025-08-29 10:17:43,213,8,5.0,Queda de energia,Bateria do nobreak,Média,24,,,Encerrado
2236,2025-08-28 14:30:17,2025-08-28 23:25:34,2025-08-29 02:00:40,367,5,10.0,Falha de equipamento,Módulo óptico (SFP/QSFP),Baixa,48,,,Encerrado
2237,2025-08-28 17:51:32,2025-08-28 18:22:44,2025-08-28 20:42:17,366,13,6.0,Queda de energia,Bateria do nobreak,Média,24,,,Encerrado
2238,2025-08-28 18:01:18,2025-08-28 19:59:03,2025-08-29 08:20:28,283,14,15.0,Rompimento de fibra,Acidente de trânsito (poste),Alta,8,4.15,31.4,Encerrado
2239,2025-08-28 22:39:06,2025-08-29 12:47:10,2025-08-29 14:17:34,253,7,8.0,Falha de equipamento,Switch,Média,24,,,Encerrado
2240,2025-08-29 00:16:51,2025-08-29 02:36:50,2025-08-29 03:12:24,39,15,12.0,Queda de energia,Bateria do nobreak,Alta,8,,,Encerrado
2241,2025-08-29 00:43:31,2025-08-29 02:02:25,2025-08-29 11:54:33,185,6,7.0,Rompimento de fibra,Obra de terceiros,Alta,8,4.64,21.0,Encerrado
2242,2025-08-29 01:05:40,2025-08-29 13:46:12,2025-08-29 17:31:30,186,15,6.0,Atenuação alta,Umidade na caixa de emenda,Média,24,0.9,3.6,Encerrado
2243,2025-08-29 05:45:23,2025-08-29 06:26:23,2025-08-29 08:23:05,170,5,16.0,Rompimento de fibra,Acidente de trânsito (poste),Crítica,4,1.12,31.4,Encerrado
2244,2025-08-29 11:23:32,2025-08-29 16:59:09,2025-08-29 18:34:04,387,6,1.0,Rompimento de fibra,Acidente de trânsito (poste),Alta,8,3.79,35.0,Encerrado
2245,2025-08-29 20:42:26,2025-08-29 21:23:29,2025-08-30 04:09:45,171,6,7.0,Rompimento de fibra,Acidente de trânsito (poste),Crítica,4,2.63,39.9,Encerrado
2246,2025-08-29 22:40:56,2025-08-29 22:49:29,2025-08-29 23:55:57,235,11,18.0,Rompimento de fibra,Obra de terceiros,Crítica,4,1.58,21.4,Encerrado
2247,2025-08-30 00:11:59,2025-08-30 01:07:17,2025-08-30 04:49:11,387,6,1.0,Rompimento de fibra,Obra de terceiros,Crítica,4,4.22,38.5,Encerrado
2248,2025-08-30 02:20:02,,,357,5,,Atenuação alta,,Baixa,48,0.63,8.3,Cancelado
2249,2025-08-30 10:06:30,2025-08-30 20:42:01,2025-08-31 00:00:39,240,9,17.0,Atenuação alta,Emenda degradada,Média,24,9.72,7.6,Encerrado
2250,2025-08-30 13:47:48,2025-08-30 15:15:21,2025-08-30 15:38:12,270,13,3.0,Configuração,Atualização de firmware,Alta,8,,,Encerrado
2251,2025-08-30 18:33:08,2025-08-30 19:55:30,2025-08-31 04:06:21,273,5,7.0,Rompimento de fibra,Acidente de trânsito (poste),Crítica,4,0.55,38.0,Encerrado
2252,2025-08-30 20:47:51,2025-08-31 13:58:37,2025-08-31 15:09:22,212,8,8.0,Falha de equipamento,Fonte de alimentação,Baixa,48,,,Encerrado
2253,2025-08-30 21:54:07,2025-08-30 22:50:03,2025-08-31 03:51:46,19,8,11.0,Furto/vandalismo de cabo,Furto de cabo,Crítica,4,10.87,24.2,Encerrado
2254,2025-08-31 00:48:39,2025-08-31 01:10:52,2025-08-31 04:58:40,313,1,13.0,Rompimento de fibra,Roedores,Alta,8,3.13,25.3,Encerrado
2255,2025-08-31 03:11:24,2025-08-31 03:19:43,2025-08-31 08:29:53,110,10,17.0,Furto/vandalismo de cabo,Furto de cabo,Crítica,4,13.12,22.6,Encerrado
2256,2025-08-31 04:08:45,2025-08-31 04:53:48,2025-08-31 10:59:08,193,9,8.0,Furto/vandalismo de cabo,Furto de cabo,Alta,8,6.93,31.1,Encerrado
2257,2025-08-31 04:45:56,2025-08-31 06:45:23,2025-08-31 14:53:01,365,2,10.0,Rompimento de fibra,Obra de terceiros,Crítica,4,7.85,35.3,Encerrado
2258,2025-08-31 05:01:18,2025-08-31 08:29:04,2025-08-31 11:27:14,191,8,17.0,Atenuação alta,Umidade na caixa de emenda,Média,24,2.98,2.6,Encerrado
2259,2025-08-31 05:19:04,2025-08-31 06:47:40,2025-08-31 07:45:08,115,15,15.0,Configuração,Erro de configuração,Crítica,4,,,Encerrado
2260,2025-08-31 05:21:30,2025-09-02 00:25:21,2025-09-02 02:12:13,132,4,7.0,Configuração,Atualização de firmware,Média,24,,,Encerrado
2261,2025-08-31 07:30:16,2025-08-31 08:03:38,2025-08-31 10:01:27,8,7,5.0,Falha de equipamento,Fonte de alimentação,Alta,8,,,Encerrado
2262,2025-08-31 12:33:15,2025-09-01 01:55:06,2025-09-01 02:56:57,247,4,7.0,Configuração,Atualização de firmware,Média,24,,,Encerrado
2263,2025-08-31 15:14:24,2025-08-31 16:44:55,2025-08-31 20:23:23,19,8,14.0,Queda de energia,Bateria do nobreak,Alta,8,,,Encerrado
2264,2025-08-31 18:42:50,2025-09-01 13:12:30,2025-09-01 16:17:02,68,10,5.0,Falha de equipamento,Switch,Média,24,,,Encerrado
2265,2025-08-31 21:13:01,2025-08-31 22:36:07,2025-09-01 04:57:19,99,16,15.0,Falha de equipamento,Módulo óptico (SFP/QSFP),Alta,8,,,Encerrado
2266,2025-08-31 22:03:20,2025-09-01 04:38:13,2025-09-01 06:33:24,238,14,3.0,Queda de energia,Disjuntor,Média,24,,,Encerrado
2267,2025-08-31 23:52:27,2025-09-01 06:19:28,2025-09-01 07:40:48,290,16,9.0,Queda de energia,Bateria do nobreak,Média,24,,,Encerrado
2268,2025-09-01 06:07:55,2025-09-01 10:47:04,2025-09-01 14:09:11,301,15,15.0,Queda de energia,Bateria do nobreak,Média,24,,,Encerrado
2269,2025-09-01 07:00:53,2025-09-01 08:53:38,2025-09-01 11:11:47,214,16,3.0,Atenuação alta,Umidade na caixa de emenda,Média,24,1.53,3.6,Encerrado
2270,2025-09-01 11:39:29,2025-09-01 22:26:40,2025-09-02 00:13:23,253,7,14.0,Atenuação alta,Umidade na caixa de emenda,Média,24,6.05,5.6,Encerrado
2271,2025-09-01 14:16:28,2025-09-02 00:08:33,2025-09-02 01:15:37,384,9,11.0,Queda de energia,Disjuntor,Baixa,48,,,Encerrado
2272,2025-09-01 15:14:02,2025-09-02 07:04:10,2025-09-02 13:32:51,253,9,8.0,Atenuação alta,Curvatura excessiva,Média,24,6.88,8.7,Encerrado
2273,2025-09-01 17:19:13,2025-09-01 18:07:59,2025-09-01 23:08:03,298,5,7.0,Rompimento de fibra,Obra de terceiros,Crítica,4,4.73,19.6,Encerrado
2274,2025-09-01 18:21:20,2025-09-01 20:56:49,2025-09-01 21:29:23,193,9,17.0,Falha de equipamento,Placa de interface,Alta,8,,,Encerrado
2275,2025-09-01 20:02:52,2025-09-01 23:31:04,2025-09-02 00:23:51,316,13,9.0,Configuração,Atualização de firmware,Média,24,,,Encerrado
2276,2025-09-01 23:29:44,2025-09-04 05:55:40,2025-09-04 09:53:43,280,5,4.0,Falha de equipamento,Fonte de alimentação,Baixa,48,,,Encerrado
2277,2025-09-01 23:30:25,2025-09-02 02:02:16,2025-09-02 10:20:24,392,1,13.0,Furto/vandalismo de cabo,Vandalismo,Crítica,4,12.77,32.5,Encerrado
2278,2025-09-02 00:43:35,2025-09-02 10:44:23,2025-09-02 13:44:39,140,16,18.0,Falha de equipamento,Fonte de alimentação,Média,24,,,Encerrado
2279,2025-09-02 05:38:50,2025-09-02 19:16:33,2025-09-02 22:57:26,194,4,7.0,Falha de equipamento,Placa de interface,Média,24,,,Encerrado
2280,2025-09-02 07:27:50,2025-09-02 08:05:48,2025-09-02 13:00:15,188,14,18.0,Rompimento de fibra,Acidente de trânsito (poste),Crítica,4,8.07,25.2,Encerrado
2281,2025-09-02 10:35:53,2025-09-02 12:32:26,2025-09-02 15:56:32,291,5,16.0,Rompimento de fibra,Roedores,Crítica,4,12.69,35.4,Encerrado
2282,2025-09-02 12:23:21,2025-09-02 13:26:30,2025-09-02 15:23:29,195,6,10.0,Rompimento de fibra,Obra de terceiros,Crítica,4,1.43,30.5,Encerrado
2283,2025-09-02 12:36:19,2025-09-03 00:47:18,2025-09-03 03:02:19,121,6,4.0,Configuração,Atualização de firmware,Média,24,,,Encerrado
2284,2025-09-02 12:49:29,2025-09-02 12:53:07,2025-09-02 20:21:42,36,9,2.0,Furto/vandalismo de cabo,Vandalismo,Crítica,4,7.79,28.9,Encerrado
2285,2025-09-02 19:43:10,2025-09-02 21:12:07,2025-09-02 23:23:36,85,5,4.0,Falha de equipamento,Fonte de alimentação,Crítica,4,,,Encerrado
2286,2025-09-02 23:13:16,2025-09-03 00:56:32,2025-09-03 02:18:09,392,2,16.0,Falha de equipamento,Switch,Média,24,,,Encerrado
2287,2025-09-03 02:07:33,2025-09-03 17:00:59,2025-09-03 18:04:03,381,7,11.0,Queda de energia,Disjuntor,Baixa,48,,,Encerrado
2288,2025-09-03 04:03:09,2025-09-03 06:10:24,2025-09-03 06:34:08,179,15,3.0,Rompimento de fibra,Roedores,Alta,8,3.0,29.0,Encerrado
2289,2025-09-03 04:25:03,2025-09-03 06:52:25,2025-09-03 08:28:05,337,14,6.0,Rompimento de fibra,Queda de árvore,Alta,8,0.7,33.2,Encerrado
2290,2025-09-03 06:52:44,2025-09-04 06:09:51,2025-09-04 07:53:17,342,2,16.0,Falha de equipamento,Módulo óptico (SFP/QSFP),Baixa,48,,,Encerrado
2291,2025-09-03 07:30:26,2025-09-03 12:00:19,2025-09-03 15:47:59,194,4,10.0,Falha de equipamento,Switch,Média,24,,,Encerrado
2292,2025-09-03 16:13:45,2025-09-03 18:48:56,2025-09-03 19:37:39,231,3,10.0,Atenuação alta,Umidade na caixa de emenda,Média,24,4.27,2.0,Encerrado
2293,2025-09-03 17:37:23,2025-09-03 20:17:55,2025-09-04 10:43:22,191,7,8.0,Rompimento de fibra,Queda de árvore,Alta,8,6.85,32.2,Encerrado
2294,2025-09-03 18:31:50,2025-09-03 18:45:10,2025-09-03 22:29:45,150,8,8.0,Furto/vandalismo de cabo,Furto de cabo,Crítica,4,2.8,20.9,Encerrado
2295,2025-09-03 22:55:15,2025-09-05 10:25:24,2025-09-05 14:19:45,342,2,10.0,Atenuação alta,Conector sujo,Baixa,48,6.66,7.7,Encerrado
2296,2025-09-03 23:57:04,2025-09-04 02:51:13,2025-09-04 04:25:25,139,13,15.0,Queda de energia,Falta de energia da concessionária,Média,24,,,Encerrado
2297,2025-09-04 02:59:54,2025-09-04 14:16:21,2025-09-04 14:44:28,44,1,10.0,Queda de energia,Bateria do nobreak,Média,24,,,Encerrado
2298,2025-09-04 05:11:44,2025-09-04 07:29:49,2025-09-04 08:33:09,259,10,2.0,Queda de energia,Bateria do nobreak,Alta,8,,,Encerrado
2299,2025-09-04 06:11:57,2025-09-04 08:40:01,2025-09-04 18:36:33,212,7,2.0,Atenuação alta,Emenda degradada,Média,24,1.11,5.0,Encerrado
2300,2025-09-04 08:34:35,2025-09-04 13:22:14,2025-09-04 15:12:41,284,10,5.0,Queda de energia,Falta de energia da concessionária,Média,24,,,Encerrado
2301,2025-09-04 13:23:17,,,266,8,,Rompimento de fibra,,Crítica,4,3.25,32.3,Cancelado
2302,2025-09-04 15:46:27,2025-09-04 17:33:13,2025-09-04 19:15:50,242,11,6.0,Falha de equipamento,Módulo óptico (SFP/QSFP),Média,24,,,Encerrado
2303,2025-09-04 16:56:37,2025-09-04 20:30:00,2025-09-05 00:30:24,23,11,3.0,Atenuação alta,Umidade na caixa de emenda,Alta,8,0.33,6.6,Encerrado
2304,2025-09-04 21:09:42,2025-09-04 21:41:16,2025-09-04 22:25:19,216,8,17.0,Queda de energia,Bateria do nobreak,Alta,8,,,Encerrado
2305,2025-09-05 01:08:56,2025-09-05 12:05:09,2025-09-05 13:15:15,43,12,18.0,Queda de energia,Falta de energia da concessionária,Média,24,,,Encerrado
2306,2025-09-05 11:14:19,2025-09-06 00:42:06,2025-09-06 01:48:19,364,16,15.0,CONFIGURAÇÃO,Erro de configuração,Média,24,,,Encerrado
2307,2025-09-05 12:03:40,2025-09-05 13:47:04,2025-09-06 03:21:14,8,7,8.0,Rompimento de fibra,Obra de terceiros,Crítica,4,3.0,20.3,Encerrado
2308,2025-09-05 12:54:22,2025-09-05 13:51:49,2025-09-05 15:41:53,25,8,17.0,Falha de equipamento,Switch,Alta,8,,,Encerrado
2309,2025-09-05 13:50:24,2025-09-05 19:01:51,2025-09-05 19:49:26,202,15,3.0,Queda de energia,Falta de energia da concessionária,Média,24,,,Encerrado
2310,2025-09-05 15:03:46,2025-09-05 15:42:32,2025-09-05 16:43:44,67,10,2.0,Queda de energia,Disjuntor,Crítica,4,,,Encerrado
2311,2025-09-05 16:47:27,2025-09-05 18:53:52,2025-09-05 22:15:36,177,8,2.0,Furto/vandalismo de cabo,Vandalismo,Alta,8,2.45,39.1,Encerrado
2312,2025-09-05 18:53:30,,,124,6,,Atenuação alta,,Baixa,48,4.23,2.1,Cancelado
2313,2025-09-05 21:46:18,2025-09-05 23:47:45,2025-09-06 05:09:34,120,11,18.0,Atenuação alta,Emenda degradada,Alta,8,1.46,5.8,Encerrado
2314,2025-09-06 00:06:17,2025-09-06 17:20:11,2025-09-06 18:21:53,235,12,6.0,Queda de energia,Bateria do nobreak,Média,24,,,Encerrado
2315,2025-09-06 05:00:05,2025-09-06 10:07:29,2025-09-06 14:51:02,129,3,10.0,Atenuação alta,Emenda degradada,Alta,8,2.66,6.0,Encerrado
2316,2025-09-06 05:09:33,2025-09-06 06:38:24,2025-09-06 11:10:25,294,13,3.0,Furto/vandalismo de cabo,Vandalismo,Alta,8,5.53,28.2,Encerrado
2317,2025-09-06 05:18:52,2025-09-06 07:29:11,2025-09-06 10:09:54,330,11,12.0,Rompimento de fibra,Roedores,Alta,8,6.47,26.2,Encerrado
2318,2025-09-06 10:13:08,2025-09-06 11:13:21,2025-09-06 12:23:10,19,7,2.0,Configuração,Erro de configuração,Alta,8,,,Encerrado
2319,2025-09-06 13:05:52,2025-09-06 13:24:44,2025-09-06 16:53:48,112,8,5.0,Atenuação alta,Conector sujo,Alta,8,1.75,8.7,Encerrado
2320,2025-09-06 13:38:10,2025-09-07 08:52:06,2025-09-07 10:26:43,243,13,12.0,Atenuação alta,Conector sujo,Média,24,5.66,8.3,Encerrado
2321,2025-09-06 19:43:49,2025-09-06 23:08:14,2025-09-07 02:47:51,199,3,10.0,Falha de equipamento,Módulo óptico (SFP/QSFP),Média,24,,,Encerrado
2322,2025-09-06 23:43:56,2025-09-06 23:58:10,2025-09-07 04:04:35,368,5,16.0,Rompimento de fibra,Obra de terceiros,Crítica,4,9.65,23.8,Encerrado
2323,2025-09-07 02:00:14,2025-09-07 03:56:26,2025-09-07 06:24:27,365,1,10.0,Atenuação alta,Umidade na caixa de emenda,Alta,8,4.74,7.5,Encerrado
2324,2025-09-07 05:41:56,2025-09-07 12:08:33,2025-09-07 12:37:02,25,7,8.0,Queda de energia,Falta de energia da concessionária,Média,24,,,Encerrado
2325,2025-09-07 16:51:25,2025-09-09 15:15:28,2025-09-09 16:18:38,191,8,11.0,Queda de energia,Bateria do nobreak,Baixa,48,,,Encerrado
2326,2025-09-07 16:58:23,2025-09-09 21:03:07,2025-09-09 23:55:31,199,3,7.0,Falha de equipamento,Fonte de alimentação,Baixa,48,,,Encerrado
2327,2025-09-07 17:24:42,2025-09-07 20:19:11,2025-09-07 21:39:37,164,16,3.0,Queda de energia,Disjuntor,Média,24,,,Encerrado
2328,2025-09-08 03:08:01,2025-09-08 04:21:19,2025-09-08 05:11:23,17,1,16.0,Configuração,Erro de configuração,Alta,8,,,Encerrado
2329,2025-09-08 03:10:10,2025-09-08 05:18:52,2025-09-08 07:57:47,21,3,10.0,Rompimento de fibra,Roedores,Crítica,4,4.02,39.6,Encerrado
2330,2025-09-08 04:35:24,,,269,14,,Queda de energia,,Alta,8,,,Cancelado
2331,2025-09-08 07:18:36,2025-09-08 07:53:38,2025-09-08 09:22:37,299,13,15.0,Falha de equipamento,Placa de interface,Média,24,,,Encerrado
2332,2025-09-08 09:45:05,2025-09-08 12:58:01,2025-09-08 14:31:58,98,2,1.0,Falha de equipamento,Switch,Alta,8,,,Encerrado
2333,2025-09-08 12:43:35,2025-09-08 21:12:27,2025-09-08 22:03:40,264,15,3.0,Queda de energia,Falta de energia da concessionária,Média,24,,,Encerrado
2334,2025-09-08 14:19:38,2025-09-10 10:24:08,2025-09-10 11:50:56,326,5,16.0,Falha de equipamento,Placa de interface,Baixa,48,,,Encerrado
2335,2025-09-08 14:27:31,2025-09-08 15:19:36,2025-09-08 17:36:27,17,2,4.0,Furto/vandalismo de cabo,Vandalismo,Crítica,4,2.92,29.4,Encerrado
2336,2025-09-08 19:22:50,2025-09-08 19:47:33,2025-09-09 03:02:07,396,1,1.0,Rompimento de fibra,Queda de árvore,Crítica,4,1.0,20.2,Encerrado
2337,2025-09-09 00:11:14,,,115,14,,Queda de energia,,Alta,8,,,Cancelado
2338,2025-09-09 01:47:55,2025-09-09 04:12:10,2025-09-09 12:24:10,220,6,4.0,Furto/vandalismo de cabo,Vandalismo,Alta,8,3.41,35.9,Encerrado
2339,2025-09-09 08:15:10,2025-09-09 12:00:02,2025-09-09 13:11:14,330,12,6.0,Configuração,Atualização de firmware,Média,24,,,Encerrado
2340,2025-09-09 08:54:29,2025-09-09 09:29:42,2025-09-09 12:32:11,74,5,10.0,Rompimento de fibra,Queda de árvore,Crítica,4,2.72,32.9,Encerrado
2341,2025-09-09 09:05:05,2025-09-09 09:44:21,2025-09-09 12:09:14,213,7,2.0,Falha de equipamento,Módulo óptico (SFP/QSFP),Alta,8,,,Encerrado
2342,2025-09-09 16:11:50,2025-09-09 16:47:04,2025-09-09 17:32:11,101,2,4.0,Configuração,Erro de configuração,Crítica,4,,,Encerrado
2343,2025-09-09 17:08:09,2025-09-09 19:28:31,2025-09-09 20:09:57,194,4,1.0,Falha de equipamento,Placa de interface,Alta,8,,,Encerrado
2344,2025-09-09 17:15:55,2025-09-09 18:06:07,2025-09-09 19:42:26,388,11,15.0,Falha de equipamento,Placa de interface,Média,24,,,Encerrado
2345,2025-09-09 18:23:44,2025-09-09 19:07:41,2025-09-09 21:21:14,210,1,16.0,Queda de energia,Bateria do nobreak,Alta,8,,,Encerrado
2346,2025-09-09 18:40:21,2025-09-09 19:32:41,2025-09-09 22:25:45,44,2,10.0,Rompimento de fibra,Obra de terceiros,Crítica,4,4.15,18.2,Encerrado
2347,2025-09-09 19:52:39,2025-09-09 22:55:13,2025-09-10 00:10:46,148,2,13.0,Rompimento de fibra,Obra de terceiros,Alta,8,10.96,24.7,Encerrado
2348,2025-09-09 23:29:23,2025-09-10 00:23:02,2025-09-10 00:51:12,91,4,13.0,Queda de energia,Disjuntor,Média,24,,,Encerrado
2349,2025-09-09 23:34:39,2025-09-10 04:29:56,2025-09-10 05:32:17,40,15,12.0,Queda de energia,Disjuntor,Alta,8,,,Encerrado
2350,2025-09-10 00:52:40,2025-09-10 04:18:44,2025-09-10 05:38:22,322,12,6.0,Atenuação alta,Emenda degradada,Média,24,0.78,5.1,Encerrado
2351,2025-09-10 01:27:15,2025-09-10 02:40:49,2025-09-10 12:03:49,247,3,7.0,Rompimento de fibra,Acidente de trânsito (poste),Crítica,4,4.16,28.6,Encerrado
2352,2025-09-10 02:09:09,2025-09-10 02:45:36,2025-09-10 06:46:18,167,2,1.0,Rompimento de fibra,Acidente de trânsito (poste),Crítica,4,2.7,33.6,Encerrado
2353,2025-09-10 02:55:17,2025-09-10 04:46:49,2025-09-10 08:48:39,168,2,7.0,Furto/vandalismo de cabo,Furto de cabo,Alta,8,4.6,34.2,Encerrado
2354,2025-09-10 03:40:49,2025-09-10 04:38:06,2025-09-10 05:56:59,280,5,1.0,Rompimento de fibra,Obra de terceiros,Crítica,4,1.89,18.5,Encerrado
2355,2025-09-10 04:42:22,2025-09-10 13:28:53,2025-09-10 14:04:42,346,13,18.0,Queda de energia,Bateria do nobreak,Média,24,,,Encerrado
2356,2025-09-10 06:03:38,2025-09-10 06:18:30,2025-09-10 07:33:38,369,4,16.0,Rompimento de fibra,Queda de árvore,Crítica,4,1.61,24.6,Encerrado
2357,2025-09-10 10:32:38,2025-09-10 10:55:01,2025-09-10 17:26:16,34,16,6.0,Rompimento de fibra,Acidente de trânsito (poste),Crítica,4,4.48,35.9,Encerrado
2358,2025-09-10 10:39:36,2025-09-10 12:20:49,2025-09-10 12:50:15,76,12,3.0,Queda de energia,Bateria do nobreak,Alta,8,,,Encerrado
2359,2025-09-10 11:44:44,2025-09-10 12:41:26,2025-09-10 16:08:14,298,5,16.0,Rompimento de fibra,Obra de terceiros,Crítica,4,3.22,32.6,Encerrado
2360,2025-09-10 13:50:28,2025-09-10 15:36:16,2025-09-10 18:09:09,339,10,17.0,Atenuação alta,Emenda degradada,Média,24,2.38,6.8,Encerrado
2361,2025-09-10 14:25:32,2025-09-10 15:24:43,2025-09-10 16:43:26,94,8,17.0,Atenuação alta,Conector sujo,Alta,8,1.82,2.9,Encerrado
2362,2025-09-10 14:46:26,2025-09-10 16:06:26,2025-09-10 17:30:37,391,13,15.0,Queda de energia,Disjuntor,Média,24,,,Encerrado
2363,2025-09-10 17:14:14,2025-09-11 11:29:23,2025-09-11 13:42:04,296,6,1.0,Falha de equipamento,Placa de interface,Baixa,48,,,Encerrado
2364,2025-09-10 18:40:34,2025-09-10 23:11:02,2025-09-11 02:06:25,233,14,3.0,Falha de equipamento,Fonte de alimentação,Média,24,,,Encerrado
2365,2025-09-11 06:13:30,2025-09-11 21:31:39,2025-09-11 23:11:53,400,5,13.0,Atenuação alta,Conector sujo,Baixa,48,7.22,2.0,Encerrado
2366,2025-09-11 10:48:58,2025-09-11 12:29:37,2025-09-11 17:14:23,158,5,16.0,Atenuação alta,Umidade na caixa de emenda,Média,24,1.91,8.8,Encerrado
2367,2025-09-11 12:35:36,2025-09-11 21:29:09,2025-09-11 21:56:59,223,13,3.0,Configuração,Erro de configuração,Média,24,,,Encerrado
2368,2025-09-11 12:51:20,2025-09-12 01:42:28,2025-09-12 05:46:17,383,10,2.0,Falha de equipamento,Switch,Média,24,,,Encerrado
2369,2025-09-11 14:06:35,2025-09-12 11:39:49,2025-09-12 12:54:47,132,4,7.0,Falha de equipamento,Placa de interface,Baixa,48,,,Encerrado
2370,2025-09-11 14:22:37,2025-09-11 19:43:44,2025-09-11 21:49:51,44,2,7.0,Atenuação alta,Conector sujo,Média,24,4.24,2.2,Encerrado
2371,2025-09-11 15:20:23,2025-09-11 19:40:25,2025-09-11 21:56:28,80,15,12.0,Queda de energia,Disjuntor,Média,24,,,Encerrado
2372,2025-09-11 19:55:38,2025-09-11 21:14:12,2025-09-12 03:23:21,381,7,14.0,Rompimento de fibra,Queda de árvore,Crítica,4,4.53,39.7,Encerrado
2373,2025-09-11 21:05:02,2025-09-11 22:14:44,2025-09-12 03:17:00,168,1,7.0,Rompimento de fibra,Roedores,Crítica,4,1.76,22.3,Encerrado
2374,2025-09-12 00:11:57,2025-09-12 07:14:13,2025-09-12 08:26:46,370,1,13.0,Falha de equipamento,Switch,Média,24,,,Encerrado
2375,2025-09-12 01:08:59,2025-09-12 01:34:02,2025-09-12 10:36:23,66,9,8.0,Furto/vandalismo de cabo,Vandalismo,Crítica,4,4.62,31.6,Encerrado
2376,2025-09-12 10:05:52,2025-09-12 12:50:03,2025-09-12 15:12:05,47,8,11.0,Falha de equipamento,Fonte de alimentação,Crítica,4,,,Encerrado
2377,2025-09-12 10:36:01,2025-09-13 06:53:23,2025-09-13 09:15:33,204,13,9.0,Falha de equipamento,Módulo óptico (SFP/QSFP),Média,24,,,Encerrado
2378,2025-09-12 11:42:05,2025-09-12 13:34:57,2025-09-12 23:14:38,33,11,9.0,Rompimento de fibra,Acidente de trânsito (poste),Crítica,4,5.3,22.2,Encerrado
2379,2025-09-12 18:41:55,2025-09-12 19:02:53,2025-09-12 20:49:53,191,9,5.0,Falha de equipamento,Switch,Alta,8,,,Encerrado
2380,2025-09-12 19:08:52,2025-09-12 19:15:12,2025-09-13 03:42:53,56,5,7.0,Atenuação alta,Emenda degradada,Crítica,4,4.39,3.2,Encerrado
2381,2025-09-12 19:45:55,2025-09-12 20:23:47,2025-09-12 23:19:25,168,1,13.0,Atenuação alta,Emenda degradada,Média,24,3.46,7.5,Encerrado
2382,2025-09-12 20:48:30,2025-09-14 06:31:18,2025-09-14 08:23:55,232,10,14.0,Falha de equipamento,Placa de interface,Baixa,48,,,Encerrado
2383,2025-09-12 20:54:41,2025-09-12 21:09:53,2025-09-13 02:24:56,49,3,16.0,Rompimento de fibra,Obra de terceiros,Crítica,4,4.17,22.3,Encerrado
2384,2025-09-12 22:33:02,2025-09-13 01:52:19,2025-09-13 03:37:49,247,4,13.0,Falha de equipamento,Fonte de alimentação,Alta,8,,,Encerrado
2385,2025-09-13 03:09:05,,,132,4,,Rompimento de fibra,,Alta,8,7.32,31.3,Cancelado
2386,2025-09-13 05:15:56,2025-09-13 12:27:14,2025-09-13 14:28:38,126,14,6.0,Queda de energia,Bateria do nobreak,Baixa,48,,,Encerrado
2387,2025-09-13 09:18:27,2025-09-13 10:18:21,2025-09-13 11:23:03,64,13,12.0,Queda de energia,Disjuntor,Crítica,4,,,Encerrado
2388,2025-09-13 09:20:21,2025-09-13 09:56:54,2025-09-13 11:51:31,63,13,6.0,Furto/vandalismo de cabo,Vandalismo,Crítica,4,11.76,23.1,Encerrado
2389,2025-09-13 09:38:31,2025-09-13 10:41:35,2025-09-13 15:52:15,313,2,4.0,Furto/vandalismo de cabo,Furto de cabo,Alta,8,2.19,37.9,Encerrado
2390,2025-09-13 12:56:16,2025-09-13 23:06:49,2025-09-14 00:08:47,267,5,1.0,Queda de energia,Disjuntor,Média,24,,,Encerrado
2391,2025-09-13 13:46:58,2025-09-14 05:14:20,2025-09-14 06:36:57,260,14,18.0,Atenuação alta,Umidade na caixa de emenda,Baixa,48,2.44,7.2,Encerrado
2392,2025-09-13 15:58:09,2025-09-13 16:50:08,2025-09-13 19:47:59,89,7,17.0,Falha de equipamento,Fonte de alimentação,Alta,8,,,Encerrado
2393,2025-09-13 19:15:42,2025-09-15 09:34:58,2025-09-15 15:51:12,218,13,6.0,Falha de equipamento,Módulo óptico (SFP/QSFP),Baixa,48,,,Encerrado
2394,2025-09-14 00:47:51,2025-09-14 02:05:41,2025-09-14 05:16:29,129,4,1.0,Rompimento de fibra,Acidente de trânsito (poste),Alta,8,9.89,34.0,Encerrado
2395,2025-09-14 00:56:03,2025-09-14 01:40:10,2025-09-14 04:36:09,266,9,11.0,Atenuação alta,Umidade na caixa de emenda,Alta,8,0.45,8.3,Encerrado
2396,2025-09-14 02:13:58,2025-09-14 03:24:11,2025-09-14 07:02:54,65,13,12.0,Rompimento de fibra,Queda de árvore,Crítica,4,18.84,28.2,Encerrado
2397,2025-09-14 08:25:39,2025-09-14 08:35:26,2025-09-14 09:58:45,286,16,15.0,Falha de equipamento,Switch,Média,24,,,Encerrado
2398,2025-09-14 08:31:54,,,297,1,,Configuração,,Média,24,,,Cancelado
2399,2025-09-14 12:43:14,2025-09-14 14:07:51,2025-09-14 14:39:08,112,7,5.0,Configuração,Erro de configuração,Alta,8,,,Encerrado
2400,2025-09-14 17:56:31,2025-09-14 19:15:43,2025-09-14 20:00:41,328,14,3.0,Atenuação alta,Curvatura excessiva,Média,24,16.82,3.2,Encerrado
2401,2025-09-14 19:22:07,2025-09-14 22:44:21,2025-09-15 01:19:09,261,16,3.0,Falha de equipamento,Fonte de alimentação,Média,24,,,Encerrado
2402,2025-09-14 20:19:36,2025-09-14 21:14:37,2025-09-14 23:41:15,72,8,17.0,Atenuação alta,Emenda degradada,Crítica,4,4.3,7.0,Encerrado
2403,2025-09-14 21:05:14,2025-09-14 21:38:43,2025-09-15 01:28:56,179,15,15.0,Furto/vandalismo de cabo,Furto de cabo,Crítica,4,5.59,28.9,Encerrado
2404,2025-09-14 21:49:03,2025-09-14 22:20:55,2025-09-15 02:14:11,138,11,9.0,Rompimento de fibra,Queda de árvore,Alta,8,5.4,18.1,Encerrado
2405,2025-09-14 22:07:51,2025-09-14 22:58:07,2025-09-14 23:49:44,19,7,2.0,Configuração,Atualização de firmware,Alta,8,,,Encerrado
2406,2025-09-15 04:28:41,,,163,5,,Queda de energia,,Média,24,,,Cancelado
2407,2025-09-15 13:01:14,,,55,8,,Falha de equipamento,,Média,24,,,Cancelado
2408,2025-09-15 13:53:07,2025-09-15 14:35:56,2025-09-15 16:57:38,133,4,13.0,Rompimento de fibra,Acidente de trânsito (poste),Crítica,4,5.26,39.3,Encerrado
2409,2025-09-15 14:46:48,2025-09-15 14:57:52,2025-09-15 20:57:56,96,5,4.0,Furto/vandalismo de cabo,Vandalismo,Crítica,4,15.79,36.0,Encerrado
2410,2025-09-15 15:02:47,2025-09-15 15:33:13,2025-09-15 18:28:42,398,7,8.0,Falha de equipamento,Fonte de alimentação,Alta,8,,,Encerrado
2411,2025-09-15 16:09:20,2025-09-15 16:21:06,2025-09-15 17:29:22,66,8,5.0,Queda de energia,Bateria do nobreak,Crítica,4,,,Encerrado
2412,2025-09-15 17:24:29,2025-09-15 19:58:57,2025-09-15 22:34:22,147,5,10.0,Falha de equipamento,Placa de interface,Média,24,,,Encerrado
2413,2025-09-15 19:08:17,2025-09-15 21:37:44,2025-09-15 23:50:11,190,5,1.0,Rompimento de fibra,Roedores,Alta,8,5.51,25.1,Encerrado
2414,2025-09-15 20:38:22,2025-09-16 00:47:04,2025-09-16 01:32:43,244,12,9.0,Configuração,Atualização de firmware,Média,24,,,Encerrado
2415,2025-09-15 21:20:52,2025-09-15 21:45:03,2025-09-16 02:36:34,98,2,13.0,Rompimento de fibra,Acidente de trânsito (poste),Crítica,4,8.16,31.3,Encerrado
2416,2025-09-15 21:42:22,2025-09-15 22:04:07,2025-09-15 23:42:13,126,15,18.0,Rompimento de fibra,Acidente de trânsito (poste),Crítica,4,4.3,23.3,Encerrado
2417,2025-09-16 02:33:48,2025-09-16 03:23:04,2025-09-16 06:53:26,269,14,3.0,Furto/vandalismo de cabo,Vandalismo,Crítica,4,3.4,24.7,Encerrado
2418,2025-09-16 03:50:51,2025-09-16 18:27:50,2025-09-16 19:57:41,253,7,11.0,Queda de energia,Disjuntor,Média,24,,,Encerrado
2419,2025-09-16 11:34:53,2025-09-16 13:11:09,2025-09-16 19:40:21,54,11,15.0,Rompimento de fibra,Roedores,Crítica,4,6.26,34.6,Encerrado
2420,2025-09-16 13:51:48,2025-09-16 15:59:39,2025-09-16 19:22:07,251,3,4.0,Falha de equipamento,Fonte de alimentação,Média,24,,,Encerrado
2421,2025-09-16 14:46:19,2025-09-16 17:06:15,2025-09-16 19:35:58,348,12,12.0,Atenuação alta,Curvatura excessiva,Baixa,48,2.29,3.0,Encerrado
2422,2025-09-16 15:10:39,2025-09-16 16:18:52,2025-09-16 16:53:18,247,3,1.0,Configuração,Atualização de firmware,Alta,8,,,Encerrado
2423,2025-09-16 16:55:46,2025-09-16 18:03:38,2025-09-16 18:53:46,382,14,6.0,Atenuação alta,Emenda degradada,Alta,8,7.43,4.5,Encerrado
2424,2025-09-16 19:50:04,2025-09-17 04:46:49,2025-09-17 05:23:42,234,7,5.0,Configuração,Erro de configuração,Baixa,48,,,Encerrado
2425,2025-09-17 00:26:00,2025-09-17 00:39:57,2025-09-17 03:33:56,5,10,5.0,Rompimento de fibra,Acidente de trânsito (poste),Crítica,4,3.11,36.8,Encerrado
2426,2025-09-17 03:26:14,2025-09-17 03:47:42,2025-09-17 08:14:28,250,7,14.0,Furto/vandalismo de cabo,Furto de cabo,Crítica,4,4.24,26.9,Encerrado
2427,2025-09-17 03:50:30,2025-09-17 05:18:31,2025-09-17 06:20:26,39,15,6.0,Rompimento de fibra,Queda de árvore,Crítica,4,3.61,23.6,Encerrado
2428,2025-09-17 05:50:59,2025-09-17 06:04:32,2025-09-17 11:05:29,276,13,9.0,Rompimento de fibra,Acidente de trânsito (poste),Crítica,4,7.51,19.8,Encerrado
2429,2025-09-17 14:05:42,2025-09-17 16:41:41,2025-09-17 17:26:36,66,9,2.0,Queda de energia,Bateria do nobreak,Alta,8,,,Encerrado
2430,2025-09-17 20:58:28,2025-09-17 22:08:03,2025-09-18 03:14:55,169,11,18.0,Rompimento de fibra,Obra de terceiros,Crítica,4,1.1,25.3,Encerrado
2431,2025-09-17 22:30:36,2025-09-19 17:45:07,2025-09-19 18:39:01,251,4,1.0,Falha de equipamento,Módulo óptico (SFP/QSFP),Baixa,48,,,Encerrado
2432,2025-09-17 22:46:03,2025-09-18 00:29:48,2025-09-18 06:51:45,266,7,17.0,Furto/vandalismo de cabo,Vandalismo,Alta,8,2.41,36.4,Encerrado
2433,2025-09-18 01:14:21,2025-09-18 02:23:43,2025-09-18 04:55:24,280,5,13.0,Rompimento de fibra,Queda de árvore,Alta,8,2.07,27.6,Encerrado
2434,2025-09-18 06:36:37,2025-09-18 06:59:55,2025-09-18 09:42:01,53,13,9.0,Rompimento de fibra,Obra de terceiros,Crítica,4,5.9,37.3,Encerrado
2435,2025-09-18 16:24:00,2025-09-18 16:49:13,2025-09-18 18:04:29,380,11,15.0,Queda de energia,Falta de energia da concessionária,Média,24,,,Encerrado
2436,2025-09-18 19:39:23,2025-09-19 13:39:53,2025-09-19 14:20:11,182,11,18.0,Queda de energia,Disjuntor,Baixa,48,,,Encerrado
2437,2025-09-19 00:48:58,2025-09-19 01:08:50,2025-09-19 05:39:26,253,7,17.0,Rompimento de fibra,Roedores,Alta,8,2.44,20.3,Encerrado
2438,2025-09-19 03:00:49,,,142,16,,Queda de energia,,Média,24,,,Cancelado
2439,2025-09-19 05:09:31,2025-09-19 05:52:20,2025-09-19 11:51:25,123,6,10.0,Rompimento de fibra,Roedores,Crítica,4,3.95,26.0,Encerrado
2440,2025-09-19 05:48:41,2025-09-19 15:43:50,2025-09-19 17:34:57,132,3,16.0,Queda de energia,Disjuntor,Média,24,,,Encerrado
2441,2025-09-19 05:50:48,2025-09-19 06:15:31,2025-09-19 07:51:30,133,3,16.0,Rompimento de fibra,Roedores,Alta,8,1.43,32.0,Encerrado
2442,2025-09-19 05:53:43,,,82,6,,Atenuação alta,,Crítica,4,7.04,2.1,Cancelado
2443,2025-09-19 07:55:35,2025-09-19 08:16:17,2025-09-19 08:58:44,71,12,12.0,Rompimento de fibra,Obra de terceiros,Crítica,4,1.72,31.0,Encerrado
2444,2025-09-19 12:32:44,2025-09-19 14:26:44,2025-09-19 15:56:05,44,1,10.0,Queda de energia,Bateria do nobreak,Alta,8,,,Encerrado
2445,2025-09-19 13:15:43,2025-09-19 14:29:38,2025-09-19 17:19:24,108,4,13.0,Falha de equipamento,Switch,Alta,8,,,Encerrado
2446,2025-09-19 17:52:23,2025-09-19 18:13:30,2025-09-19 23:02:22,84,11,9.0,Furto/vandalismo de cabo,Vandalismo,Crítica,4,9.96,32.6,Encerrado
2447,2025-09-19 18:34:45,2025-09-19 20:24:29,2025-09-19 22:53:54,15,6,13.0,Rompimento de fibra,Roedores,Crítica,4,3.08,38.8,Encerrado
2448,2025-09-19 18:53:08,2025-09-20 03:08:40,2025-09-20 05:41:31,241,16,3.0,Atenuação alta,Emenda degradada,Média,24,2.93,1.5,Encerrado
2449,2025-09-19 20:12:15,2025-09-20 02:59:14,2025-09-20 05:17:40,278,14,3.0,Atenuação alta,Umidade na caixa de emenda,Média,24,6.98,7.5,Encerrado
2450,2025-09-19 22:30:30,2025-09-19 23:20:06,2025-09-20 03:41:01,8,8,5.0,Furto/vandalismo de cabo,Furto de cabo,Crítica,4,4.15,24.6,Encerrado
2451,2025-09-20 02:56:57,2025-09-20 11:13:59,2025-09-20 14:55:12,338,14,18.0,Atenuação alta,Curvatura excessiva,Média,24,1.15,5.9,Encerrado
2452,2025-09-20 04:51:55,2025-09-20 06:05:44,2025-09-20 08:02:41,120,12,3.0,Atenuação alta,Conector sujo,Alta,8,8.6,7.6,Encerrado
2453,2025-09-20 05:02:50,2025-09-21 08:36:14,2025-09-21 10:11:32,285,16,12.0,Falha de equipamento,Switch,Média,24,,,Encerrado
2454,2025-09-20 16:42:37,2025-09-20 17:47:22,2025-09-20 18:32:59,103,3,13.0,Atenuação alta,Curvatura excessiva,Média,24,3.56,7.6,Encerrado
2455,2025-09-20 17:28:43,2025-09-20 17:43:15,2025-09-20 20:43:37,109,4,7.0,Rompimento de fibra,Obra de terceiros,Crítica,4,6.01,30.7,Encerrado
2456,2025-09-20 19:27:45,2025-09-21 15:32:17,2025-09-21 17:52:19,313,2,4.0,Atenuação alta,Emenda degradada,Média,24,5.92,5.6,Encerrado
2457,2025-09-21 00:35:47,2025-09-21 00:48:53,2025-09-21 02:02:07,169,12,18.0,Queda de energia,Disjuntor,Alta,8,,,Encerrado
2458,2025-09-21 02:30:29,2025-09-21 04:21:15,2025-09-21 05:31:01,96,5,1.0,Falha de equipamento,Módulo óptico (SFP/QSFP),Crítica,4,,,Encerrado
2459,2025-09-21 05:32:39,2025-09-21 14:25:51,2025-09-21 15:36:11,381,8,11.0,Configuração,Erro de configuração,Média,24,,,Encerrado
2460,2025-09-21 05:36:23,2025-09-21 21:13:08,2025-09-21 22:45:28,399,14,9.0,Falha de equipamento,Fonte de alimentação,Média,24,,,Encerrado
2461,2025-09-21 09:16:26,2025-09-21 09:42:32,2025-09-21 11:19:57,60,2,13.0,Rompimento de fibra,Acidente de trânsito (poste),Crítica,4,7.86,29.2,Encerrado
2462,2025-09-21 10:01:22,2025-09-21 15:19:05,2025-09-21 17:28:09,194,3,16.0,Falha de equipamento,Módulo óptico (SFP/QSFP),Média,24,,,Encerrado
2463,2025-09-21 10:11:37,2025-09-21 10:13:36,2025-09-21 12:47:11,63,13,15.0,Falha de equipamento,Switch,Alta,8,,,Encerrado
2464,2025-09-21 14:44:14,2025-09-21 23:14:47,2025-09-22 00:04:37,192,1,7.0,Queda de energia,Falta de energia da concessionária,Média,24,,,Encerrado
2465,2025-09-21 16:10:50,2025-09-21 17:06:38,2025-09-22 02:46:33,124,6,7.0,Rompimento de fibra,Acidente de trânsito (poste),Crítica,4,2.7,29.2,Encerrado
2466,2025-09-21 16:36:58,2025-09-22 13:05:10,2025-09-22 14:29:57,285,16,3.0,Falha de equipamento,Placa de interface,Média,24,,,Encerrado
2467,2025-09-21 19:33:36,2025-09-21 20:13:21,2025-09-22 00:59:57,323,10,5.0,Furto/vandalismo de cabo,Vandalismo,Crítica,4,1.84,22.7,Encerrado
2468,2025-09-21 19:53:39,2025-09-21 22:18:01,2025-09-22 01:08:47,73,2,1.0,Atenuação alta,Curvatura excessiva,Alta,8,9.21,7.4,Encerrado
2469,2025-09-22 00:58:27,2025-09-22 13:09:31,2025-09-22 15:24:09,361,13,6.0,Atenuação alta,Conector sujo,Média,24,3.65,5.0,Encerrado
2470,2025-09-22 03:04:46,2025-09-22 17:55:28,2025-09-22 21:04:51,16,3,1.0,Atenuação alta,Curvatura excessiva,Média,24,4.04,8.2,Encerrado
2471,2025-09-22 07:23:01,2025-09-22 08:03:10,2025-09-22 12:38:31,169,11,15.0,Atenuação alta,Emenda degradada,Média,24,3.89,5.6,Encerrado
2472,2025-09-22 09:55:54,2025-09-22 10:44:09,2025-09-22 17:15:49,39,14,6.0,Furto/vandalismo de cabo,Vandalismo,Crítica,4,14.82,37.6,Encerrado
2473,2025-09-22 15:32:55,2025-09-22 16:10:26,2025-09-22 16:50:19,31,4,10.0,Falha de equipamento,Módulo óptico (SFP/QSFP),Alta,8,,,Encerrado
2474,2025-09-22 19:18:39,2025-09-23 06:55:25,2025-09-23 08:32:59,315,2,13.0,Queda de energia,Falta de energia da concessionária,Baixa,48,,,Encerrado
2475,2025-09-22 19:43:27,2025-09-22 20:17:37,2025-09-22 22:51:43,107,6,4.0,Rompimento de fibra,Roedores,Crítica,4,0.64,39.8,Encerrado
2476,2025-09-22 21:44:09,2025-09-22 23:42:53,2025-09-23 00:50:25,27,4,13.0,Configuração,Erro de configuração,Alta,8,,,Encerrado
2477,2025-09-22 23:00:16,2025-09-23 11:22:57,2025-09-23 13:55:52,129,3,4.0,Queda de energia,Falta de energia da concessionária,Média,24,,,Encerrado
2478,2025-09-22 23:14:07,2025-09-23 00:40:18,2025-09-23 04:48:01,139,13,18.0,Atenuação alta,Curvatura excessiva,Média,24,4.04,8.4,Encerrado
2479,2025-09-23 00:31:33,2025-09-23 02:18:16,2025-09-23 02:43:35,56,5,13.0,Queda de energia,Bateria do nobreak,Crítica,4,,,Encerrado
2480,2025-09-23 05:48:44,2025-09-23 11:12:55,2025-09-23 12:21:56,80,15,15.0,Atenuação alta,Umidade na caixa de emenda,Média,24,2.28,4.8,Encerrado
2481,2025-09-23 07:16:02,2025-09-23 07:38:48,2025-09-23 08:34:03,175,4,4.0,Configuração,Erro de configuração,Alta,8,,,Encerrado
2482,2025-09-23 13:58:43,2025-09-23 16:27:59,2025-09-23 17:49:07,121,6,4.0,Queda de energia,Bateria do nobreak,Média,24,,,Encerrado
2483,2025-09-23 19:07:51,2025-09-23 20:55:27,2025-09-24 01:32:12,103,3,4.0,Atenuação alta,Curvatura excessiva,Média,24,4.26,6.0,Encerrado
2484,2025-09-23 20:32:10,2025-09-23 23:50:08,2025-09-24 01:48:48,333,11,15.0,Atenuação alta,Umidade na caixa de emenda,Baixa,48,7.73,8.5,Encerrado
2485,2025-09-23 20:46:50,2025-09-23 23:02:48,2025-09-23 23:49:29,94,8,2.0,Atenuação alta,Curvatura excessiva,Crítica,4,3.46,8.5,Encerrado
2486,2025-09-23 20:49:37,2025-09-24 19:51:31,2025-09-24 22:04:54,360,4,16.0,Falha de equipamento,Placa de interface,Baixa,48,,,Encerrado
2487,2025-09-23 21:12:42,,,253,9,,Falha de equipamento,,Média,24,,,Cancelado
2488,2025-09-23 22:22:06,2025-09-23 22:33:40,2025-09-23 23:56:49,195,6,1.0,Rompimento de fibra,Obra de terceiros,Crítica,4,2.14,30.8,Encerrado
2489,2025-09-24 01:44:34,2025-09-24 05:16:09,2025-09-24 09:17:40,209,14,12.0,Rompimento de fibra,Queda de árvore,Alta,8,2.32,20.6,Encerrado
2490,2025-09-24 04:09:57,2025-09-24 11:13:38,2025-09-24 15:19:44,352,2,10.0,Atenuação alta,Conector sujo,Alta,8,1.33,6.0,Encerrado
2491,2025-09-24 05:18:49,2025-09-24 06:24:07,2025-09-24 08:30:55,354,7,11.0,Rompimento de fibra,Acidente de trânsito (poste),Crítica,4,1.07,31.5,Encerrado
2492,2025-09-24 06:14:19,2025-09-24 15:29:15,2025-09-24 16:50:10,160,2,7.0,Queda de energia,Falta de energia da concessionária,Baixa,48,,,Encerrado
2493,2025-09-24 08:50:18,2025-09-24 14:02:55,2025-09-24 15:09:54,190,5,1.0,Atenuação alta,Emenda degradada,Baixa,48,11.31,1.6,Encerrado
2494,2025-09-24 20:42:18,2025-09-24 23:52:05,2025-09-25 02:15:44,97,10,5.0,Atenuação alta,Curvatura excessiva,Alta,8,4.0,5.2,Encerrado
2495,2025-09-24 23:36:39,2025-09-25 09:03:40,2025-09-25 09:21:26,149,9,5.0,QUEDA DE ENERGIA,Falta de energia da concessionária,Baixa,48,,,Encerrado
2496,2025-09-25 01:18:16,2025-09-25 03:25:54,2025-09-25 07:38:36,36,9,14.0,Atenuação alta,Curvatura excessiva,Alta,8,0.92,6.9,Encerrado
2497,2025-09-25 01:28:07,2025-09-25 02:46:07,2025-09-25 04:02:00,12,15,18.0,Queda de energia,Disjuntor,Alta,8,,,Encerrado
2498,2025-09-25 01:44:10,2025-09-25 03:38:34,2025-09-25 04:18:41,320,13,12.0,Rompimento de fibra,Roedores,Alta,8,1.26,31.0,Encerrado
2499,2025-09-25 02:57:30,2025-09-25 03:22:53,2025-09-25 06:13:49,253,7,17.0,Rompimento de fibra,Roedores,Crítica,4,1.69,37.1,Encerrado
2500,2025-09-25 03:25:13,,,162,2,,Atenuação alta,,Média,24,6.93,4.1,Cancelado
2501,2025-09-25 07:02:22,2025-09-26 01:56:33,2025-09-26 04:46:55,132,3,7.0,Falha de equipamento,Placa de interface,Média,24,,,Encerrado
2502,2025-09-25 09:38:58,2025-09-25 10:18:37,2025-09-25 12:57:01,8,8,2.0,Rompimento de fibra,Obra de terceiros,Crítica,4,2.57,29.9,Encerrado
2503,2025-09-25 09:43:29,2025-09-27 02:18:13,2025-09-27 12:15:35,343,16,3.0,Atenuação alta,Emenda degradada,Baixa,48,3.49,1.5,Encerrado
2504,2025-09-25 10:48:55,2025-09-25 11:23:46,2025-09-25 13:15:30,2,12,18.0,Queda de energia,Disjuntor,Crítica,4,,,Encerrado
2505,2025-09-25 13:07:31,2025-09-25 14:35:28,2025-09-25 16:17:39,192,1,16.0,Furto/vandalismo de cabo,Furto de cabo,Alta,8,2.67,20.9,Encerrado
2506,2025-09-25 13:57:43,2025-09-25 20:16:31,2025-09-25 22:18:27,331,15,18.0,Falha de equipamento,Módulo óptico (SFP/QSFP),Média,24,,,Encerrado
2507,2025-09-25 18:30:46,2025-09-26 21:37:47,2025-09-27 01:18:02,389,4,16.0,Falha de equipamento,Módulo óptico (SFP/QSFP),Baixa,48,,,Encerrado
2508,2025-09-25 18:39:19,2025-09-25 21:00:25,2025-09-25 21:41:01,376,15,6.0,Configuração,Erro de configuração,Média,24,,,Encerrado
2509,2025-09-25 20:02:53,2025-09-25 23:40:32,2025-09-26 00:02:47,325,4,1.0,Falha de equipamento,Módulo óptico (SFP/QSFP),Média,24,,,Encerrado
2510,2025-09-25 20:52:48,2025-09-26 06:25:04,2025-09-26 07:11:29,164,16,12.0,Configuração,Erro de configuração,Média,24,,,Encerrado
2511,2025-09-25 21:27:53,2025-09-25 23:43:20,2025-09-26 03:06:32,213,9,2.0,Atenuação alta,Umidade na caixa de emenda,Alta,8,1.83,8.3,Encerrado
2512,2025-09-25 22:21:28,2025-09-25 23:27:26,2025-09-26 01:43:02,41,11,3.0,Configuração,Erro de configuração,Crítica,4,,,Encerrado
2513,2025-09-26 00:02:33,2025-09-26 00:44:28,2025-09-26 04:43:50,246,10,14.0,Rompimento de fibra,Acidente de trânsito (poste),Alta,8,11.02,24.3,Encerrado
2514,2025-09-26 00:18:24,2025-09-26 03:03:12,2025-09-26 06:23:15,27,4,16.0,Rompimento de fibra,Obra de terceiros,Crítica,4,3.33,36.2,Encerrado
2515,2025-09-26 02:03:50,2025-09-26 03:13:23,2025-09-26 09:16:29,140,16,15.0,Rompimento de fibra,Roedores,Alta,8,3.78,22.8,Encerrado
2516,2025-09-26 04:26:29,2025-09-26 11:56:12,2025-09-26 13:02:56,381,9,14.0,Queda de energia,Falta de energia da concessionária,Baixa,48,,,Encerrado
2517,2025-09-26 06:39:57,2025-09-26 08:56:58,2025-09-26 11:36:24,56,5,1.0,Falha de equipamento,Placa de interface,Média,24,,,Encerrado
2518,2025-09-26 09:11:08,2025-09-26 10:28:47,2025-09-26 13:05:01,155,12,9.0,Queda de energia,Disjuntor,Alta,8,,,Encerrado
2519,2025-09-26 13:34:49,2025-09-26 13:59:13,2025-09-26 17:39:05,161,6,13.0,Atenuação alta,Emenda degradada,Alta,8,3.63,7.8,Encerrado
2520,2025-09-26 14:46:30,,,112,7,,Atenuação alta,,Média,24,2.54,7.2,Cancelado
2521,2025-09-26 17:02:34,2025-09-26 19:53:57,2025-09-26 22:30:32,371,6,1.0,Atenuação alta,Curvatura excessiva,Média,24,5.63,6.9,Encerrado
2522,2025-09-26 19:16:27,2025-09-26 20:21:24,2025-09-26 22:45:24,172,16,9.0,Rompimento de fibra,Acidente de trânsito (poste),Crítica,4,1.01,31.7,Encerrado
2523,2025-09-26 19:37:26,2025-09-26 21:14:56,2025-09-27 04:44:57,89,8,5.0,Atenuação alta,Emenda degradada,Alta,8,8.18,2.5,Encerrado
2524,2025-09-26 19:52:27,2025-09-27 00:03:26,2025-09-27 01:55:06,98,1,16.0,Queda de energia,Bateria do nobreak,Alta,8,,,Encerrado
2525,2025-09-26 22:48:59,,,83,5,,Rompimento de fibra,,Crítica,4,2.93,24.5,Cancelado
2526,2025-09-27 02:26:57,2025-09-27 03:11:13,2025-09-27 04:06:03,35,6,4.0,Queda de energia,Disjuntor,Alta,8,,,Encerrado
2527,2025-09-27 03:52:45,2025-09-27 04:24:00,2025-09-27 08:18:39,104,3,16.0,Atenuação alta,Umidade na caixa de emenda,Crítica,4,2.45,2.2,Encerrado
2528,2025-09-27 05:14:29,2025-09-27 05:53:35,2025-09-27 09:55:29,69,16,3.0,Falha de equipamento,Fonte de alimentação,Crítica,4,,,Encerrado
2529,2025-09-27 05:32:49,2025-09-27 08:53:49,2025-09-27 10:14:00,7,6,13.0,Queda de energia,Falta de energia da concessionária,Alta,8,,,Encerrado
2530,2025-09-27 07:02:56,2025-09-27 14:15:13,2025-09-27 18:40:06,334,14,3.0,Queda de energia,Disjuntor,Baixa,48,,,Encerrado
2531,2025-09-27 07:05:00,2025-09-27 19:47:01,2025-09-27 21:58:01,216,7,11.0,Atenuação alta,Conector sujo,Baixa,48,9.3,5.2,Encerrado
2532,2025-09-27 10:35:29,2025-09-27 13:58:20,2025-09-27 17:16:32,398,8,11.0,Atenuação alta,Conector sujo,Média,24,1.2,6.5,Encerrado
2533,2025-09-27 10:46:12,2025-09-27 13:03:02,2025-09-27 15:41:55,90,5,13.0,Rompimento de fibra,Roedores,Crítica,4,3.71,21.8,Encerrado
2534,2025-09-27 12:04:12,2025-09-27 12:27:49,2025-09-27 16:45:32,264,14,6.0,Rompimento de fibra,Queda de árvore,Crítica,4,5.18,30.8,Encerrado
2535,2025-09-27 12:07:14,2025-09-27 12:22:43,2025-09-27 18:04:28,36,8,14.0,Rompimento de fibra,Acidente de trânsito (poste),Crítica,4,6.73,20.8,Encerrado
2536,2025-09-27 15:23:43,2025-09-27 17:03:52,2025-09-27 19:16:15,296,6,16.0,Furto/vandalismo de cabo,Vandalismo,Crítica,4,2.07,32.6,Encerrado
2537,2025-09-27 18:11:50,2025-09-27 18:36:13,2025-09-27 21:40:15,44,1,13.0,Furto/vandalismo de cabo,Furto de cabo,Crítica,4,6.26,23.8,Encerrado
2538,2025-09-27 20:54:56,2025-09-28 01:02:29,2025-09-28 01:12:33,355,16,15.0,Configuração,Atualização de firmware,Média,24,,,Encerrado
2539,2025-09-27 22:14:47,2025-09-28 07:08:32,2025-09-28 08:50:16,191,7,2.0,Atenuação alta,Curvatura excessiva,Média,24,1.71,6.5,Encerrado
2540,2025-09-27 23:23:51,2025-09-28 00:43:20,2025-09-28 02:48:23,297,1,10.0,Atenuação alta,Curvatura excessiva,Média,24,5.12,5.4,Encerrado
2541,2025-09-28 01:01:27,2025-09-28 04:55:22,2025-09-28 06:49:12,24,6,10.0,Queda de energia,Bateria do nobreak,Média,24,,,Encerrado
2542,2025-09-28 05:14:50,2025-09-28 06:23:24,2025-09-28 08:06:28,21,3,7.0,Falha de equipamento,Placa de interface,Crítica,4,,,Encerrado
2543,2025-09-28 09:45:09,2025-09-28 12:23:36,2025-09-28 13:20:22,343,16,15.0,Queda de energia,Falta de energia da concessionária,Alta,8,,,Encerrado
2544,2025-09-28 09:50:12,2025-09-29 04:57:37,2025-09-29 07:34:40,370,2,4.0,Configuração,Erro de configuração,Média,24,,,Encerrado
2545,2025-09-28 10:01:10,,,2,11,,Falha de equipamento,,Crítica,4,,,Cancelado
2546,2025-09-28 10:47:54,2025-09-29 01:26:34,2025-09-29 04:13:52,174,1,7.0,Falha de equipamento,Placa de interface,Média,24,,,Encerrado
2547,2025-09-28 18:37:54,2025-09-28 19:30:55,2025-09-29 08:51:06,131,10,11.0,Rompimento de fibra,Roedores,Crítica,4,2.6,27.6,Encerrado
2548,2025-09-28 22:30:45,2025-09-29 01:19:48,2025-09-29 03:14:21,297,2,13.0,Atenuação alta,Conector sujo,Média,24,1.44,3.8,Encerrado
2549,2025-09-29 02:53:20,2025-09-29 22:51:24,2025-09-30 00:08:13,201,1,7.0,Configuração,Erro de configuração,Baixa,48,,,Encerrado
2550,2025-09-29 03:07:42,2025-09-29 04:13:54,2025-09-29 11:24:52,96,5,16.0,Rompimento de fibra,Obra de terceiros,Crítica,4,8.71,18.5,Encerrado
2551,2025-09-29 03:46:35,2025-09-29 04:34:55,2025-09-29 05:39:38,98,1,1.0,Queda de energia,Bateria do nobreak,Crítica,4,,,Encerrado
2552,2025-09-29 09:20:20,2025-09-29 09:40:08,2025-09-29 10:13:03,118,3,1.0,Falha de equipamento,Switch,Alta,8,,,Encerrado
2553,2025-09-29 12:12:21,2025-09-29 14:01:22,2025-09-29 16:38:31,250,7,2.0,Falha de equipamento,Placa de interface,Média,24,,,Encerrado
2554,2025-09-29 12:48:00,2025-09-29 13:14:11,2025-09-29 20:40:45,381,9,8.0,Furto/vandalismo de cabo,Vandalismo,Crítica,4,9.21,33.5,Encerrado
2555,2025-09-29 14:14:13,2025-09-29 16:35:17,2025-09-29 18:02:23,388,12,6.0,Atenuação alta,Emenda degradada,Média,24,1.21,5.8,Encerrado
2556,2025-09-29 17:19:51,2025-09-29 20:14:34,2025-09-30 01:54:59,362,16,6.0,Rompimento de fibra,Acidente de trânsito (poste),Alta,8,10.31,35.8,Encerrado
2557,2025-09-29 18:57:15,2025-09-29 20:00:50,2025-09-29 20:42:56,70,16,9.0,Queda de energia,Disjuntor,Alta,8,,,Encerrado
2558,2025-09-30 00:34:07,2025-09-30 13:11:39,2025-09-30 14:22:16,155,11,18.0,Queda de energia,Falta de energia da concessionária,Baixa,48,,,Encerrado
2559,2025-09-30 01:11:28,2025-09-30 01:58:49,2025-09-30 03:32:05,78,13,6.0,Rompimento de fibra,Roedores,Crítica,4,1.15,24.0,Encerrado
2560,2025-09-30 02:51:49,2025-09-30 08:11:30,2025-09-30 10:08:09,312,10,17.0,Queda de energia,Bateria do nobreak,Alta,8,,,Encerrado
2561,2025-09-30 05:30:39,2025-09-30 07:41:56,2025-09-30 09:49:24,250,9,5.0,Atenuação alta,Emenda degradada,Alta,8,6.82,3.0,Encerrado
2562,2025-09-30 05:38:19,2025-09-30 05:58:21,2025-09-30 06:45:01,65,13,15.0,Queda de energia,Bateria do nobreak,Crítica,4,,,Encerrado
2563,2025-09-30 06:05:55,2025-09-30 12:19:04,2025-09-30 12:58:45,272,16,3.0,Falha de equipamento,Módulo óptico (SFP/QSFP),Média,24,,,Encerrado
2564,2025-09-30 08:51:12,2025-09-30 09:27:44,2025-09-30 15:09:47,192,2,10.0,Rompimento de fibra,Obra de terceiros,Crítica,4,2.69,23.0,Encerrado
2565,2025-09-30 10:10:34,2025-09-30 11:59:39,2025-09-30 13:11:48,169,11,12.0,Falha de equipamento,Fonte de alimentação,Alta,8,,,Encerrado
2566,2025-09-30 11:58:44,2025-09-30 12:04:39,2025-09-30 18:25:02,197,5,7.0,Furto/vandalismo de cabo,Vandalismo,Crítica,4,4.46,35.5,Encerrado
2567,2025-09-30 12:42:01,2025-09-30 14:44:38,2025-09-30 18:08:17,389,4,4.0,Atenuação alta,Umidade na caixa de emenda,Média,24,8.16,6.4,Encerrado
2568,2025-09-30 13:55:09,2025-09-30 15:47:52,2025-09-30 19:25:47,224,4,4.0,Falha de equipamento,Fonte de alimentação,Média,24,,,Encerrado
2569,2025-09-30 19:55:57,2025-09-30 20:18:58,2025-09-30 21:44:26,23,11,6.0,Atenuação alta,Curvatura excessiva,Crítica,4,4.61,1.8,Encerrado
2570,2025-09-30 23:30:54,2025-10-01 01:19:29,2025-10-01 02:58:23,167,2,1.0,Rompimento de fibra,Roedores,Alta,8,2.96,34.3,Encerrado
2571,2025-10-01 01:42:22,,,130,13,,Rompimento de fibra,,Alta,8,1.7,28.5,Cancelado
2572,2025-10-01 03:15:28,2025-10-02 01:26:18,2025-10-02 03:18:27,177,9,2.0,Falha de equipamento,Fonte de alimentação,Média,24,,,Encerrado
2573,2025-10-01 05:01:17,2025-10-01 06:03:04,2025-10-01 09:01:09,159,6,1.0,Furto/vandalismo de cabo,Furto de cabo,Alta,8,4.92,31.8,Encerrado
2574,2025-10-01 05:49:53,2025-10-01 10:53:36,2025-10-01 12:30:24,201,2,13.0,Atenuação alta,Emenda degradada,Média,24,2.8,2.9,Encerrado
2575,2025-10-01 08:47:59,2025-10-03 09:14:07,2025-10-03 13:15:42,298,5,7.0,Atenuação alta,Conector sujo,Baixa,48,1.02,3.4,Encerrado
2576,2025-10-01 09:16:39,2025-10-01 12:03:23,2025-10-01 14:44:00,212,7,17.0,Queda de energia,Disjuntor,Média,24,,,Encerrado
2577,2025-10-01 13:06:41,2025-10-01 13:55:33,2025-10-01 21:14:08,176,13,3.0,Rompimento de fibra,Acidente de trânsito (poste),Alta,8,0.98,33.9,Encerrado
2578,2025-10-01 18:01:10,2025-10-01 18:08:24,2025-10-01 21:17:04,89,7,8.0,Furto/vandalismo de cabo,Furto de cabo,Crítica,4,20.12,20.5,Encerrado
2579,2025-10-01 21:59:53,2025-10-02 01:44:33,2025-10-02 05:05:30,333,11,9.0,Atenuação alta,Umidade na caixa de emenda,Média,24,1.42,7.2,Encerrado
2580,2025-10-02 07:49:27,2025-10-02 10:03:52,2025-10-02 11:08:47,266,7,17.0,Queda de energia,Falta de energia da concessionária,Alta,8,,,Encerrado
2581,2025-10-02 10:20:20,2025-10-02 12:55:33,2025-10-02 17:28:05,59,6,13.0,Atenuação alta,Curvatura excessiva,Alta,8,1.36,5.7,Encerrado
2582,2025-10-02 13:09:41,2025-10-02 13:59:46,2025-10-02 14:46:25,8,7,8.0,Configuração,Atualização de firmware,Alta,8,,,Encerrado
2583,2025-10-02 16:37:19,2025-10-03 14:54:01,2025-10-03 16:12:30,333,12,9.0,Falha de equipamento,Placa de interface,Baixa,48,,,Encerrado
2584,2025-10-02 17:09:26,2025-10-03 00:08:42,2025-10-03 02:01:17,199,4,10.0,Falha de equipamento,Placa de interface,Média,24,,,Encerrado
2585,2025-10-02 18:52:09,2025-10-02 23:02:32,2025-10-03 00:29:49,148,2,10.0,Rompimento de fibra,Acidente de trânsito (poste),Alta,8,1.47,32.4,Encerrado
2586,2025-10-02 23:59:14,2025-10-03 00:50:32,2025-10-03 07:32:53,120,12,6.0,Atenuação alta,Curvatura excessiva,Alta,8,1.79,3.3,Encerrado
2587,2025-10-03 02:05:15,2025-10-03 11:33:41,2025-10-03 13:42:22,163,5,1.0,Atenuação alta,Curvatura excessiva,Média,24,2.21,2.6,Encerrado
2588,2025-10-03 09:31:49,2025-10-03 10:45:59,2025-10-03 14:07:49,214,16,18.0,Rompimento de fibra,Roedores,Alta,8,4.2,21.6,Encerrado
2589,2025-10-03 17:26:53,2025-10-04 10:56:21,2025-10-04 13:22:18,188,14,9.0,Atenuação alta,Umidade na caixa de emenda,Baixa,48,3.5,3.5,Encerrado
2590,2025-10-03 19:08:14,2025-10-03 19:54:29,2025-10-03 22:41:48,105,13,18.0,Rompimento de fibra,Obra de terceiros,Crítica,4,2.82,24.0,Encerrado
2591,2025-10-03 20:05:24,2025-10-03 23:56:17,2025-10-04 05:06:30,236,10,17.0,Atenuação alta,Curvatura excessiva,Média,24,5.78,6.3,Encerrado
2592,2025-10-04 03:13:46,2025-10-05 00:10:25,2025-10-05 02:49:09,367,5,4.0,Atenuação alta,Conector sujo,Média,24,8.8,4.9,Encerrado
2593,2025-10-04 03:53:52,2025-10-04 10:35:03,2025-10-04 13:09:02,260,14,6.0,Falha de equipamento,Módulo óptico (SFP/QSFP),Baixa,48,,,Encerrado
2594,2025-10-04 05:07:57,2025-10-05 09:57:31,2025-10-05 12:35:43,375,1,4.0,Atenuação alta,Umidade na caixa de emenda,Média,24,4.52,7.0,Encerrado
2595,2025-10-04 09:41:14,2025-10-06 13:21:22,2025-10-06 16:24:26,374,6,13.0,Falha de equipamento,Placa de interface,Baixa,48,,,Encerrado
2596,2025-10-04 12:54:26,2025-10-04 14:08:29,2025-10-04 18:03:15,130,13,6.0,Furto/vandalismo de cabo,Vandalismo,Alta,8,5.77,38.4,Encerrado
2597,2025-10-04 13:41:52,2025-10-04 15:07:01,2025-10-04 16:26:07,163,5,10.0,Falha de equipamento,Switch,Alta,8,,,Encerrado
2598,2025-10-04 18:56:24,,,188,14,,Falha de equipamento,,Média,24,,,Cancelado
2599,2025-10-05 00:09:23,2025-10-05 01:39:42,2025-10-05 07:10:58,301,15,9.0,Rompimento de fibra,Acidente de trânsito (poste),Crítica,4,3.52,20.1,Encerrado
2600,2025-10-05 00:41:04,2025-10-05 03:55:08,2025-10-05 06:46:17,92,5,7.0,Falha de equipamento,Switch,Alta,8,,,Encerrado
2601,2025-10-05 02:02:55,2025-10-05 18:06:26,2025-10-05 22:59:51,233,15,9.0,Falha de equipamento,Placa de interface,Baixa,48,,,Encerrado
2602,2025-10-05 03:14:55,2025-10-05 07:41:37,2025-10-05 10:22:27,400,5,16.0,Rompimento de fibra,Obra de terceiros,Alta,8,7.78,31.2,Encerrado
2603,2025-10-05 07:35:16,2025-10-05 08:02:46,2025-10-05 12:31:42,180,5,10.0,Furto/vandalismo de cabo,Furto de cabo,Crítica,4,2.09,28.0,Encerrado
2604,2025-10-05 12:34:25,2025-10-05 15:05:00,2025-10-05 20:01:16,304,13,3.0,Falha de equipamento,Fonte de alimentação,Alta,8,,,Encerrado
2605,2025-10-05 12:45:22,2025-10-06 07:36:09,2025-10-06 09:18:17,290,16,15.0,Queda de energia,Bateria do nobreak,Média,24,,,Encerrado
2606,2025-10-05 18:57:09,2025-10-05 20:08:35,2025-10-05 21:07:10,133,4,7.0,Queda de energia,Disjuntor,Alta,8,,,Encerrado
2607,2025-10-06 06:55:30,2025-10-06 21:49:47,2025-10-07 02:55:04,216,8,17.0,Atenuação alta,Emenda degradada,Média,24,1.15,5.6,Encerrado
2608,2025-10-06 09:52:52,2025-10-06 10:33:37,2025-10-06 15:10:33,174,1,10.0,Rompimento de fibra,Obra de terceiros,Crítica,4,3.19,25.7,Encerrado
2609,2025-10-06 17:48:05,2025-10-06 18:42:00,2025-10-06 19:45:40,327,16,12.0,Rompimento de fibra,Roedores,Crítica,4,10.03,38.3,Encerrado
2610,2025-10-07 01:07:09,,,265,14,,Rompimento de fibra,,Alta,8,2.98,18.9,Cancelado
2611,2025-10-07 01:53:34,2025-10-07 11:41:06,2025-10-07 12:21:39,181,13,9.0,Configuração,Erro de configuração,Baixa,48,,,Encerrado
2612,2025-10-07 03:27:05,2025-10-08 01:47:13,2025-10-08 04:15:10,253,9,17.0,Falha de equipamento,Placa de interface,Baixa,48,,,Encerrado
2613,2025-10-07 04:20:31,2025-10-08 21:58:10,2025-10-08 23:01:30,395,10,11.0,Configuração,Erro de configuração,Baixa,48,,,Encerrado
2614,2025-10-07 08:30:57,2025-10-07 10:55:33,2025-10-07 11:46:27,172,16,6.0,Falha de equipamento,Placa de interface,Média,24,,,Encerrado
2615,2025-10-07 08:54:18,2025-10-07 09:09:30,2025-10-07 13:46:48,325,3,10.0,Rompimento de fibra,Queda de árvore,Crítica,4,2.1,37.5,Encerrado
2616,2025-10-07 11:13:48,2025-10-07 11:31:44,2025-10-07 11:55:18,68,10,14.0,Configuração,Atualização de firmware,Crítica,4,,,Encerrado
2617,2025-10-07 14:25:00,2025-10-07 14:45:47,2025-10-07 15:27:17,14,1,13.0,Atenuação alta,Conector sujo,Crítica,4,0.77,5.7,Encerrado
2618,2025-10-07 14:33:39,2025-10-07 17:21:56,2025-10-07 21:13:21,399,15,9.0,Rompimento de fibra,Roedores,Alta,8,4.33,33.6,Encerrado
2619,2025-10-07 15:04:28,2025-10-07 18:56:33,2025-10-07 21:59:23,360,3,13.0,Rompimento de fibra,Roedores,Alta,8,5.98,18.8,Encerrado
2620,2025-10-07 16:49:09,,,190,5,,Falha de equipamento,,Alta,8,,,Cancelado
2621,2025-10-07 20:17:13,2025-10-08 05:18:57,2025-10-08 06:36:55,357,5,4.0,Queda de energia,Disjuntor,Média,24,,,Encerrado
2622,2025-10-07 20:39:17,2025-10-08 10:22:26,2025-10-08 12:16:09,375,1,7.0,Falha de equipamento,Fonte de alimentação,Baixa,48,,,Encerrado
2623,2025-10-08 00:53:32,2025-10-08 01:45:31,2025-10-08 05:29:53,44,1,10.0,Rompimento de fibra,Queda de árvore,Crítica,4,9.01,33.2,Encerrado
2624,2025-10-08 03:38:40,2025-10-08 03:55:15,2025-10-08 05:01:00,157,12,6.0,Rompimento de fibra,Acidente de trânsito (poste),Crítica,4,0.86,38.5,Encerrado
2625,2025-10-08 05:12:32,2025-10-08 05:45:32,2025-10-08 10:22:19,101,1,10.0,Rompimento de fibra,Roedores,Crítica,4,5.16,37.1,Encerrado
2626,2025-10-08 12:24:59,2025-10-08 13:33:44,2025-10-08 17:45:08,23,12,3.0,Rompimento de fibra,Queda de árvore,Crítica,4,0.63,38.8,Encerrado
2627,2025-10-08 13:30:09,2025-10-08 13:52:15,2025-10-08 15:01:48,335,1,16.0,Rompimento de fibra,Acidente de trânsito (poste),Crítica,4,1.84,22.0,Encerrado
2628,2025-10-08 17:51:47,2025-10-08 19:16:12,2025-10-08 20:06:34,278,15,18.0,Falha de equipamento,Fonte de alimentação,Baixa,48,,,Encerrado
2629,2025-10-08 23:32:06,2025-10-09 00:16:24,2025-10-09 07:11:25,103,3,16.0,Rompimento de fibra,Acidente de trânsito (poste),Crítica,4,8.43,37.5,Encerrado
2630,2025-10-09 03:25:16,2025-10-09 05:08:58,2025-10-09 05:30:22,72,7,17.0,Falha de equipamento,Switch,Crítica,4,,,Encerrado
2631,2025-10-09 03:41:43,2025-10-11 00:57:55,2025-10-11 03:54:20,320,13,18.0,Atenuação alta,Emenda degradada,Baixa,48,2.36,3.0,Encerrado
2632,2025-10-09 04:59:52,2025-10-09 13:16:25,2025-10-09 15:12:49,242,12,9.0,Falha de equipamento,Switch,Média,24,,,Encerrado
2633,2025-10-09 07:43:19,2025-10-09 08:37:39,2025-10-09 12:08:44,294,13,15.0,Rompimento de fibra,Obra de terceiros,Alta,8,2.83,32.8,Encerrado
2634,2025-10-09 11:21:17,2025-10-09 11:31:05,2025-10-09 12:45:04,110,10,5.0,Atenuação alta,Emenda degradada,Crítica,4,5.09,7.9,Encerrado
2635,2025-10-09 13:55:24,2025-10-09 14:19:13,2025-10-09 21:00:17,79,7,5.0,Rompimento de fibra,Queda de árvore,Crítica,4,2.91,31.5,Encerrado
2636,2025-10-09 18:56:05,2025-10-10 06:32:42,2025-10-10 12:33:29,216,9,11.0,Atenuação alta,Umidade na caixa de emenda,Média,24,1.7,2.7,Encerrado
2637,2025-10-10 03:02:59,2025-10-10 04:07:51,2025-10-10 05:08:53,244,12,3.0,Rompimento de fibra,Obra de terceiros,Alta,8,0.73,32.0,Encerrado
2638,2025-10-10 05:57:48,2025-10-10 17:51:19,2025-10-10 18:15:23,169,12,3.0,Queda de energia,Disjuntor,Baixa,48,,,Encerrado
2639,2025-10-10 10:47:21,2025-10-11 04:21:06,2025-10-11 04:36:39,175,3,7.0,Falha de equipamento,Módulo óptico (SFP/QSFP),Baixa,48,,,Encerrado
2640,2025-10-10 13:31:14,2025-10-10 14:45:01,2025-10-10 15:24:45,109,3,10.0,Configuração,Atualização de firmware,Alta,8,,,Encerrado
2641,2025-10-10 16:42:06,2025-10-10 17:48:48,2025-10-11 04:28:23,358,13,18.0,Furto/vandalismo de cabo,Furto de cabo,Alta,8,3.02,26.9,Encerrado
2642,2025-10-10 22:34:11,,,2,11,,Furto/vandalismo de cabo,,Crítica,4,1.65,32.9,Cancelado
2643,2025-10-10 23:06:28,2025-10-11 02:05:20,2025-10-11 04:55:17,72,7,8.0,Furto/vandalismo de cabo,Furto de cabo,Crítica,4,0.83,32.7,Encerrado
2644,2025-10-11 01:22:32,2025-10-11 05:45:37,2025-10-11 16:36:46,288,10,8.0,Furto/vandalismo de cabo,Vandalismo,Alta,8,5.57,26.6,Encerrado
2645,2025-10-11 03:31:35,2025-10-12 13:37:09,2025-10-12 15:09:17,297,1,16.0,Falha de equipamento,Fonte de alimentação,Média,24,,,Encerrado
2646,2025-10-11 04:33:16,2025-10-11 06:30:44,2025-10-11 07:03:38,376,14,12.0,Queda de energia,Disjuntor,Alta,8,,,Encerrado
2647,2025-10-11 06:25:30,2025-10-11 21:37:35,2025-10-11 22:45:36,240,9,11.0,Queda de energia,Disjuntor,Média,24,,,Encerrado
2648,2025-10-11 07:15:13,2025-10-11 11:06:17,2025-10-11 14:29:26,12,15,3.0,Atenuação alta,Emenda degradada,Média,24,4.77,3.0,Encerrado
2649,2025-10-11 12:59:58,2025-10-12 13:16:30,2025-10-12 14:24:44,213,7,14.0,Falha de equipamento,Switch,Média,24,,,Encerrado
2650,2025-10-11 16:44:42,2025-10-12 02:07:25,2025-10-12 03:10:57,294,13,6.0,Atenuação alta,Curvatura excessiva,Média,24,11.11,6.0,Encerrado
2651,2025-10-11 18:25:25,2025-10-11 21:42:00,2025-10-12 00:28:01,231,3,13.0,Rompimento de fibra,Queda de árvore,Alta,8,3.09,28.8,Encerrado
2652,2025-10-11 19:54:03,2025-10-12 08:58:08,2025-10-12 13:17:33,149,7,2.0,Atenuação alta,Umidade na caixa de emenda,Média,24,3.22,4.3,Encerrado
2653,2025-10-11 23:34:17,2025-10-12 04:04:44,2025-10-12 04:57:11,229,13,9.0,Queda de energia,Disjuntor,Média,24,,,Encerrado
2654,2025-10-11 23:44:43,2025-10-12 00:27:27,2025-10-12 02:09:14,44,2,7.0,Atenuação alta,Umidade na caixa de emenda,Crítica,4,3.31,2.2,Encerrado
2655,2025-10-12 01:15:11,2025-10-12 20:48:06,2025-10-12 21:39:02,54,11,6.0,Queda de energia,Falta de energia da concessionária,Média,24,,,Encerrado
2656,2025-10-12 02:14:47,2025-10-12 03:01:40,2025-10-12 06:51:21,331,14,12.0,Rompimento de fibra,Acidente de trânsito (poste),Alta,8,1.51,28.2,Encerrado
2657,2025-10-12 05:05:00,,,187,5,,Atenuação alta,,Alta,8,2.18,4.9,Cancelado
2658,2025-10-12 08:39:07,2025-10-12 21:17:17,2025-10-12 23:22:15,333,12,15.0,Atenuação alta,Umidade na caixa de emenda,Média,24,2.22,7.8,Encerrado
2659,2025-10-12 10:26:48,2025-10-12 12:40:42,2025-10-12 16:37:36,120,12,9.0,Rompimento de fibra,Obra de terceiros,Crítica,4,1.58,27.5,Encerrado
2660,2025-10-12 12:29:31,2025-10-12 14:50:10,2025-10-12 15:34:28,300,10,5.0,Queda de energia,Disjuntor,Média,24,,,Encerrado
2661,2025-10-12 14:24:07,2025-10-12 16:59:26,2025-10-12 18:11:40,23,12,15.0,Queda de energia,Disjuntor,Alta,8,,,Encerrado
2662,2025-10-12 17:36:24,2025-10-12 20:58:54,2025-10-12 21:39:24,314,1,10.0,Configuração,Erro de configuração,Alta,8,,,Encerrado
2663,2025-10-12 19:42:43,2025-10-12 20:04:32,2025-10-13 02:36:54,87,16,6.0,Furto/vandalismo de cabo,Furto de cabo,Crítica,4,1.62,39.6,Encerrado
2664,2025-10-13 06:54:23,2025-10-13 08:48:54,2025-10-13 09:10:54,239,5,1.0,Configuração,Atualização de firmware,Média,24,,,Encerrado
2665,2025-10-13 07:20:43,2025-10-13 08:18:38,2025-10-13 09:37:05,305,13,9.0,Atenuação alta,Curvatura excessiva,Média,24,2.38,4.7,Encerrado
2666,2025-10-13 07:56:57,2025-10-13 12:53:30,2025-10-13 14:07:33,314,1,10.0,Configuração,Erro de configuração,Média,24,,,Encerrado
2667,2025-10-13 11:01:36,2025-10-13 11:12:22,2025-10-13 13:45:51,21,4,1.0,Rompimento de fibra,Queda de árvore,Crítica,4,6.72,32.9,Encerrado
2668,2025-10-13 11:40:59,2025-10-13 12:20:39,2025-10-13 13:09:48,333,12,12.0,Atenuação alta,Conector sujo,Alta,8,4.19,8.0,Encerrado
2669,2025-10-13 11:56:54,2025-10-13 12:22:03,2025-10-13 20:06:47,150,9,8.0,Rompimento de fibra,Queda de árvore,Alta,8,2.57,32.6,Encerrado
2670,2025-10-13 15:03:11,2025-10-13 15:28:31,2025-10-13 19:31:57,43,11,12.0,Rompimento de fibra,Roedores,Crítica,4,6.56,37.6,Encerrado
2671,2025-10-13 15:34:25,2025-10-13 18:07:08,2025-10-13 19:36:47,212,8,17.0,Atenuação alta,Umidade na caixa de emenda,Média,24,5.36,4.6,Encerrado
2672,2025-10-13 19:00:59,2025-10-13 19:33:32,2025-10-14 02:16:17,168,2,7.0,Rompimento de fibra,Acidente de trânsito (poste),Crítica,4,9.58,30.0,Encerrado
2673,2025-10-13 21:24:53,2025-10-14 02:13:03,2025-10-14 04:50:39,78,13,6.0,Atenuação alta,Conector sujo,Média,24,2.35,8.2,Encerrado
2674,2025-10-14 01:45:13,2025-10-14 07:42:46,2025-10-14 09:57:44,210,1,10.0,Rompimento de fibra,Roedores,Alta,8,1.75,24.8,Encerrado
2675,2025-10-14 03:20:52,2025-10-14 06:34:36,2025-10-14 09:27:52,129,4,1.0,Queda de energia,Falta de energia da concessionária,Média,24,,,Encerrado
2676,2025-10-14 05:23:50,2025-10-14 09:45:44,2025-10-14 10:55:49,253,7,11.0,Falha de equipamento,Módulo óptico (SFP/QSFP),Média,24,,,Encerrado
2677,2025-10-14 06:26:22,2025-10-14 06:48:53,2025-10-14 08:50:55,39,14,3.0,Rompimento de fibra,Roedores,Crítica,4,1.37,30.8,Encerrado
2678,2025-10-14 08:06:29,2025-10-14 08:33:47,2025-10-14 12:58:45,221,16,18.0,Falha de equipamento,Switch,Média,24,,,Encerrado
2679,2025-10-14 11:20:41,2025-10-14 19:33:12,2025-10-14 21:02:53,235,11,18.0,Queda de energia,Disjuntor,Baixa,48,,,Encerrado
2680,2025-10-14 12:18:53,2025-10-14 12:54:34,2025-10-14 14:38:18,1,4,16.0,Atenuação alta,Emenda degradada,Alta,8,3.55,3.5,Encerrado
2681,2025-10-14 14:33:49,2025-10-14 18:41:54,2025-10-14 21:24:07,276,13,15.0,Atenuação alta,Emenda degradada,Média,24,4.52,1.7,Encerrado
2682,2025-10-14 21:58:04,2025-10-15 04:15:55,2025-10-15 05:52:20,199,3,1.0,Atenuação alta,Curvatura excessiva,Média,24,4.35,5.5,Encerrado
2683,2025-10-15 00:51:31,2025-10-15 01:14:12,2025-10-15 04:38:37,71,12,18.0,Rompimento de fibra,Roedores,Crítica,4,3.2,38.2,Encerrado
2684,2025-10-15 04:48:26,2025-10-15 05:46:50,2025-10-15 12:04:17,84,12,6.0,Rompimento de fibra,Obra de terceiros,Crítica,4,4.92,29.5,Encerrado
2685,2025-10-15 05:39:32,2025-10-16 02:02:34,2025-10-16 02:48:23,310,5,1.0,Falha de equipamento,Placa de interface,Baixa,48,,,Encerrado
2686,2025-10-15 08:17:12,2025-10-15 10:53:32,2025-10-15 11:41:32,186,14,6.0,Rompimento de fibra,Roedores,Alta,8,4.47,27.1,Encerrado
2687,2025-10-15 12:18:25,2025-10-15 20:25:19,2025-10-15 21:18:25,318,15,3.0,Queda de energia,Falta de energia da concessionária,Média,24,,,Encerrado
2688,2025-10-15 12:50:58,2025-10-16 04:05:45,2025-10-16 06:34:46,216,9,14.0,Falha de equipamento,Fonte de alimentação,Baixa,48,,,Encerrado
2689,2025-10-15 19:41:18,2025-10-15 21:50:53,2025-10-16 00:04:36,91,4,7.0,Falha de equipamento,Placa de interface,Média,24,,,Encerrado
2690,2025-10-15 23:18:46,2025-10-16 23:52:51,2025-10-17 02:51:09,205,14,6.0,Atenuação alta,Curvatura excessiva,Média,24,1.4,2.8,Encerrado
2691,2025-10-16 04:11:04,2025-10-16 04:55:36,2025-10-16 06:57:37,310,5,13.0,Furto/vandalismo de cabo,Furto de cabo,Crítica,4,7.1,27.7,Encerrado
2692,2025-10-16 08:22:51,2025-10-16 09:11:16,2025-10-16 11:32:35,84,11,15.0,Falha de equipamento,Placa de interface,Crítica,4,,,Encerrado
2693,2025-10-16 09:50:12,2025-10-16 10:30:25,2025-10-16 15:42:17,316,13,15.0,Rompimento de fibra,Obra de terceiros,Crítica,4,2.23,35.2,Encerrado
2694,2025-10-16 10:44:56,2025-10-16 11:18:24,2025-10-16 13:34:58,311,6,1.0,Rompimento de fibra,Obra de terceiros,Crítica,4,2.29,34.2,Encerrado
2695,2025-10-16 11:49:02,2025-10-16 19:52:08,2025-10-16 21:12:58,179,14,18.0,Falha de equipamento,Switch,Média,24,,,Encerrado
2696,2025-10-16 13:02:33,2025-10-16 15:11:39,2025-10-16 15:54:39,46,12,15.0,Falha de equipamento,Módulo óptico (SFP/QSFP),Alta,8,,,Encerrado
2697,2025-10-16 13:19:38,2025-10-16 13:47:26,2025-10-16 16:11:52,8,7,17.0,Atenuação alta,Curvatura excessiva,Alta,8,5.31,5.1,Encerrado
2698,2025-10-16 20:59:56,2025-10-16 21:27:57,2025-10-17 02:30:49,52,12,15.0,Rompimento de fibra,Acidente de trânsito (poste),Crítica,4,6.82,32.2,Encerrado
2699,2025-10-17 08:18:04,2025-10-17 08:32:40,2025-10-17 14:44:14,94,8,14.0,Furto/vandalismo de cabo,Vandalismo,Crítica,4,3.92,39.5,Encerrado
2700,2025-10-17 08:39:32,2025-10-17 10:27:44,2025-10-17 12:08:44,81,10,17.0,Falha de equipamento,Módulo óptico (SFP/QSFP),Alta,8,,,Encerrado
2701,2025-10-17 11:34:22,2025-10-17 13:01:03,2025-10-17 20:13:03,143,6,4.0,Rompimento de fibra,Roedores,Alta,8,1.27,32.7,Encerrado
2702,2025-10-17 19:16:22,2025-10-18 13:19:41,2025-10-18 14:19:29,293,16,9.0,Atenuação alta,Conector sujo,Baixa,48,3.11,8.4,Encerrado
2703,2025-10-17 20:07:50,2025-10-17 20:48:08,2025-10-17 21:37:03,117,6,16.0,Queda de energia,Bateria do nobreak,Alta,8,,,Encerrado
2704,2025-10-17 23:32:11,2025-10-18 01:01:14,2025-10-18 03:03:45,43,11,6.0,Falha de equipamento,Módulo óptico (SFP/QSFP),Média,24,,,Encerrado
2705,2025-10-18 06:47:36,2025-10-18 18:12:18,2025-10-18 19:03:47,251,3,16.0,Falha de equipamento,Módulo óptico (SFP/QSFP),Média,24,,,Encerrado
2706,2025-10-18 08:27:01,2025-10-18 11:50:41,2025-10-18 18:19:25,36,9,8.0,Atenuação alta,Emenda degradada,Alta,8,1.71,1.5,Encerrado
2707,2025-10-18 11:38:48,2025-10-18 12:24:59,2025-10-18 15:41:14,36,7,5.0,Atenuação alta,Umidade na caixa de emenda,Crítica,4,5.01,5.2,Encerrado
2708,2025-10-18 11:43:42,2025-10-18 12:58:53,2025-10-18 13:16:24,352,2,1.0,Furto/vandalismo de cabo,Vandalismo,Crítica,4,2.96,21.4,Encerrado
2709,2025-10-18 13:43:23,2025-10-19 22:47:38,2025-10-20 07:09:16,352,2,10.0,Atenuação alta,Emenda degradada,Baixa,48,1.28,8.9,Encerrado
2710,2025-10-18 16:35:45,2025-10-18 17:40:13,2025-10-18 19:06:46,174,1,13.0,Furto/vandalismo de cabo,Furto de cabo,Alta,8,1.91,37.6,Encerrado
2711,2025-10-18 21:14:07,2025-10-18 22:02:55,2025-10-19 02:25:14,103,4,7.0,Furto/vandalismo de cabo,Furto de cabo,Crítica,4,1.21,19.3,Encerrado
2712,2025-10-18 22:16:28,2025-10-18 22:20:31,2025-10-19 02:38:06,345,5,13.0,Furto/vandalismo de cabo,Vandalismo,Alta,8,2.57,39.8,Encerrado
2713,2025-10-18 23:25:26,2025-10-19 02:16:36,2025-10-19 02:28:07,104,4,1.0,Atenuação alta,Umidade na caixa de emenda,Alta,8,5.83,5.2,Encerrado
2714,2025-10-19 00:39:36,2025-10-19 21:21:50,2025-10-19 23:53:54,297,2,13.0,Configuração,Atualização de firmware,Baixa,48,,,Encerrado
2715,2025-10-19 01:20:10,2025-10-19 02:14:45,2025-10-19 09:49:10,102,16,15.0,Rompimento de fibra,Obra de terceiros,Crítica,4,2.78,33.3,Encerrado
2716,2025-10-19 09:54:43,2025-10-19 12:41:55,2025-10-19 23:54:07,283,14,6.0,Rompimento de fibra,Acidente de trânsito (poste),Alta,8,5.34,30.3,Encerrado
2717,2025-10-19 20:06:55,2025-10-20 03:37:35,2025-10-20 06:37:02,95,10,2.0,Atenuação alta,Emenda degradada,Alta,8,2.4,2.0,Encerrado
2718,2025-10-19 21:39:42,2025-10-20 01:20:10,2025-10-20 02:49:55,1,3,16.0,Queda de energia,Bateria do nobreak,Alta,8,,,Encerrado
2719,2025-10-20 03:10:27,2025-10-21 21:33:38,2025-10-21 23:56:04,231,4,7.0,Queda de energia,Bateria do nobreak,Baixa,48,,,Encerrado
2720,2025-10-20 10:28:41,2025-10-20 10:55:24,2025-10-20 12:06:23,114,2,13.0,Atenuação alta,Emenda degradada,Alta,8,7.46,6.1,Encerrado
2721,2025-10-20 10:44:03,2025-10-20 11:50:43,2025-10-20 12:37:05,20,16,6.0,Atenuação alta,Umidade na caixa de emenda,Média,24,2.78,2.5,Encerrado
2722,2025-10-20 11:02:04,2025-10-20 12:36:52,2025-10-20 13:58:11,215,10,14.0,Falha de equipamento,Fonte de alimentação,Média,24,,,Encerrado
2723,2025-10-20 12:30:32,2025-10-20 12:41:25,2025-10-20 15:00:03,49,3,7.0,Rompimento de fibra,Roedores,Crítica,4,5.68,32.0,Encerrado
2724,2025-10-20 14:45:32,2025-10-20 15:17:31,2025-10-20 17:31:51,148,2,1.0,Falha de equipamento,Placa de interface,Média,24,,,Encerrado
2725,2025-10-20 16:04:43,2025-10-20 16:36:39,2025-10-20 18:53:03,2,12,9.0,Queda de energia,Disjuntor,Crítica,4,,,Encerrado
2726,2025-10-20 19:37:18,2025-10-20 20:01:01,2025-10-20 20:45:00,52,11,18.0,Configuração,Atualização de firmware,Crítica,4,,,Encerrado
2727,2025-10-20 20:58:23,2025-10-20 23:12:37,2025-10-21 00:51:39,105,13,18.0,Atenuação alta,Emenda degradada,Alta,8,7.95,5.6,Encerrado
2728,2025-10-20 21:36:25,,,63,13,,Falha de equipamento,,Alta,8,,,Cancelado
2729,2025-10-20 21:58:28,2025-10-20 23:48:40,2025-10-21 02:44:21,115,14,12.0,Falha de equipamento,Fonte de alimentação,Alta,8,,,Encerrado
2730,2025-10-20 22:07:34,2025-10-20 22:33:03,2025-10-21 01:07:41,273,5,13.0,Rompimento de fibra,Acidente de trânsito (poste),Crítica,4,4.47,25.7,Encerrado
2731,2025-10-21 02:22:43,2025-10-21 05:41:12,2025-10-21 07:51:57,326,5,7.0,Atenuação alta,Emenda degradada,Média,24,7.02,4.5,Encerrado
2732,2025-10-21 03:36:59,2025-10-21 09:29:55,2025-10-21 11:59:55,131,10,5.0,Rompimento de fibra,Queda de árvore,Alta,8,2.09,21.5,Encerrado
2733,2025-10-21 08:32:28,2025-10-21 08:46:10,2025-10-21 11:54:39,385,6,7.0,Furto/vandalismo de cabo,Furto de cabo,Crítica,4,6.46,22.2,Encerrado
2734,2025-10-21 11:48:53,2025-10-21 14:08:10,2025-10-21 17:08:47,232,10,5.0,Rompimento de fibra,Acidente de trânsito (poste),Alta,8,2.23,18.3,Encerrado
2735,2025-10-21 12:19:45,2025-10-21 13:05:26,2025-10-21 20:53:38,68,10,8.0,Rompimento de fibra,Roedores,Crítica,4,4.26,28.6,Encerrado
2736,2025-10-21 13:55:15,2025-10-21 14:14:45,2025-10-21 18:52:58,296,6,13.0,Rompimento de fibra,Obra de terceiros,Alta,8,1.14,27.7,Encerrado
2737,2025-10-21 18:30:22,2025-10-22 02:40:00,2025-10-22 03:48:43,338,14,3.0,Configuração,Erro de configuração,Baixa,48,,,Encerrado
2738,2025-10-21 19:06:15,2025-10-21 20:35:32,2025-10-21 21:18:09,61,15,3.0,Falha de equipamento,Módulo óptico (SFP/QSFP),Média,24,,,Encerrado
2739,2025-10-21 20:50:50,2025-10-21 21:10:22,2025-10-22 01:21:48,67,10,11.0,Atenuação alta,Emenda degradada,Crítica,4,4.76,2.4,Encerrado
2740,2025-10-21 21:28:06,2025-10-21 21:34:59,2025-10-21 23:15:35,18,13,18.0,Rompimento de fibra,Queda de árvore,Crítica,4,4.77,27.0,Encerrado
2741,2025-10-21 21:58:59,2025-10-21 22:22:47,2025-10-22 04:20:54,47,9,14.0,Rompimento de fibra,Acidente de trânsito (poste),Crítica,4,1.64,29.8,Encerrado
2742,2025-10-22 01:39:55,2025-10-22 10:44:15,2025-10-22 11:27:09,357,5,4.0,Configuração,Atualização de firmware,Baixa,48,,,Encerrado
2743,2025-10-22 01:45:49,2025-10-22 02:28:59,2025-10-22 03:51:55,61,15,18.0,Configuração,Erro de configuração,Alta,8,,,Encerrado
2744,2025-10-22 04:55:16,2025-10-22 05:30:58,2025-10-22 07:59:43,224,3,10.0,Rompimento de fibra,Obra de terceiros,Crítica,4,5.51,20.0,Encerrado
2745,2025-10-22 08:02:49,2025-10-22 09:06:43,2025-10-22 11:44:05,36,9,11.0,Atenuação alta,Conector sujo,Alta,8,5.49,5.5,Encerrado
2746,2025-10-22 08:09:44,2025-10-25 04:09:20,2025-10-25 08:12:36,391,13,18.0,Falha de equipamento,Módulo óptico (SFP/QSFP),Baixa,48,,,Encerrado
2747,2025-10-22 13:56:50,2025-10-22 15:02:24,2025-10-22 18:22:33,22,1,4.0,Rompimento de fibra,Roedores,Crítica,4,1.98,27.4,Encerrado
2748,2025-10-22 16:16:24,2025-10-22 17:05:39,2025-10-22 18:31:14,26,10,14.0,Falha de equipamento,Módulo óptico (SFP/QSFP),Alta,8,,,Encerrado
2749,2025-10-22 17:11:05,2025-10-22 19:06:42,2025-10-22 19:40:04,274,14,9.0,Queda de energia,Bateria do nobreak,Média,24,,,Encerrado
2750,2025-10-22 21:21:57,2025-10-22 22:18:50,2025-10-23 00:49:48,231,4,1.0,Atenuação alta,Umidade na caixa de emenda,Alta,8,2.81,2.9,Encerrado
2751,2025-10-22 22:31:34,2025-10-23 13:17:23,2025-10-23 14:26:04,254,16,9.0,Configuração,Atualização de firmware,Média,24,,,Encerrado
2752,2025-10-23 03:14:28,2025-10-23 03:38:48,2025-10-23 08:55:03,280,5,13.0,Rompimento de fibra,Obra de terceiros,Crítica,4,2.8,36.5,Encerrado
2753,2025-10-23 04:29:10,2025-10-23 18:43:06,2025-10-23 20:29:45,222,5,13.0,Queda de energia,Falta de energia da concessionária,Baixa,48,,,Encerrado
2754,2025-10-23 05:06:03,2025-10-23 06:20:45,2025-10-23 07:39:39,103,3,1.0,Queda de energia,Disjuntor,Alta,8,,,Encerrado
2755,2025-10-23 12:49:46,2025-10-23 15:27:48,2025-10-23 19:43:47,354,7,17.0,Rompimento de fibra,Acidente de trânsito (poste),Alta,8,6.55,29.6,Encerrado
2756,2025-10-23 14:59:13,2025-10-23 15:59:52,2025-10-23 18:13:07,1,4,7.0,Falha de equipamento,Módulo óptico (SFP/QSFP),Crítica,4,,,Encerrado
2757,2025-10-23 15:50:51,2025-10-23 16:49:54,2025-10-23 18:15:32,47,9,5.0,Falha de equipamento,Placa de interface,Alta,8,,,Encerrado
2758,2025-10-23 16:27:13,2025-10-23 22:50:18,2025-10-23 23:04:26,384,9,5.0,Configuração,Erro de configuração,Média,24,,,Encerrado
2759,2025-10-23 18:27:41,2025-10-23 21:30:52,2025-10-24 00:05:02,397,5,1.0,Rompimento de fibra,Obra de terceiros,Alta,8,3.35,38.3,Encerrado
2760,2025-10-23 19:03:09,2025-10-23 21:11:15,2025-10-24 01:48:27,17,2,10.0,Falha de equipamento,Fonte de alimentação,Alta,8,,,Encerrado
2761,2025-10-24 00:51:52,2025-10-24 21:46:51,2025-10-25 01:10:17,173,11,3.0,Falha de equipamento,Switch,Média,24,,,Encerrado
2762,2025-10-24 01:48:06,2025-10-24 06:39:01,2025-10-24 12:14:11,160,1,13.0,Atenuação alta,Curvatura excessiva,Média,24,3.05,5.4,Encerrado
2763,2025-10-24 01:53:12,2025-10-24 03:27:25,2025-10-24 04:33:58,82,6,1.0,Atenuação alta,Emenda degradada,Alta,8,4.18,1.7,Encerrado
2764,2025-10-24 03:38:29,2025-10-24 04:24:10,2025-10-24 05:49:43,215,10,14.0,Rompimento de fibra,Acidente de trânsito (poste),Crítica,4,3.74,33.3,Encerrado
2765,2025-10-24 05:43:49,2025-10-24 05:48:02,2025-10-24 07:11:38,173,11,18.0,Rompimento de fibra,Queda de árvore,Crítica,4,1.84,30.7,Encerrado
2766,2025-10-24 05:56:04,2025-10-24 06:46:57,2025-10-24 15:10:39,61,15,15.0,Rompimento de fibra,Roedores,Crítica,4,1.75,26.4,Encerrado
2767,2025-10-24 06:32:46,2025-10-24 06:35:42,2025-10-24 13:55:00,33,11,15.0,Rompimento de fibra,Roedores,Crítica,4,9.33,32.0,Encerrado
2768,2025-10-24 08:59:52,2025-10-24 10:38:49,2025-10-24 16:03:13,193,9,2.0,Furto/vandalismo de cabo,Furto de cabo,Alta,8,9.99,35.4,Encerrado
2769,2025-10-24 10:28:33,2025-10-24 11:42:15,2025-10-24 13:42:40,7,6,16.0,Falha de equipamento,Fonte de alimentação,Crítica,4,,,Encerrado
2770,2025-10-24 12:01:29,2025-10-24 16:12:19,2025-10-24 21:52:11,142,16,3.0,Atenuação alta,Emenda degradada,Média,24,3.67,8.8,Encerrado
2771,2025-10-24 14:44:33,2025-10-25 17:37:36,2025-10-25 18:51:00,253,8,8.0,Falha de equipamento,Placa de interface,Baixa,48,,,Encerrado
2772,2025-10-24 15:53:51,,,235,11,,Atenuação alta,,Média,24,6.35,4.3,Cancelado
2773,2025-10-24 16:34:46,2025-10-25 19:23:28,2025-10-25 21:41:50,212,7,11.0,Falha de equipamento,Switch,Média,24,,,Encerrado
2774,2025-10-24 18:04:58,2025-10-24 18:27:38,2025-10-25 04:31:20,46,11,3.0,Rompimento de fibra,Queda de árvore,Crítica,4,1.34,35.6,Encerrado
2775,2025-10-24 19:37:27,2025-10-24 21:51:10,2025-10-24 22:40:12,306,13,18.0,Falha de equipamento,Módulo óptico (SFP/QSFP),Média,24,,,Encerrado
2776,2025-10-24 20:48:51,2025-10-24 21:27:40,2025-10-24 21:48:35,372,14,12.0,Queda de energia,Disjuntor,Alta,8,,,Encerrado
2777,2025-10-24 23:05:47,2025-10-25 18:30:01,2025-10-25 19:53:01,307,13,12.0,Configuração,Erro de configuração,Média,24,,,Encerrado
2778,2025-10-25 00:33:01,2025-10-25 02:11:58,2025-10-25 08:10:47,235,11,3.0,Rompimento de fibra,Roedores,Alta,8,2.42,21.3,Encerrado
2779,2025-10-25 03:37:14,2025-10-25 04:56:38,2025-10-25 06:04:36,29,10,8.0,Queda de energia,Disjuntor,Crítica,4,,,Encerrado
2780,2025-10-25 04:17:06,2025-10-25 05:41:55,2025-10-25 09:00:46,186,14,12.0,Atenuação alta,Conector sujo,Alta,8,5.67,7.6,Encerrado
2781,2025-10-25 04:36:56,2025-10-25 06:06:57,2025-10-25 10:40:27,230,13,6.0,Rompimento de fibra,Obra de terceiros,Crítica,4,5.74,33.7,Encerrado
2782,2025-10-25 08:37:08,2025-10-25 09:40:04,2025-10-25 13:49:35,214,16,6.0,Rompimento de fibra,Queda de árvore,Crítica,4,6.24,29.0,Encerrado
2783,2025-10-25 12:21:43,,,338,14,,Rompimento de fibra,,Alta,8,8.43,36.0,Cancelado
2784,2025-10-25 13:19:44,2025-10-25 15:01:12,2025-10-25 19:19:05,139,13,6.0,Atenuação alta,Emenda degradada,Alta,8,3.21,7.9,Encerrado
2785,2025-10-25 14:47:32,2025-10-26 07:38:00,2025-10-26 08:43:04,19,8,11.0,Atenuação alta,Conector sujo,Média,24,10.12,7.6,Encerrado
2786,2025-10-25 15:11:50,2025-10-25 15:48:49,2025-10-26 00:01:28,255,4,10.0,Rompimento de fibra,Queda de árvore,Crítica,4,2.4,27.2,Encerrado
2787,2025-10-25 15:41:35,2025-10-25 16:00:01,2025-10-25 21:18:28,89,7,8.0,Rompimento de fibra,Roedores,Crítica,4,7.11,30.7,Encerrado
2788,2025-10-25 20:05:05,2025-10-26 12:51:49,2025-10-26 14:00:05,179,15,9.0,Queda de energia,Bateria do nobreak,Baixa,48,,,Encerrado
2789,2025-10-25 20:20:28,2025-10-26 14:23:31,2025-10-26 17:17:26,219,16,6.0,Atenuação alta,Conector sujo,Média,24,4.62,5.9,Encerrado
2790,2025-10-25 22:14:53,2025-10-26 01:12:57,2025-10-26 02:14:47,112,7,2.0,Queda de energia,Falta de energia da concessionária,Alta,8,,,Encerrado
2791,2025-10-26 00:06:34,2025-10-26 03:06:43,2025-10-26 06:27:22,191,8,2.0,Furto/vandalismo de cabo,Furto de cabo,Crítica,4,1.71,34.6,Encerrado
2792,2025-10-26 04:39:52,2025-10-26 05:03:08,2025-10-26 08:53:53,398,7,2.0,Furto/vandalismo de cabo,Furto de cabo,Alta,8,7.33,30.2,Encerrado
2793,2025-10-26 05:40:33,2025-10-26 15:27:50,2025-10-26 18:55:06,179,14,15.0,Atenuação alta,Conector sujo,Baixa,48,12.3,5.3,Encerrado
2794,2025-10-26 06:42:45,2025-10-26 09:56:21,2025-10-26 11:48:11,247,4,7.0,Falha de equipamento,Módulo óptico (SFP/QSFP),Média,24,,,Encerrado
2795,2025-10-26 07:29:28,2025-10-26 09:23:01,2025-10-26 10:29:08,167,1,13.0,Atenuação alta,Curvatura excessiva,Alta,8,4.37,5.0,Encerrado
2796,2025-10-26 09:58:04,2025-10-27 04:34:32,2025-10-27 08:24:34,5,10,2.0,Atenuação alta,Emenda degradada,Média,24,4.43,8.4,Encerrado
2797,2025-10-26 12:03:08,2025-10-26 13:37:51,2025-10-26 19:13:37,89,8,11.0,Rompimento de fibra,Obra de terceiros,Crítica,4,6.42,22.4,Encerrado
2798,2025-10-26 16:44:05,2025-10-27 01:59:18,2025-10-27 02:59:57,322,11,9.0,Queda de energia,Disjuntor,Baixa,48,,,Encerrado
2799,2025-10-26 18:13:26,2025-10-26 22:12:10,2025-10-27 01:57:28,16,4,10.0,Falha de equipamento,Switch,Alta,8,,,Encerrado
2800,2025-10-26 18:13:38,2025-10-27 05:30:57,2025-10-27 07:56:59,234,9,17.0,Falha de equipamento,Módulo óptico (SFP/QSFP),Média,24,,,Encerrado
2801,2025-10-26 18:37:24,2025-10-27 01:55:45,2025-10-27 05:57:31,133,4,16.0,Falha de equipamento,Módulo óptico (SFP/QSFP),Média,24,,,Encerrado
2802,2025-10-26 21:33:47,2025-10-26 22:35:22,2025-10-27 00:05:08,54,11,3.0,Rompimento de fibra,Roedores,Crítica,4,7.2,19.6,Encerrado
2803,2025-10-27 02:38:27,2025-10-27 05:23:30,2025-10-27 06:48:41,12,15,18.0,Atenuação alta,Curvatura excessiva,Crítica,4,3.05,7.0,Encerrado
2804,2025-10-27 03:45:52,2025-10-27 05:22:44,2025-10-27 11:58:09,157,12,18.0,Rompimento de fibra,Roedores,Alta,8,2.26,39.0,Encerrado
2805,2025-10-27 03:55:44,2025-10-27 04:22:38,2025-10-27 11:17:55,31,4,1.0,Falha de equipamento,Módulo óptico (SFP/QSFP),Alta,8,,,Encerrado
2806,2025-10-27 05:42:37,2025-10-27 05:58:45,2025-10-27 07:42:48,36,9,5.0,Atenuação alta,Curvatura excessiva,Crítica,4,0.82,3.8,Encerrado
2807,2025-10-27 06:00:30,2025-10-27 07:08:50,2025-10-27 09:13:39,1,3,10.0,Atenuação alta,Umidade na caixa de emenda,Alta,8,1.06,2.1,Encerrado
2808,2025-10-27 11:21:44,2025-10-27 11:33:46,2025-10-27 13:06:26,154,10,5.0,Queda de energia,Disjuntor,Alta,8,,,Encerrado
2809,2025-10-27 17:25:46,2025-10-27 19:38:06,2025-10-27 23:14:36,149,7,17.0,Furto/vandalismo de cabo,Furto de cabo,Alta,8,3.79,22.7,Encerrado
2810,2025-10-27 21:10:10,2025-10-27 22:47:06,2025-10-28 06:55:05,166,13,18.0,Rompimento de fibra,Obra de terceiros,Alta,8,3.4,32.1,Encerrado
2811,2025-10-28 03:52:13,2025-10-28 04:26:22,2025-10-28 08:35:03,17,1,4.0,Rompimento de fibra,Obra de terceiros,Crítica,4,0.86,29.6,Encerrado
2812,2025-10-28 04:46:54,2025-10-28 11:37:06,2025-10-28 12:33:29,283,15,6.0,Queda de energia,Bateria do nobreak,Média,24,,,Encerrado
2813,2025-10-28 06:07:56,2025-10-28 07:28:10,2025-10-28 10:31:32,269,14,15.0,Rompimento de fibra,Queda de árvore,Crítica,4,2.38,37.7,Encerrado
2814,2025-10-28 06:53:40,2025-10-28 08:14:41,2025-10-28 14:19:20,256,13,9.0,Rompimento de fibra,Roedores,Crítica,4,4.14,28.9,Encerrado
2815,2025-10-28 07:03:09,2025-10-28 11:03:59,2025-10-28 11:50:05,89,8,2.0,Queda de energia,Disjuntor,Alta,8,,,Encerrado
2816,2025-10-28 11:44:15,2025-10-28 22:41:07,2025-10-28 23:24:25,186,15,18.0,Queda de energia,Disjuntor,Média,24,,,Encerrado
2817,2025-10-28 18:02:45,2025-10-28 23:04:30,2025-10-29 01:40:50,194,3,4.0,Configuração,Erro de configuração,Média,24,,,Encerrado
2818,2025-10-28 18:24:44,2025-10-28 19:45:00,2025-10-28 22:58:33,96,5,7.0,Atenuação alta,Umidade na caixa de emenda,Alta,8,7.4,5.2,Encerrado
2819,2025-10-29 01:35:12,2025-10-30 07:50:18,2025-10-30 10:28:15,322,11,9.0,Atenuação alta,Emenda degradada,Baixa,48,1.53,3.6,Encerrado
2820,2025-10-29 03:22:26,2025-10-30 06:37:20,2025-10-30 09:08:06,138,12,6.0,Atenuação alta,Curvatura excessiva,Baixa,48,1.33,5.0,Encerrado
2821,2025-10-29 04:19:10,2025-10-29 04:34:19,2025-10-29 11:43:35,301,15,3.0,Rompimento de fibra,Acidente de trânsito (poste),Crítica,4,3.3,35.0,Encerrado
2822,2025-10-29 07:54:11,2025-10-29 08:46:09,2025-10-29 09:24:03,67,10,2.0,Configuração,Erro de configuração,Alta,8,,,Encerrado
2823,2025-10-29 12:35:10,2025-10-29 12:58:45,2025-10-29 13:30:06,118,3,13.0,Queda de energia,Bateria do nobreak,Crítica,4,,,Encerrado
2824,2025-10-29 16:12:47,2025-10-29 16:58:41,2025-10-29 23:36:56,79,9,14.0,Rompimento de fibra,Acidente de trânsito (poste),Crítica,4,1.21,25.3,Encerrado
2825,2025-10-29 17:02:04,2025-10-29 20:14:02,2025-10-29 23:24:58,138,12,6.0,Rompimento de fibra,Queda de árvore,Alta,8,4.39,28.1,Encerrado
2826,2025-10-29 18:37:29,2025-11-01 08:34:47,2025-11-01 10:14:43,253,7,14.0,Configuração,Erro de configuração,Baixa,48,,,Encerrado
2827,2025-10-29 18:53:30,2025-10-29 21:00:31,2025-10-30 00:43:55,77,5,1.0,Rompimento de fibra,Queda de árvore,Crítica,4,8.26,39.2,Encerrado
2828,2025-10-29 22:36:30,2025-10-30 01:44:30,2025-10-30 05:58:06,72,9,5.0,Furto/vandalismo de cabo,Furto de cabo,Crítica,4,4.08,29.4,Encerrado
2829,2025-10-30 00:04:45,2025-10-30 00:39:45,2025-10-30 01:24:36,50,13,3.0,Rompimento de fibra,Queda de árvore,Crítica,4,4.46,33.6,Encerrado
2830,2025-10-30 00:56:07,2025-10-30 03:16:08,2025-10-30 08:38:30,132,4,10.0,Furto/vandalismo de cabo,Furto de cabo,Alta,8,4.85,19.4,Encerrado
2831,2025-10-30 09:12:17,2025-10-30 09:32:47,2025-10-30 17:03:57,384,8,17.0,Rompimento de fibra,Acidente de trânsito (poste),Crítica,4,1.3,19.7,Encerrado
2832,2025-10-30 11:05:06,2025-10-30 12:15:46,2025-10-30 16:56:09,374,6,13.0,Rompimento de fibra,Acidente de trânsito (poste),Crítica,4,6.72,24.2,Encerrado
2833,2025-10-30 12:19:59,2025-10-30 12:56:09,2025-10-30 14:43:02,31,3,4.0,Atenuação alta,Emenda degradada,Crítica,4,8.88,6.6,Encerrado
2834,2025-10-30 12:58:36,2025-10-30 14:04:37,2025-10-30 23:46:55,72,9,8.0,Rompimento de fibra,Obra de terceiros,Crítica,4,3.19,23.4,Encerrado
2835,2025-10-30 13:30:54,2025-10-30 14:25:26,2025-10-30 20:22:21,186,14,3.0,Rompimento de fibra,Obra de terceiros,Crítica,4,2.38,33.4,Encerrado
2836,2025-10-30 13:45:08,2025-10-30 14:03:05,2025-10-30 14:26:03,202,14,6.0,Rompimento de fibra,Roedores,Alta,8,7.17,19.3,Encerrado
2837,2025-10-30 16:06:21,2025-10-30 16:42:22,2025-10-30 18:56:46,43,12,3.0,Atenuação alta,Curvatura excessiva,Crítica,4,2.33,3.8,Encerrado
2838,2025-10-30 16:26:17,2025-10-30 16:30:42,2025-10-30 19:31:12,182,11,18.0,Rompimento de fibra,Queda de árvore,Crítica,4,1.53,35.3,Encerrado
2839,2025-10-30 17:15:22,2025-10-30 17:50:30,2025-10-30 19:25:30,61,14,6.0,Rompimento de fibra,Queda de árvore,Crítica,4,0.3,26.4,Encerrado
2840,2025-10-30 17:41:56,2025-10-30 19:32:39,2025-10-30 20:20:36,296,6,16.0,Furto/vandalismo de cabo,Furto de cabo,Crítica,4,7.42,27.8,Encerrado
2841,2025-10-30 18:26:39,2025-10-30 18:35:46,2025-10-30 20:27:33,80,15,15.0,Queda de energia,Disjuntor,Crítica,4,,,Encerrado
2842,2025-10-30 22:21:16,2025-10-30 23:29:31,2025-10-31 01:16:24,67,10,8.0,Falha de equipamento,Placa de interface,Crítica,4,,,Encerrado
2843,2025-10-31 04:41:01,2025-10-31 20:52:26,2025-11-01 01:25:25,201,1,7.0,Atenuação alta,Conector sujo,Média,24,1.39,4.3,Encerrado
2844,2025-10-31 06:12:20,2025-10-31 08:34:02,2025-10-31 11:08:08,201,1,1.0,Rompimento de fibra,Roedores,Alta,8,5.75,39.9,Encerrado
2845,2025-10-31 06:37:37,2025-10-31 09:48:12,2025-10-31 15:32:58,396,1,7.0,Furto/vandalismo de cabo,Vandalismo,Alta,8,11.41,30.4,Encerrado
2846,2025-10-31 09:13:50,2025-10-31 09:28:33,2025-10-31 13:22:54,258,10,5.0,Rompimento de fibra,Obra de terceiros,Crítica,4,2.45,31.5,Encerrado
2847,2025-10-31 09:39:48,2025-10-31 09:46:10,2025-10-31 21:19:33,253,9,11.0,Rompimento de fibra,Roedores,Crítica,4,1.11,23.5,Encerrado
2848,2025-10-31 14:34:34,2025-10-31 15:10:37,2025-10-31 20:15:33,64,13,15.0,Rompimento de fibra,Queda de árvore,Crítica,4,9.15,39.3,Encerrado
2849,2025-10-31 16:27:47,2025-10-31 17:14:27,2025-10-31 18:19:39,133,3,13.0,Atenuação alta,Umidade na caixa de emenda,Alta,8,3.69,5.7,Encerrado
2850,2025-11-01 00:54:36,2025-11-01 18:35:06,2025-11-01 19:10:47,231,4,13.0,Queda de energia,Falta de energia da concessionária,Média,24,,,Encerrado
2851,2025-11-01 11:42:57,2025-11-01 15:36:48,2025-11-01 17:00:16,298,5,10.0,Atenuação alta,Emenda degradada,Média,24,1.6,3.7,Encerrado
2852,2025-11-01 13:46:00,2025-11-01 14:33:00,2025-11-01 18:57:07,242,11,6.0,Rompimento de fibra,Roedores,Crítica,4,14.41,36.5,Encerrado
2853,2025-11-01 14:21:59,2025-11-01 14:30:37,2025-11-01 17:39:59,61,14,3.0,Rompimento de fibra,Queda de árvore,Crítica,4,2.3,29.6,Encerrado
2854,2025-11-01 16:28:03,2025-11-01 19:11:42,2025-11-01 20:37:55,207,3,13.0,Queda de energia,Disjuntor,Média,24,,,Encerrado
2855,2025-11-01 23:37:11,2025-11-02 07:05:04,2025-11-02 07:45:10,148,2,13.0,Queda de energia,Disjuntor,Média,24,,,Encerrado
2856,2025-11-02 00:03:19,2025-11-04 22:35:00,2025-11-04 23:14:37,141,14,9.0,Atenuação alta,Emenda degradada,Baixa,48,3.36,2.1,Encerrado
2857,2025-11-02 01:37:29,2025-11-02 02:45:23,2025-11-02 03:33:44,40,14,12.0,Queda de energia,Falta de energia da concessionária,Alta,8,,,Encerrado
2858,2025-11-02 04:19:08,2025-11-02 06:35:53,2025-11-02 09:51:08,213,8,11.0,Furto/vandalismo de cabo,Vandalismo,Alta,8,1.41,35.4,Encerrado
2859,2025-11-02 13:53:52,2025-11-02 14:06:17,2025-11-02 18:31:40,100,3,7.0,Furto/vandalismo de cabo,Vandalismo,Crítica,4,8.88,30.4,Encerrado
2860,2025-11-02 14:01:05,2025-11-03 01:47:43,2025-11-03 03:04:44,352,2,4.0,Queda de energia,Disjuntor,Baixa,48,,,Encerrado
2861,2025-11-02 15:28:21,2025-11-02 21:08:51,2025-11-02 23:45:56,369,4,4.0,Falha de equipamento,Switch,Média,24,,,Encerrado
2862,2025-11-02 20:13:14,2025-11-02 21:02:26,2025-11-02 22:04:58,372,15,6.0,Rompimento de fibra,Obra de terceiros,Crítica,4,0.41,27.2,Encerrado
2863,2025-11-02 20:57:36,2025-11-03 03:06:46,2025-11-03 04:48:15,290,16,9.0,Atenuação alta,Umidade na caixa de emenda,Média,24,3.28,1.7,Encerrado
2864,2025-11-02 22:13:53,2025-11-03 03:05:31,2025-11-03 05:36:55,196,14,15.0,Queda de energia,Bateria do nobreak,Média,24,,,Encerrado
2865,2025-11-03 02:50:24,2025-11-03 06:14:20,2025-11-03 06:53:07,298,5,1.0,Configuração,Atualização de firmware,Alta,8,,,Encerrado
2866,2025-11-03 04:35:21,2025-11-03 05:58:28,2025-11-03 08:42:18,169,12,9.0,Rompimento de fibra,Acidente de trânsito (poste),Crítica,4,3.04,18.4,Encerrado
2867,2025-11-03 07:11:34,2025-11-03 07:26:05,2025-11-03 08:10:12,133,3,4.0,Rompimento de fibra,Roedores,Crítica,4,2.68,27.0,Encerrado
2868,2025-11-03 10:56:34,2025-11-03 12:29:03,2025-11-03 15:42:23,82,6,16.0,Atenuação alta,Emenda degradada,Alta,8,4.26,6.0,Encerrado
2869,2025-11-03 16:52:39,2025-11-03 17:39:02,2025-11-04 08:05:13,105,13,9.0,Furto/vandalismo de cabo,Furto de cabo,Crítica,4,1.32,33.0,Encerrado
2870,2025-11-03 19:03:14,2025-11-03 22:11:59,2025-11-04 02:33:24,372,14,3.0,Atenuação alta,Curvatura excessiva,Média,24,3.07,3.0,Encerrado
2871,2025-11-03 20:59:41,,,308,6,,Configuração,,Média,24,,,Cancelado
2872,2025-11-03 23:03:11,2025-11-04 00:27:29,2025-11-04 01:49:13,178,13,6.0,Queda de energia,Disjuntor,Média,24,,,Encerrado
2873,2025-11-04 03:32:35,2025-11-04 04:21:27,2025-11-04 10:46:33,328,15,3.0,Furto/vandalismo de cabo,Furto de cabo,Crítica,4,12.0,28.4,Encerrado
2874,2025-11-04 06:44:22,2025-11-04 07:54:21,2025-11-04 09:12:26,160,2,7.0,Rompimento de fibra,Obra de terceiros,Crítica,4,4.47,30.8,Encerrado
2875,2025-11-04 08:17:03,2025-11-05 14:30:58,2025-11-05 15:21:14,147,5,13.0,Configuração,Atualização de firmware,Baixa,48,,,Encerrado
2876,2025-11-04 08:22:13,2025-11-04 17:11:56,2025-11-04 19:22:52,132,4,16.0,Falha de equipamento,Placa de interface,Baixa,48,,,Encerrado
2877,2025-11-04 15:58:17,2025-11-04 20:20:29,2025-11-04 22:27:56,191,9,8.0,Atenuação alta,Curvatura excessiva,Média,24,1.63,1.7,Encerrado
2878,2025-11-04 20:58:29,2025-11-04 21:28:07,2025-11-04 23:09:23,253,7,14.0,Rompimento de fibra,Queda de árvore,Alta,8,4.91,20.5,Encerrado
2879,2025-11-04 23:05:58,2025-11-05 03:49:59,2025-11-05 05:26:54,216,8,11.0,Queda de energia,Bateria do nobreak,Média,24,,,Encerrado
2880,2025-11-05 00:39:15,2025-11-05 02:35:38,2025-11-05 04:52:59,27,4,7.0,Falha de equipamento,Módulo óptico (SFP/QSFP),Alta,8,,,Encerrado
2881,2025-11-05 02:24:04,2025-11-05 04:11:48,2025-11-05 05:50:09,55,8,11.0,Falha de equipamento,Fonte de alimentação,Alta,8,,,Encerrado
2882,2025-11-05 06:18:40,2025-11-05 08:04:53,2025-11-05 13:51:28,167,1,13.0,Rompimento de fibra,Roedores,Alta,8,1.84,24.2,Encerrado
2883,2025-11-05 06:20:42,2025-11-05 07:32:17,2025-11-05 09:07:46,141,14,3.0,Queda de energia,Bateria do nobreak,Alta,8,,,Encerrado
2884,2025-11-05 08:50:23,2025-11-05 08:58:12,2025-11-05 11:33:08,34,16,3.0,Atenuação alta,Conector sujo,Crítica,4,3.22,3.8,Encerrado
2885,2025-11-05 09:37:29,2025-11-05 10:10:53,2025-11-05 11:20:44,72,9,2.0,Queda de energia,Falta de energia da concessionária,Alta,8,,,Encerrado
2886,2025-11-05 15:12:14,2025-11-05 17:30:49,2025-11-06 01:13:12,292,16,3.0,Rompimento de fibra,Acidente de trânsito (poste),Alta,8,2.52,26.0,Encerrado
2887,2025-11-05 15:12:34,2025-11-06 03:02:43,2025-11-06 04:38:02,348,12,18.0,Falha de equipamento,Fonte de alimentação,Baixa,48,,,Encerrado
2888,2025-11-05 15:37:54,2025-11-05 18:18:27,2025-11-06 01:46:28,318,14,15.0,Rompimento de fibra,Roedores,Alta,8,2.51,29.3,Encerrado
2889,2025-11-05 20:36:02,2025-11-05 20:37:59,2025-11-05 22:14:50,19,7,5.0,Furto/vandalismo de cabo,Furto de cabo,Crítica,4,5.15,23.6,Encerrado
2890,2025-11-05 20:54:32,2025-11-06 00:40:36,2025-11-06 03:00:43,394,12,9.0,Rompimento de fibra,Acidente de trânsito (poste),Alta,8,1.22,34.6,Encerrado
2891,2025-11-06 03:48:35,2025-11-06 18:23:48,2025-11-06 20:20:26,379,2,16.0,Falha de equipamento,Fonte de alimentação,Média,24,,,Encerrado
2892,2025-11-06 04:57:14,2025-11-06 06:36:26,2025-11-06 09:07:26,2,12,3.0,Furto/vandalismo de cabo,Vandalismo,Crítica,4,5.63,34.1,Encerrado
2893,2025-11-06 08:30:40,2025-11-06 09:24:26,2025-11-06 12:16:21,228,10,14.0,Falha de equipamento,Fonte de alimentação,Média,24,,,Encerrado
2894,2025-11-06 10:04:32,2025-11-06 10:43:31,2025-11-06 11:31:34,96,5,10.0,Atenuação alta,Emenda degradada,Alta,8,7.02,7.5,Encerrado
2895,2025-11-06 12:11:44,2025-11-06 12:56:22,2025-11-06 14:38:09,32,4,10.0,Queda de energia,Bateria do nobreak,Alta,8,,,Encerrado
2896,2025-11-06 12:21:03,2025-11-06 14:36:16,2025-11-06 19:04:52,348,11,6.0,Rompimento de fibra,Roedores,Alta,8,5.62,23.3,Encerrado
2897,2025-11-06 13:32:32,2025-11-06 16:10:31,2025-11-06 19:56:27,121,6,16.0,Rompimento de fibra,Obra de terceiros,Alta,8,1.34,36.2,Encerrado
2898,2025-11-06 19:03:31,2025-11-07 05:06:02,2025-11-07 05:37:27,143,6,13.0,Configuração,Erro de configuração,Média,24,,,Encerrado
2899,2025-11-06 21:01:51,2025-11-07 04:26:40,2025-11-07 08:10:01,139,13,9.0,Queda de energia,Bateria do nobreak,Média,24,,,Encerrado
2900,2025-11-07 02:40:48,2025-11-07 07:16:41,2025-11-07 13:13:43,194,4,7.0,Rompimento de fibra,Queda de árvore,Alta,8,0.78,28.0,Encerrado
2901,2025-11-07 05:58:51,2025-11-07 08:13:05,2025-11-07 09:22:29,301,15,9.0,Queda de energia,Bateria do nobreak,Alta,8,,,Encerrado
2902,2025-11-07 08:20:42,2025-11-07 10:25:15,2025-11-07 10:46:07,283,14,12.0,Queda de energia,Falta de energia da concessionária,Baixa,48,,,Encerrado
2903,2025-11-07 11:40:40,2025-11-07 18:29:39,2025-11-07 19:26:07,188,15,6.0,Falha de equipamento,Switch,Média,24,,,Encerrado
2904,2025-11-07 15:32:23,2025-11-07 16:17:34,2025-11-07 21:25:39,174,1,4.0,Rompimento de fibra,Queda de árvore,Crítica,4,5.66,37.3,Encerrado
2905,2025-11-07 16:32:26,2025-11-07 17:08:48,2025-11-07 18:47:00,132,4,1.0,Falha de equipamento,Placa de interface,Alta,8,,,Encerrado
2906,2025-11-07 20:45:29,2025-11-07 21:49:38,2025-11-08 02:43:35,4,5,4.0,Falha de equipamento,Switch,Crítica,4,,,Encerrado
2907,2025-11-08 06:29:50,2025-11-08 07:17:46,2025-11-08 10:02:32,120,11,9.0,Rompimento de fibra,Obra de terceiros,Crítica,4,1.58,24.1,Encerrado
2908,2025-11-08 07:51:28,2025-11-08 09:42:40,2025-11-08 10:41:57,17,2,10.0,Atenuação alta,Emenda degradada,Crítica,4,2.19,4.4,Encerrado
2909,2025-11-08 08:43:35,2025-11-08 17:02:32,2025-11-08 19:29:04,379,2,13.0,Atenuação alta,Conector sujo,Média,24,3.66,8.8,Encerrado
2910,2025-11-08 09:28:26,2025-11-09 03:50:20,2025-11-09 04:07:28,287,16,6.0,Configuração,Atualização de firmware,Baixa,48,,,Encerrado
2911,2025-11-08 10:20:01,2025-11-09 00:15:09,2025-11-09 01:14:42,186,15,12.0,Queda de energia,Falta de energia da concessionária,Baixa,48,,,Encerrado
2912,2025-11-08 12:10:16,2025-11-08 14:36:04,2025-11-08 21:50:20,3,14,3.0,Atenuação alta,Umidade na caixa de emenda,Alta,8,4.65,8.9,Encerrado
2913,2025-11-08 14:27:09,2025-11-08 21:47:06,2025-11-09 01:06:51,398,9,17.0,Falha de equipamento,Módulo óptico (SFP/QSFP),Média,24,,,Encerrado
2914,2025-11-08 17:37:26,2025-11-08 22:41:34,2025-11-09 00:23:07,127,16,15.0,Falha de equipamento,Switch,Alta,8,,,Encerrado
2915,2025-11-08 18:41:21,2025-11-08 20:25:01,2025-11-08 23:07:27,19,9,2.0,Falha de equipamento,Módulo óptico (SFP/QSFP),Alta,8,,,Encerrado
2916,2025-11-08 20:28:24,2025-11-08 23:06:04,2025-11-09 02:14:00,342,1,4.0,Rompimento de fibra,Queda de árvore,Crítica,4,2.7,22.8,Encerrado
2917,2025-11-08 20:51:21,2025-11-08 21:34:58,2025-11-09 01:35:44,398,8,14.0,Rompimento de fibra,Obra de terceiros,Alta,8,4.42,36.5,Encerrado
2918,2025-11-08 22:57:11,2025-11-09 14:01:39,2025-11-09 17:49:24,141,14,15.0,Falha de equipamento,Fonte de alimentação,Baixa,48,,,Encerrado
2919,2025-11-09 01:49:20,2025-11-09 10:26:51,2025-11-09 12:09:32,58,12,15.0,Atenuação alta,Emenda degradada,Média,24,7.52,7.3,Encerrado
2920,2025-11-09 06:47:02,2025-11-09 09:33:34,2025-11-09 15:06:31,336,13,6.0,Rompimento de fibra,Roedores,Alta,8,1.58,35.5,Encerrado
2921,2025-11-09 08:06:27,2025-11-09 08:18:48,2025-11-09 08:53:22,71,12,12.0,Queda de energia,Bateria do nobreak,Crítica,4,,,Encerrado
2922,2025-11-09 08:33:57,2025-11-09 18:51:05,2025-11-09 20:23:09,384,7,17.0,Falha de equipamento,Fonte de alimentação,Média,24,,,Encerrado
2923,2025-11-09 11:11:01,2025-11-09 19:32:09,2025-11-09 20:58:45,277,3,4.0,Falha de equipamento,Módulo óptico (SFP/QSFP),Baixa,48,,,Encerrado
2924,2025-11-09 12:34:40,2025-11-09 15:35:12,2025-11-09 17:29:30,15,6,16.0,Queda de energia,Bateria do nobreak,Alta,8,,,Encerrado
2925,2025-11-09 16:26:22,2025-11-09 17:35:11,2025-11-10 00:29:27,94,9,5.0,Rompimento de fibra,Roedores,Crítica,4,3.27,39.5,Encerrado
2926,2025-11-09 17:44:33,2025-11-09 22:10:50,2025-11-10 05:17:42,336,13,9.0,Rompimento de fibra,Roedores,Alta,8,7.15,33.3,Encerrado
2927,2025-11-09 20:05:33,2025-11-09 22:44:56,2025-11-09 23:43:18,374,6,10.0,Queda de energia,Bateria do nobreak,Alta,8,,,Encerrado
2928,2025-11-09 20:20:40,2025-11-09 21:59:09,2025-11-10 03:14:54,112,8,11.0,Furto/vandalismo de cabo,Vandalismo,Crítica,4,4.28,28.0,Encerrado
2929,2025-11-09 22:51:32,2025-11-10 02:46:57,2025-11-10 05:40:29,212,7,14.0,Falha de equipamento,Fonte de alimentação,Média,24,,,Encerrado
2930,2025-11-09 22:57:41,2025-11-10 00:21:32,2025-11-10 05:17:18,301,14,6.0,Furto/vandalismo de cabo,Furto de cabo,Crítica,4,7.45,25.7,Encerrado
2931,2025-11-09 23:34:02,2025-11-10 02:21:56,2025-11-10 05:36:49,27,3,13.0,Atenuação alta,Curvatura excessiva,Alta,8,1.09,8.4,Encerrado
2932,2025-11-10 00:01:25,2025-11-10 19:22:54,2025-11-10 22:22:35,163,5,7.0,Falha de equipamento,Placa de interface,Média,24,,,Encerrado
2933,2025-11-10 02:44:18,2025-11-10 20:25:53,2025-11-10 22:27:15,121,6,10.0,Falha de equipamento,Fonte de alimentação,Baixa,48,,,Encerrado
2934,2025-11-10 03:13:17,2025-11-10 05:40:27,2025-11-10 06:35:27,209,15,6.0,Furto/vandalismo de cabo,Furto de cabo,Alta,8,6.12,33.8,Encerrado
2935,2025-11-10 06:22:50,2025-11-10 07:33:09,2025-11-10 19:31:22,228,10,14.0,Rompimento de fibra,Roedores,Crítica,4,0.81,23.3,Encerrado
2936,2025-11-10 06:34:23,,,232,10,,Rompimento de fibra,,Alta,8,1.75,31.2,Cancelado
2937,2025-11-10 09:52:26,2025-11-10 16:07:43,2025-11-10 19:47:37,367,5,16.0,Atenuação alta,Emenda degradada,Média,24,1.22,3.8,Encerrado
2938,2025-11-10 11:16:22,2025-11-10 21:23:55,2025-11-10 22:42:19,375,2,1.0,Atenuação alta,Conector sujo,Baixa,48,4.09,6.7,Encerrado
2939,2025-11-10 12:19:36,2025-11-10 19:35:15,2025-11-10 20:11:25,140,16,15.0,Configuração,Atualização de firmware,Baixa,48,,,Encerrado
2940,2025-11-10 12:28:50,2025-11-10 17:17:58,2025-11-10 20:10:57,335,2,10.0,Configuração,Erro de configuração,Média,24,,,Encerrado
2941,2025-11-10 12:43:19,,,94,7,,Rompimento de fibra,,Crítica,4,1.24,38.9,Cancelado
2942,2025-11-10 23:04:15,2025-11-11 09:38:10,2025-11-11 11:53:32,36,8,2.0,Atenuação alta,Umidade na caixa de emenda,Média,24,0.6,6.7,Encerrado
2943,2025-11-11 02:48:27,2025-11-12 01:22:50,2025-11-12 03:09:10,210,1,13.0,Falha de equipamento,Módulo óptico (SFP/QSFP),Média,24,,,Encerrado
2944,2025-11-11 04:32:37,2025-11-11 15:14:43,2025-11-11 16:16:17,352,2,13.0,Falha de equipamento,Placa de interface,Média,24,,,Encerrado
2945,2025-11-11 06:11:12,2025-11-11 07:42:16,2025-11-11 09:16:12,286,16,18.0,Rompimento de fibra,Roedores,Crítica,4,6.26,35.5,Encerrado
2946,2025-11-11 12:09:25,2025-11-11 12:46:35,2025-11-11 13:24:05,19,7,5.0,Queda de energia,Falta de energia da concessionária,Crítica,4,,,Encerrado
2947,2025-11-11 12:42:22,2025-11-11 22:53:33,2025-11-12 02:16:09,286,16,12.0,Atenuação alta,Umidade na caixa de emenda,Média,24,3.12,6.7,Encerrado
2948,2025-11-11 16:17:51,2025-11-11 16:35:30,2025-11-11 22:22:01,18,13,15.0,Rompimento de fibra,Acidente de trânsito (poste),Crítica,4,3.83,35.5,Encerrado
2949,2025-11-11 18:43:11,2025-11-11 21:03:54,2025-11-12 01:16:42,25,8,5.0,Falha de equipamento,Módulo óptico (SFP/QSFP),Alta,8,,,Encerrado
2950,2025-11-11 20:05:35,2025-11-11 21:25:16,2025-11-12 07:19:10,398,9,2.0,Atenuação alta,Umidade na caixa de emenda,Baixa,48,4.1,3.3,Encerrado
2951,2025-11-12 08:58:51,2025-11-12 13:22:16,2025-11-12 14:28:51,287,16,15.0,Falha de equipamento,Fonte de alimentação,Média,24,,,Encerrado
2952,2025-11-12 10:19:50,2025-11-12 12:07:37,2025-11-12 13:41:46,27,3,16.0,Queda de energia,Bateria do nobreak,Crítica,4,,,Encerrado
2953,2025-11-12 11:48:03,2025-11-12 13:17:23,2025-11-12 13:47:04,282,13,6.0,Furto/vandalismo de cabo,Vandalismo,Alta,8,13.93,21.5,Encerrado
2954,2025-11-12 11:53:52,2025-11-12 12:06:15,2025-11-12 15:41:12,279,5,7.0,Rompimento de fibra,Obra de terceiros,Crítica,4,6.04,21.2,Encerrado
2955,2025-11-12 12:38:31,2025-11-12 13:05:52,2025-11-12 16:44:53,117,6,1.0,Atenuação alta,Umidade na caixa de emenda,Crítica,4,1.47,3.5,Encerrado
2956,2025-11-12 14:00:56,2025-11-12 15:46:45,2025-11-12 17:47:50,343,16,9.0,Atenuação alta,Umidade na caixa de emenda,Baixa,48,3.09,1.7,Encerrado
2957,2025-11-12 15:48:10,2025-11-12 22:27:23,2025-11-13 01:16:05,109,4,7.0,Falha de equipamento,Switch,Média,24,,,Encerrado
2958,2025-11-12 19:15:03,2025-11-12 20:01:28,2025-11-12 20:19:21,277,4,1.0,Rompimento de fibra,Acidente de trânsito (poste),Crítica,4,6.05,23.4,Encerrado
2959,2025-11-12 21:42:54,2025-11-13 00:02:10,2025-11-13 06:58:00,89,7,8.0,Rompimento de fibra,Acidente de trânsito (poste),Crítica,4,5.39,30.1,Encerrado
2960,2025-11-13 00:47:11,2025-11-13 07:42:22,2025-11-13 08:08:56,253,9,17.0,Configuração,Erro de configuração,Média,24,,,Encerrado
2961,2025-11-13 07:14:49,2025-11-13 12:46:37,2025-11-13 17:49:51,354,7,14.0,Atenuação alta,Umidade na caixa de emenda,Média,24,14.11,8.7,Encerrado
2962,2025-11-13 11:37:12,2025-11-14 03:51:22,2025-11-14 12:45:15,191,7,11.0,Atenuação alta,Umidade na caixa de emenda,Média,24,1.57,2.7,Encerrado
2963,2025-11-13 13:09:49,2025-11-13 20:08:52,2025-11-13 22:58:56,193,7,5.0,Atenuação alta,Umidade na caixa de emenda,Baixa,48,13.45,4.1,Encerrado
2964,2025-11-13 13:10:46,2025-11-13 13:58:03,2025-11-13 17:59:48,371,6,16.0,Atenuação alta,Curvatura excessiva,Alta,8,2.92,6.7,Encerrado
2965,2025-11-13 14:58:37,2025-11-14 03:17:04,2025-11-14 05:05:02,360,4,1.0,Falha de equipamento,Fonte de alimentação,Média,24,,,Encerrado
2966,2025-11-13 19:37:44,2025-11-13 21:26:55,2025-11-13 22:58:06,191,9,11.0,Queda de energia,Disjuntor,Alta,8,,,Encerrado
2967,2025-11-13 20:58:24,2025-11-14 01:30:22,2025-11-14 01:51:58,199,3,16.0,Queda de energia,Bateria do nobreak,Baixa,48,,,Encerrado
2968,2025-11-13 21:11:47,2025-11-13 22:32:58,2025-11-14 00:42:12,83,5,13.0,Atenuação alta,Curvatura excessiva,Crítica,4,0.8,3.8,Encerrado
2969,2025-11-13 21:25:57,2025-11-14 02:47:06,2025-11-14 04:25:52,145,16,12.0,Rompimento de fibra,Acidente de trânsito (poste),Alta,8,6.89,35.0,Encerrado
2970,2025-11-13 21:52:10,2025-11-14 05:07:20,2025-11-14 10:35:47,36,8,14.0,Atenuação alta,Conector sujo,Média,24,2.1,1.6,Encerrado
2971,2025-11-13 21:52:20,2025-11-14 16:22:42,2025-11-14 20:18:38,98,2,7.0,Falha de equipamento,Placa de interface,Média,24,,,Encerrado
2972,2025-11-13 23:15:26,2025-11-15 09:05:18,2025-11-15 14:47:53,381,8,14.0,Atenuação alta,Emenda degradada,Baixa,48,4.83,6.4,Encerrado
2973,2025-11-14 03:54:21,2025-11-14 04:50:55,2025-11-14 05:52:06,19,9,8.0,Configuração,Atualização de firmware,Alta,8,,,Encerrado
2974,2025-11-14 05:14:18,2025-11-14 05:44:46,2025-11-14 10:41:30,37,1,7.0,Rompimento de fibra,Acidente de trânsito (poste),Crítica,4,1.94,21.2,Encerrado
2975,2025-11-14 11:30:30,2025-11-14 18:09:44,2025-11-14 19:52:41,171,6,10.0,Falha de equipamento,Placa de interface,Média,24,,,Encerrado
2976,2025-11-14 12:30:31,,,94,7,,Furto/vandalismo de cabo,,Crítica,4,2.48,26.1,Cancelado
2977,2025-11-14 16:27:24,2025-11-14 16:42:38,2025-11-14 17:53:34,70,16,12.0,Queda de energia,Bateria do nobreak,Alta,8,,,Encerrado
2978,2025-11-14 19:13:48,2025-11-14 21:48:35,2025-11-14 22:21:46,42,6,1.0,Configuração,Atualização de firmware,Média,24,,,Encerrado
2979,2025-11-14 22:49:54,2025-11-15 05:40:10,2025-11-15 07:37:54,237,10,5.0,Falha de equipamento,Placa de interface,Baixa,48,,,Encerrado
2980,2025-11-15 07:03:36,2025-11-15 11:43:10,2025-11-15 12:38:20,250,8,14.0,Queda de energia,Bateria do nobreak,Alta,8,,,Encerrado
2981,2025-11-15 09:54:20,2025-11-15 15:35:45,2025-11-15 18:40:10,162,1,1.0,Atenuação alta,Umidade na caixa de emenda,Baixa,48,1.62,2.3,Encerrado
2982,2025-11-15 11:47:55,2025-11-15 15:02:07,2025-11-15 16:54:16,155,12,9.0,Queda de energia,Disjuntor,Média,24,,,Encerrado
2983,2025-11-15 17:23:30,2025-11-16 07:29:13,2025-11-16 10:42:24,354,9,2.0,Atenuação alta,Emenda degradada,Média,24,3.84,5.1,Encerrado
2984,2025-11-15 18:51:56,2025-11-15 23:40:17,2025-11-16 00:19:54,245,5,16.0,Configuração,Erro de configuração,Baixa,48,,,Encerrado
2985,2025-11-16 02:26:34,2025-11-16 08:22:55,2025-11-16 09:26:42,248,12,6.0,Configuração,Atualização de firmware,Alta,8,,,Encerrado
2986,2025-11-16 15:54:49,2025-11-16 19:04:43,2025-11-16 21:37:05,94,9,2.0,Queda de energia,Bateria do nobreak,Alta,8,,,Encerrado
2987,2025-11-16 18:57:03,2025-11-16 19:00:50,2025-11-16 22:29:31,14,1,10.0,Rompimento de fibra,Obra de terceiros,Crítica,4,3.36,33.2,Encerrado
2988,2025-11-17 02:51:47,2025-11-17 03:33:52,2025-11-17 04:37:05,292,16,3.0,Rompimento de fibra,Roedores,Alta,8,1.06,39.8,Encerrado
2989,2025-11-17 06:46:40,2025-11-17 07:38:12,2025-11-17 12:00:13,132,4,7.0,Furto/vandalismo de cabo,Furto de cabo,Alta,8,1.25,18.7,Encerrado
2990,2025-11-17 10:53:41,2025-11-17 11:49:57,2025-11-17 13:36:21,124,6,13.0,Rompimento de fibra,Obra de terceiros,Crítica,4,3.95,31.4,Encerrado
2991,2025-11-17 18:40:11,2025-11-17 20:24:30,2025-11-17 21:40:31,109,4,10.0,Falha de equipamento,Placa de interface,Alta,8,,,Encerrado
2992,2025-11-17 20:47:15,,,324,11,,Falha de equipamento,,Média,24,,,Cancelado
2993,2025-11-17 21:34:19,2025-11-18 03:28:21,2025-11-18 04:05:07,250,7,2.0,Queda de energia,Disjuntor,Média,24,,,Encerrado
2994,2025-11-18 01:20:11,2025-11-18 01:47:38,2025-11-18 05:46:58,216,9,17.0,Furto/vandalismo de cabo,Vandalismo,Crítica,4,2.17,22.6,Encerrado
2995,2025-11-18 05:45:19,2025-11-18 07:53:21,2025-11-18 10:28:49,286,16,12.0,Falha de equipamento,Fonte de alimentação,Alta,8,,,Encerrado
2996,2025-11-18 06:19:16,2025-11-18 08:43:36,2025-11-18 14:03:03,240,9,2.0,Rompimento de fibra,Obra de terceiros,Crítica,4,7.52,37.2,Encerrado
2997,2025-11-18 07:58:40,2025-11-18 08:41:14,2025-11-18 21:28:20,60,1,7.0,Atenuação alta,Conector sujo,Alta,8,6.62,5.1,Encerrado
2998,2025-11-18 08:25:41,2025-11-18 21:54:33,2025-11-19 01:29:03,32,4,4.0,Falha de equipamento,Placa de interface,Média,24,,,Encerrado
2999,2025-11-18 09:07:12,2025-11-18 10:21:39,2025-11-18 11:09:45,177,9,14.0,Queda de energia,Falta de energia da concessionária,Alta,8,,,Encerrado
3000,2025-11-18 15:27:12,2025-11-18 17:43:37,2025-11-18 19:21:48,222,5,4.0,Rompimento de fibra,Roedores,Alta,8,2.06,36.2,Encerrado
3001,2025-11-18 15:39:25,2025-11-18 21:16:54,2025-11-18 22:47:26,365,2,1.0,Falha de equipamento,Switch,Média,24,,,Encerrado
3002,2025-11-18 21:57:27,2025-11-18 22:34:10,2025-11-19 02:05:21,50,13,15.0,Atenuação alta,Curvatura excessiva,Média,24,1.79,6.7,Encerrado
3003,2025-11-19 00:05:18,2025-11-19 00:41:42,2025-11-19 01:54:40,377,12,3.0,Rompimento de fibra,Acidente de trânsito (poste),Crítica,4,7.49,22.8,Encerrado
3004,2025-11-19 01:24:08,2025-11-19 10:35:06,2025-11-19 11:22:29,334,15,3.0,Queda de energia,Bateria do nobreak,Baixa,48,,,Encerrado
3005,2025-11-19 04:33:22,2025-11-19 05:43:57,2025-11-19 06:00:59,6,2,1.0,Furto/vandalismo de cabo,Vandalismo,Crítica,4,7.02,19.3,Encerrado
3006,2025-11-19 07:21:37,2025-11-19 07:57:44,2025-11-19 10:44:42,24,6,10.0,Rompimento de fibra,Roedores,Crítica,4,3.27,28.5,Encerrado
3007,2025-11-19 13:58:54,2025-11-19 14:37:44,2025-11-19 18:22:21,47,7,5.0,Rompimento de fibra,Acidente de trânsito (poste),Crítica,4,4.2,32.4,Encerrado
3008,2025-11-19 14:55:46,2025-11-19 15:20:56,2025-11-19 18:33:03,17,2,4.0,Rompimento de fibra,Obra de terceiros,Crítica,4,9.92,28.2,Encerrado
3009,2025-11-19 15:40:35,,,137,5,,Rompimento de fibra,,Alta,8,5.35,24.4,Cancelado
3010,2025-11-19 15:42:20,2025-11-19 16:36:12,2025-11-19 23:25:56,303,2,7.0,Rompimento de fibra,Queda de árvore,Alta,8,3.81,20.5,Encerrado
3011,2025-11-19 15:49:25,2025-11-20 08:51:26,2025-11-20 10:23:54,311,6,1.0,Falha de equipamento,Módulo óptico (SFP/QSFP),Baixa,48,,,Encerrado
3012,2025-11-19 19:39:47,2025-11-19 21:30:02,2025-11-19 23:40:59,363,6,16.0,Atenuação alta,Curvatura excessiva,Média,24,7.66,8.2,Encerrado
3013,2025-11-19 22:45:10,,,348,11,,Falha de equipamento,,Média,24,,,Cancelado
3014,2025-11-19 23:47:42,2025-11-20 00:58:42,2025-11-20 05:36:27,171,6,13.0,Rompimento de fibra,Obra de terceiros,Crítica,4,12.0,21.9,Encerrado
3015,2025-11-20 10:51:42,2025-11-20 13:27:54,2025-11-20 14:06:00,156,5,10.0,Rompimento de fibra,Roedores,Alta,8,1.44,39.4,Encerrado
3016,2025-11-20 11:22:48,2025-11-20 13:52:04,2025-11-20 23:28:25,79,7,8.0,Atenuação alta,Conector sujo,Média,24,3.6,3.5,Encerrado
3017,2025-11-20 12:53:27,2025-11-20 20:01:16,2025-11-20 22:22:13,19,9,5.0,Atenuação alta,Conector sujo,Média,24,4.71,7.2,Encerrado
3018,2025-11-20 13:13:12,2025-11-20 13:31:02,2025-11-20 14:58:27,17,2,1.0,Rompimento de fibra,Obra de terceiros,Crítica,4,4.94,31.5,Encerrado
3019,2025-11-20 14:13:32,2025-11-20 17:12:29,2025-11-20 20:23:28,380,12,18.0,Atenuação alta,Curvatura excessiva,Baixa,48,3.87,5.9,Encerrado
3020,2025-11-20 15:17:08,2025-11-21 03:38:50,2025-11-21 07:10:51,129,4,7.0,Falha de equipamento,Módulo óptico (SFP/QSFP),Baixa,48,,,Encerrado
3021,2025-11-20 20:00:15,2025-11-20 21:46:16,2025-11-20 22:31:37,43,12,15.0,Atenuação alta,Curvatura excessiva,Crítica,4,6.79,1.8,Encerrado
3022,2025-11-20 23:45:06,2025-11-21 00:34:30,2025-11-21 07:42:54,165,6,1.0,Rompimento de fibra,Acidente de trânsito (poste),Crítica,4,2.39,28.7,Encerrado
3023,2025-11-20 23:51:48,2025-11-21 04:27:30,2025-11-21 04:58:26,229,13,6.0,Falha de equipamento,Placa de interface,Média,24,,,Encerrado
3024,2025-11-21 03:48:53,,,15,6,,Queda de energia,,Alta,8,,,Cancelado
3025,2025-11-21 04:43:47,2025-11-21 05:33:09,2025-11-21 12:16:48,209,15,15.0,Rompimento de fibra,Obra de terceiros,Crítica,4,3.72,35.8,Encerrado
3026,2025-11-21 04:45:01,2025-11-21 05:12:30,2025-11-21 15:40:23,248,11,18.0,Furto/vandalismo de cabo,Furto de cabo,Crítica,4,2.86,30.3,Encerrado
3027,2025-11-21 08:31:42,2025-11-21 09:51:08,2025-11-21 14:48:19,216,7,14.0,Rompimento de fibra,Acidente de trânsito (poste),Alta,8,1.89,20.5,Encerrado
3028,2025-11-21 11:25:46,,,146,14,,Falha de equipamento,,Média,24,,,Cancelado
3029,2025-11-21 13:29:59,2025-11-21 13:57:16,2025-11-21 23:30:31,29,10,2.0,Rompimento de fibra,Queda de árvore,Crítica,4,2.04,31.3,Encerrado
3030,2025-11-21 17:23:37,2025-11-21 18:01:27,2025-11-22 01:41:33,375,2,7.0,Rompimento de fibra,Roedores,Crítica,4,4.46,31.4,Encerrado
3031,2025-11-21 21:10:04,2025-11-23 05:45:49,2025-11-23 07:52:34,344,11,15.0,Falha de equipamento,Placa de interface,Baixa,48,,,Encerrado
3032,2025-11-21 22:28:16,2025-11-22 01:59:06,2025-11-22 04:48:04,21,4,4.0,Falha de equipamento,Placa de interface,Alta,8,,,Encerrado
3033,2025-11-22 02:11:48,2025-11-22 04:09:45,2025-11-22 07:21:33,61,15,3.0,Atenuação alta,Conector sujo,Alta,8,2.93,1.7,Encerrado
3034,2025-11-22 03:34:59,2025-11-22 04:19:06,2025-11-22 06:13:42,20,16,12.0,Rompimento de fibra,Roedores,Crítica,4,3.64,27.8,Encerrado
3035,2025-11-22 08:25:38,2025-11-22 09:32:39,2025-11-22 16:38:44,163,5,7.0,Atenuação alta,Curvatura excessiva,Média,24,9.81,2.5,Encerrado
3036,2025-11-22 10:05:40,2025-11-22 17:39:55,2025-11-22 20:59:06,208,15,18.0,Falha de equipamento,Placa de interface,Baixa,48,,,Encerrado
3037,2025-11-22 11:03:58,2025-11-22 13:53:13,2025-11-22 17:05:41,365,1,10.0,Furto/vandalismo de cabo,Furto de cabo,Alta,8,2.24,19.8,Encerrado
3038,2025-11-22 11:04:17,2025-11-22 12:12:13,2025-11-22 14:48:01,118,3,13.0,Falha de equipamento,Fonte de alimentação,Crítica,4,,,Encerrado
3039,2025-11-22 21:12:54,2025-11-22 22:41:35,2025-11-23 00:06:48,14,2,4.0,Queda de energia,Bateria do nobreak,Alta,8,,,Encerrado
3040,2025-11-22 22:48:02,2025-11-23 00:51:15,2025-11-23 06:01:48,47,8,14.0,Rompimento de fibra,Roedores,Crítica,4,3.07,30.7,Encerrado
3041,2025-11-22 23:40:30,2025-11-23 04:21:31,2025-11-23 05:01:41,358,13,18.0,Atenuação alta,Emenda degradada,Média,24,7.16,2.6,Encerrado
3042,2025-11-23 01:30:06,2025-11-23 03:40:08,2025-11-23 05:13:30,234,8,8.0,Furto/vandalismo de cabo,Furto de cabo,Crítica,4,2.58,32.7,Encerrado
3043,2025-11-23 05:09:15,2025-11-23 05:51:49,2025-11-23 14:51:47,55,8,17.0,Rompimento de fibra,Acidente de trânsito (poste),Crítica,4,2.19,39.0,Encerrado
3044,2025-11-23 12:48:50,,,135,2,,Atenuação alta,,Baixa,48,8.92,6.5,Cancelado
3045,2025-11-23 18:31:18,2025-11-23 18:37:46,2025-11-23 19:58:07,210,1,16.0,Rompimento de fibra,Obra de terceiros,Crítica,4,2.78,20.7,Encerrado
3046,2025-11-23 22:51:56,2025-11-24 03:01:00,2025-11-24 12:10:32,256,13,3.0,Rompimento de fibra,Obra de terceiros,Alta,8,2.55,39.2,Encerrado
3047,2025-11-23 22:54:51,2025-11-24 03:30:17,2025-11-24 06:19:25,327,16,15.0,Atenuação alta,Curvatura excessiva,Alta,8,7.94,4.2,Encerrado
3048,2025-11-23 23:19:01,2025-11-24 00:02:04,2025-11-24 07:22:55,108,3,10.0,Atenuação alta,Conector sujo,Crítica,4,3.81,4.9,Encerrado
3049,2025-11-24 01:22:48,2025-11-24 03:28:40,2025-11-24 04:36:53,229,13,18.0,Queda de energia,Disjuntor,Média,24,,,Encerrado
3050,2025-11-24 06:58:44,2025-11-24 08:01:34,2025-11-24 11:51:28,362,16,15.0,Rompimento de fibra,Queda de árvore,Alta,8,2.42,25.5,Encerrado
3051,2025-11-24 07:00:33,2025-11-24 07:37:43,2025-11-24 13:30:07,376,14,3.0,Furto/vandalismo de cabo,Vandalismo,Alta,8,3.01,32.1,Encerrado
3052,2025-11-24 07:11:47,2025-11-24 07:25:20,2025-11-24 14:42:45,72,8,11.0,Rompimento de fibra,Acidente de trânsito (poste),Crítica,4,1.06,31.4,Encerrado
3053,2025-11-24 08:11:49,2025-11-24 08:39:36,2025-11-24 12:14:44,204,13,6.0,Rompimento de fibra,Queda de árvore,Alta,8,5.09,35.0,Encerrado
3054,2025-11-24 09:01:08,2025-11-24 20:09:08,2025-11-24 21:52:59,334,15,3.0,Atenuação alta,Emenda degradada,Baixa,48,6.39,7.8,Encerrado
3055,2025-11-24 11:19:15,2025-11-24 12:19:37,2025-11-24 13:25:16,40,14,3.0,Queda de energia,Bateria do nobreak,Crítica,4,,,Encerrado
3056,2025-11-24 12:12:53,2025-11-24 16:13:30,2025-11-24 18:09:46,52,11,18.0,Falha de equipamento,Fonte de alimentação,Alta,8,,,Encerrado
3057,2025-11-24 15:35:47,2025-11-24 19:38:04,2025-11-25 01:39:09,156,5,16.0,Atenuação alta,Conector sujo,Média,24,2.08,3.4,Encerrado
3058,2025-11-24 19:34:54,2025-11-24 20:03:17,2025-11-24 21:38:44,36,8,8.0,Falha de equipamento,Placa de interface,Crítica,4,,,Encerrado
3059,2025-11-24 21:29:32,2025-11-25 03:55:04,2025-11-25 08:57:00,387,6,13.0,Atenuação alta,Conector sujo,Baixa,48,3.18,4.6,Encerrado
3060,2025-11-25 01:56:26,2025-11-25 11:24:17,2025-11-25 12:41:52,149,9,17.0,Falha de equipamento,Switch,Média,24,,,Encerrado
3061,2025-11-25 01:56:45,2025-11-25 03:28:08,2025-11-25 04:31:36,144,15,12.0,Rompimento de fibra,Obra de terceiros,Alta,8,9.41,21.5,Encerrado
3062,2025-11-25 02:48:55,2025-11-25 04:39:16,2025-11-25 05:33:31,179,14,3.0,Falha de equipamento,Fonte de alimentação,Média,24,,,Encerrado
3063,2025-11-25 03:26:31,2025-11-25 04:34:30,2025-11-25 05:04:32,25,7,5.0,Falha de equipamento,Módulo óptico (SFP/QSFP),Crítica,4,,,Encerrado
3064,2025-11-25 08:40:10,2025-11-25 10:02:34,2025-11-25 11:18:29,19,9,8.0,Configuração,Atualização de firmware,Alta,8,,,Encerrado
3065,2025-11-25 13:41:21,2025-11-25 15:18:40,2025-11-25 19:54:29,89,7,8.0,Atenuação alta,Emenda degradada,Crítica,4,7.24,6.9,Encerrado
3066,2025-11-25 14:24:26,2025-11-25 15:46:03,2025-11-25 17:58:35,202,15,9.0,Rompimento de fibra,Acidente de trânsito (poste),Alta,8,0.93,39.5,Encerrado
3067,2025-11-25 14:55:54,2025-11-25 17:17:38,2025-11-25 20:42:55,303,2,4.0,Furto/vandalismo de cabo,Furto de cabo,Alta,8,4.8,25.4,Encerrado
3068,2025-11-25 15:52:29,2025-11-25 17:09:47,2025-11-25 18:29:10,44,1,16.0,Queda de energia,Disjuntor,Alta,8,,,Encerrado
3069,2025-11-25 16:41:35,2025-11-25 18:53:37,2025-11-25 19:48:57,169,11,6.0,Rompimento de fibra,Obra de terceiros,Alta,8,4.72,31.3,Encerrado
3070,2025-11-25 16:55:08,2025-11-25 17:11:49,2025-11-25 22:29:27,72,8,14.0,Rompimento de fibra,Roedores,Crítica,4,2.39,38.9,Encerrado
3071,2025-11-25 20:31:01,2025-11-25 21:10:50,2025-11-25 23:18:32,178,13,18.0,Rompimento de fibra,Queda de árvore,Crítica,4,2.44,26.4,Encerrado
3072,2025-11-26 00:21:38,2025-11-26 00:59:55,2025-11-26 02:16:49,169,11,15.0,Furto/vandalismo de cabo,Furto de cabo,Crítica,4,3.04,29.2,Encerrado
3073,2025-11-26 05:55:13,2025-11-26 09:36:51,2025-11-26 10:54:53,390,13,9.0,Queda de energia,Bateria do nobreak,Média,24,,,Encerrado
3074,2025-11-26 11:27:28,2025-11-26 12:49:22,2025-11-26 13:42:42,39,15,15.0,Configuração,Erro de configuração,Alta,8,,,Encerrado
3075,2025-11-26 15:49:17,2025-11-26 20:56:42,2025-11-27 02:32:30,208,14,12.0,Atenuação alta,Emenda degradada,Média,24,2.67,4.9,Encerrado
3076,2025-11-26 19:43:56,2025-11-27 05:35:31,2025-11-27 07:15:56,226,10,2.0,Falha de equipamento,Switch,Média,24,,,Encerrado
3077,2025-11-26 23:52:35,2025-11-27 06:19:15,2025-11-27 06:44:42,359,13,6.0,Queda de energia,Disjuntor,Média,24,,,Encerrado
3078,2025-11-27 02:57:41,2025-11-27 04:30:08,2025-11-27 05:38:38,189,16,3.0,Atenuação alta,Emenda degradada,Alta,8,3.86,8.3,Encerrado
3079,2025-11-27 04:00:49,2025-11-27 06:02:02,2025-11-27 06:51:27,107,6,13.0,Queda de energia,Bateria do nobreak,Crítica,4,,,Encerrado
3080,2025-11-27 04:09:55,2025-11-27 04:39:51,2025-11-27 13:16:37,247,4,10.0,Furto/vandalismo de cabo,Furto de cabo,Crítica,4,3.34,19.7,Encerrado
3081,2025-11-27 10:30:44,2025-11-27 13:34:08,2025-11-27 14:45:54,382,14,3.0,Falha de equipamento,Switch,Média,24,,,Encerrado
3082,2025-11-27 13:21:39,2025-11-27 13:44:26,2025-11-27 19:03:20,234,9,8.0,Rompimento de fibra,Queda de árvore,Alta,8,6.66,25.6,Encerrado
3083,2025-11-27 23:40:35,2025-11-28 05:18:25,2025-11-28 06:13:03,352,2,10.0,Atenuação alta,Conector sujo,Média,24,2.54,8.5,Encerrado
3084,2025-11-27 23:55:48,2025-11-28 00:30:56,2025-11-28 07:40:53,41,11,3.0,Rompimento de fibra,Roedores,Crítica,4,7.17,30.5,Encerrado
3085,2025-11-28 00:03:09,2025-11-28 08:14:05,2025-11-28 12:46:15,398,7,14.0,Falha de equipamento,Módulo óptico (SFP/QSFP),Média,24,,,Encerrado
3086,2025-11-28 07:41:49,2025-11-28 08:35:57,2025-11-28 09:47:25,23,12,12.0,Atenuação alta,Emenda degradada,Alta,8,1.41,4.3,Encerrado
3087,2025-11-28 08:25:54,2025-11-28 12:00:42,2025-11-28 18:14:24,324,11,9.0,Falha de equipamento,Módulo óptico (SFP/QSFP),Média,24,,,Encerrado
3088,2025-11-28 10:38:35,2025-11-28 15:35:50,2025-11-28 17:57:47,142,16,18.0,Rompimento de fibra,Acidente de trânsito (poste),Alta,8,2.83,35.2,Encerrado
3089,2025-11-28 12:50:40,2025-11-28 23:34:14,2025-11-29 03:54:53,255,3,4.0,Atenuação alta,Curvatura excessiva,Média,24,2.15,3.9,Encerrado
3090,2025-11-28 13:14:24,2025-11-28 15:34:36,2025-11-28 20:42:00,329,13,18.0,Rompimento de fibra,Roedores,Alta,8,7.74,36.4,Encerrado
3091,2025-11-28 15:15:33,2025-11-28 17:15:35,2025-11-29 03:15:03,103,3,7.0,Atenuação alta,Emenda degradada,Alta,8,2.25,6.2,Encerrado
3092,2025-11-28 18:18:44,,,382,14,,Queda de energia,,Baixa,48,,,Cancelado
3093,2025-11-28 18:25:08,2025-11-28 19:31:07,2025-11-28 20:59:22,66,7,2.0,Queda de energia,Bateria do nobreak,Alta,8,,,Encerrado
3094,2025-11-28 19:47:56,2025-11-29 02:35:18,2025-11-29 04:26:28,129,4,4.0,Queda de energia,Disjuntor,Média,24,,,Encerrado
3095,2025-11-28 23:42:17,2025-11-29 20:17:45,2025-11-29 21:18:56,283,15,12.0,Queda de energia,Falta de energia da concessionária,Média,24,,,Encerrado
3096,2025-11-28 23:51:10,2025-11-30 04:33:16,2025-11-30 05:32:39,280,5,16.0,Atenuação alta,Umidade na caixa de emenda,Baixa,48,1.78,5.5,Encerrado
3097,2025-11-29 00:34:56,2025-11-29 02:04:05,2025-11-29 13:08:45,348,12,15.0,Rompimento de fibra,Acidente de trânsito (poste),Crítica,4,11.27,35.5,Encerrado
3098,2025-11-29 03:27:18,,,31,3,,Rompimento de fibra,,Crítica,4,4.51,21.8,Cancelado
3099,2025-11-29 04:09:44,2025-11-29 14:37:13,2025-11-29 15:12:09,224,3,1.0,Configuração,Erro de configuração,Média,24,,,Encerrado
3100,2025-11-29 05:22:57,2025-11-29 06:08:56,2025-11-29 10:08:40,208,14,6.0,Furto/vandalismo de cabo,Furto de cabo,Crítica,4,3.97,33.1,Encerrado
3101,2025-11-29 06:10:30,2025-11-29 07:17:00,2025-11-29 09:54:07,36,9,8.0,Furto/vandalismo de cabo,Furto de cabo,Crítica,4,5.33,28.2,Encerrado
3102,2025-11-29 07:34:32,2025-11-29 13:24:34,2025-11-29 14:27:41,205,14,3.0,Configuração,Erro de configuração,Média,24,,,Encerrado
3103,2025-11-29 07:58:54,2025-11-29 11:17:10,2025-11-29 13:46:37,356,6,1.0,Rompimento de fibra,Queda de árvore,Alta,8,6.39,29.2,Encerrado
3104,2025-11-29 08:49:15,2025-11-29 09:50:50,2025-11-29 14:17:31,374,6,1.0,Furto/vandalismo de cabo,Furto de cabo,Crítica,4,4.4,39.1,Encerrado
3105,2025-11-29 09:05:48,2025-11-29 10:02:41,2025-11-29 15:12:34,15,6,7.0,Falha de equipamento,Switch,Crítica,4,,,Encerrado
3106,2025-11-29 14:06:34,2025-11-29 16:41:00,2025-11-29 17:43:41,69,16,12.0,Configuração,Erro de configuração,Alta,8,,,Encerrado
3107,2025-11-29 19:55:35,2025-11-29 20:20:53,2025-11-29 23:20:05,312,10,17.0,Rompimento de fibra,Acidente de trânsito (poste),Crítica,4,5.29,31.0,Encerrado
3108,2025-11-29 23:08:19,2025-11-30 06:18:55,2025-11-30 11:20:59,177,9,11.0,Falha de equipamento,Fonte de alimentação,Baixa,48,,,Encerrado
3109,2025-11-30 08:07:18,2025-11-30 11:12:06,2025-11-30 14:33:12,120,12,12.0,Rompimento de fibra,Acidente de trânsito (poste),Crítica,4,0.37,19.5,Encerrado
3110,2025-11-30 09:18:58,2025-11-30 10:38:59,2025-11-30 14:45:58,328,15,3.0,Atenuação alta,Conector sujo,Média,24,15.64,3.5,Encerrado
3111,2025-11-30 09:45:14,2025-11-30 11:21:08,2025-11-30 12:26:36,35,6,16.0,Configuração,Erro de configuração,Alta,8,,,Encerrado
3112,2025-11-30 14:32:45,2025-11-30 15:10:17,2025-11-30 23:46:29,38,16,15.0,Rompimento de fibra,Acidente de trânsito (poste),Crítica,4,1.13,35.6,Encerrado
3113,2025-11-30 15:01:13,2025-11-30 20:05:35,2025-11-30 21:28:22,155,12,9.0,Falha de equipamento,Módulo óptico (SFP/QSFP),Média,24,,,Encerrado
3114,2025-11-30 16:21:59,2025-11-30 21:37:04,2025-11-30 23:13:20,182,11,3.0,Atenuação alta,Curvatura excessiva,Média,24,2.46,5.6,Encerrado
3115,2025-11-30 21:09:38,2025-12-01 18:30:50,2025-12-01 21:21:43,379,2,10.0,Falha de equipamento,Módulo óptico (SFP/QSFP),Média,24,,,Encerrado
3116,2025-11-30 21:41:37,2025-12-01 16:13:52,2025-12-01 17:40:47,304,13,3.0,Queda de energia,Disjuntor,Baixa,48,,,Encerrado
3117,2025-11-30 22:51:23,2025-12-01 00:15:39,2025-12-01 01:22:03,123,6,1.0,Falha de equipamento,Módulo óptico (SFP/QSFP),Média,24,,,Encerrado
3118,2025-11-30 23:03:14,2025-12-01 01:07:34,2025-12-01 03:22:45,249,4,1.0,Falha de equipamento,Fonte de alimentação,Média,24,,,Encerrado
3119,2025-11-30 23:45:38,2025-12-01 02:25:38,2025-12-01 04:55:20,106,13,18.0,Falha de equipamento,Switch,Alta,8,,,Encerrado
3120,2025-12-01 02:09:31,2025-12-01 02:57:22,2025-12-01 06:49:46,285,16,18.0,Furto/vandalismo de cabo,Vandalismo,Alta,8,6.1,27.0,Encerrado
3121,2025-12-01 05:56:22,2025-12-01 06:25:49,2025-12-01 07:36:02,90,5,1.0,Queda de energia,Bateria do nobreak,Crítica,4,,,Encerrado
3122,2025-12-01 07:45:01,2025-12-01 08:51:39,2025-12-01 10:37:49,336,13,12.0,Rompimento de fibra,Obra de terceiros,Alta,8,1.85,22.6,Encerrado
3123,2025-12-01 10:28:37,2025-12-01 12:14:39,2025-12-01 16:14:17,182,11,9.0,Rompimento de fibra,Roedores,Crítica,4,2.52,37.0,Encerrado
3124,2025-12-01 10:36:13,2025-12-01 10:59:48,2025-12-01 13:45:13,348,11,18.0,Falha de equipamento,Placa de interface,Alta,8,,,Encerrado
3125,2025-12-01 12:11:55,2025-12-01 15:09:59,2025-12-01 18:17:51,336,13,6.0,Atenuação alta,Conector sujo,Média,24,1.8,1.9,Encerrado
3126,2025-12-01 17:01:08,2025-12-01 20:39:07,2025-12-02 03:11:40,395,10,8.0,Atenuação alta,Emenda degradada,Média,24,7.95,5.5,Encerrado
3127,2025-12-01 20:06:05,2025-12-02 03:38:00,2025-12-02 04:37:07,40,15,9.0,Queda de energia,Bateria do nobreak,Média,24,,,Encerrado
3128,2025-12-02 06:09:33,2025-12-02 08:53:27,2025-12-02 11:42:57,56,5,1.0,Falha de equipamento,Módulo óptico (SFP/QSFP),Alta,8,,,Encerrado
3129,2025-12-02 07:18:15,2025-12-02 12:07:33,2025-12-02 14:19:19,132,3,1.0,Atenuação alta,Emenda degradada,Média,24,12.54,5.2,Encerrado
3130,2025-12-02 07:39:11,2025-12-02 08:51:54,2025-12-02 12:22:21,39,14,3.0,Atenuação alta,Umidade na caixa de emenda,Alta,8,1.06,4.2,Encerrado
3131,2025-12-02 07:48:07,2025-12-02 18:54:40,2025-12-02 21:20:30,149,7,5.0,Falha de equipamento,Switch,Baixa,48,,,Encerrado
3132,2025-12-02 11:54:57,2025-12-02 12:03:54,2025-12-02 18:03:59,197,5,10.0,Rompimento de fibra,Queda de árvore,Crítica,4,4.57,24.6,Encerrado
3133,2025-12-02 12:49:52,2025-12-02 13:25:09,2025-12-02 17:30:55,15,6,7.0,Furto/vandalismo de cabo,Vandalismo,Crítica,4,2.82,30.0,Encerrado
3134,2025-12-02 21:21:18,2025-12-02 21:45:24,2025-12-03 04:32:31,232,10,11.0,Rompimento de fibra,Roedores,Crítica,4,8.36,37.8,Encerrado
3135,2025-12-02 22:06:01,2025-12-03 04:29:44,2025-12-03 08:54:35,177,8,14.0,Rompimento de fibra,Acidente de trânsito (poste),Alta,8,4.48,32.3,Encerrado
3136,2025-12-02 23:25:31,2025-12-03 01:53:37,2025-12-03 07:16:26,396,1,16.0,Rompimento de fibra,Roedores,Crítica,4,6.55,31.9,Encerrado
3137,2025-12-03 02:14:56,2025-12-03 12:59:52,2025-12-03 17:29:48,213,9,8.0,Atenuação alta,Emenda degradada,Média,24,1.44,2.6,Encerrado
3138,2025-12-03 02:19:47,2025-12-03 02:26:01,2025-12-03 07:30:47,19,8,2.0,Rompimento de fibra,Obra de terceiros,Crítica,4,0.72,24.8,Encerrado
3139,2025-12-03 07:53:35,2025-12-03 08:29:15,2025-12-03 13:23:20,299,13,9.0,Furto/vandalismo de cabo,Furto de cabo,Alta,8,5.91,23.6,Encerrado
3140,2025-12-03 09:25:00,2025-12-03 14:17:24,2025-12-03 15:25:13,391,13,15.0,Queda de energia,Falta de energia da concessionária,Média,24,,,Encerrado
3141,2025-12-03 11:22:03,2025-12-03 14:16:49,2025-12-04 00:04:24,264,14,12.0,Rompimento de fibra,Obra de terceiros,Alta,8,2.12,31.4,Encerrado
3142,2025-12-03 12:54:56,2025-12-03 13:24:01,2025-12-03 19:41:13,17,1,16.0,Rompimento de fibra,Queda de árvore,Crítica,4,2.21,34.9,Encerrado
3143,2025-12-03 12:57:00,2025-12-03 13:02:15,2025-12-03 14:16:04,246,10,5.0,Rompimento de fibra,Roedores,Alta,8,7.72,27.7,Encerrado
3144,2025-12-03 14:37:53,2025-12-03 17:59:32,2025-12-03 20:03:10,147,5,7.0,Queda de energia,Bateria do nobreak,Média,24,,,Encerrado
3145,2025-12-03 15:48:57,2025-12-03 16:34:13,2025-12-03 17:30:32,27,4,16.0,Falha de equipamento,Placa de interface,Alta,8,,,Encerrado
3146,2025-12-03 17:50:31,2025-12-03 23:06:13,2025-12-03 23:37:02,145,16,6.0,Falha de equipamento,Switch,Média,24,,,Encerrado
3147,2025-12-03 20:40:45,2025-12-03 22:56:26,2025-12-04 01:25:37,297,1,16.0,Falha de equipamento,Fonte de alimentação,Média,24,,,Encerrado
3148,2025-12-03 21:16:57,2025-12-03 21:59:44,2025-12-04 01:04:26,69,16,9.0,Rompimento de fibra,Queda de árvore,Crítica,4,2.31,28.2,Encerrado
3149,2025-12-03 23:25:50,2025-12-04 04:37:15,2025-12-04 05:12:04,11,6,7.0,Falha de equipamento,Switch,Média,24,,,Encerrado
3150,2025-12-04 02:44:17,2025-12-04 03:00:15,2025-12-04 12:39:36,43,11,9.0,Rompimento de fibra,Queda de árvore,Crítica,4,4.85,18.3,Encerrado
3151,2025-12-04 03:42:22,2025-12-04 07:47:42,2025-12-04 12:42:07,384,8,17.0,Furto/vandalismo de cabo,Vandalismo,Alta,8,4.17,34.8,Encerrado
3152,2025-12-04 09:54:41,2025-12-04 12:53:38,2025-12-04 13:55:58,171,6,1.0,Atenuação alta,Conector sujo,Alta,8,2.54,5.4,Encerrado
3153,2025-12-04 14:14:28,2025-12-04 15:17:39,2025-12-05 00:37:31,308,6,10.0,Furto/vandalismo de cabo,Vandalismo,Alta,8,1.52,37.7,Encerrado
3154,2025-12-04 15:50:40,2025-12-04 17:26:08,2025-12-05 02:58:49,125,13,6.0,Rompimento de fibra,Queda de árvore,Alta,8,5.47,26.6,Encerrado
3155,2025-12-04 16:34:49,2025-12-04 19:51:04,2025-12-05 00:18:34,264,14,12.0,Falha de equipamento,Módulo óptico (SFP/QSFP),Média,24,,,Encerrado
3156,2025-12-04 20:58:10,2025-12-04 21:09:44,2025-12-05 01:46:57,20,16,12.0,Rompimento de fibra,Acidente de trânsito (poste),Crítica,4,5.12,31.5,Encerrado
3157,2025-12-04 22:17:39,2025-12-04 23:35:35,2025-12-05 00:59:21,98,1,4.0,Rompimento de fibra,Acidente de trânsito (poste),Crítica,4,1.91,39.4,Encerrado
3158,2025-12-04 22:28:49,2025-12-05 03:24:30,2025-12-05 04:19:34,140,16,6.0,Atenuação alta,Conector sujo,Média,24,6.51,8.0,Encerrado
3159,2025-12-04 23:10:36,2025-12-04 23:20:05,2025-12-05 02:36:03,235,11,18.0,Furto/vandalismo de cabo,Furto de cabo,Alta,8,0.61,33.5,Encerrado
3160,2025-12-04 23:44:24,2025-12-05 08:37:12,2025-12-05 12:36:47,47,8,8.0,Atenuação alta,Umidade na caixa de emenda,Média,24,5.7,1.8,Encerrado
3161,2025-12-05 04:51:35,2025-12-06 13:46:27,2025-12-06 14:53:36,334,15,6.0,Configuração,Erro de configuração,Baixa,48,,,Encerrado
3162,2025-12-05 09:06:49,2025-12-06 13:32:29,2025-12-06 16:30:38,186,14,18.0,Atenuação alta,Conector sujo,Baixa,48,2.54,5.4,Encerrado
3163,2025-12-05 15:25:09,2025-12-05 16:06:48,2025-12-05 17:53:42,14,1,1.0,Rompimento de fibra,Queda de árvore,Crítica,4,3.32,33.1,Encerrado
3164,2025-12-05 18:39:06,2025-12-05 22:13:33,2025-12-06 04:16:12,123,6,4.0,Atenuação alta,Emenda degradada,Média,24,0.43,1.7,Encerrado
3165,2025-12-05 21:31:16,2025-12-06 14:42:06,2025-12-06 15:27:30,292,16,18.0,Falha de equipamento,Switch,Baixa,48,,,Encerrado
3166,2025-12-05 21:46:22,2025-12-05 21:49:40,2025-12-06 09:39:34,14,1,10.0,Furto/vandalismo de cabo,Vandalismo,Crítica,4,8.45,36.4,Encerrado
3167,2025-12-05 22:22:14,2025-12-06 01:23:34,2025-12-06 05:00:39,175,3,7.0,Furto/vandalismo de cabo,Furto de cabo,Alta,8,3.86,24.6,Encerrado
3168,2025-12-05 23:18:58,2025-12-06 10:20:15,2025-12-06 12:56:39,72,9,11.0,Falha de equipamento,Placa de interface,Média,24,,,Encerrado
3169,2025-12-06 00:34:16,2025-12-06 01:18:04,2025-12-06 08:03:21,2,11,3.0,Rompimento de fibra,Obra de terceiros,Crítica,4,2.18,29.5,Encerrado
3170,2025-12-06 00:39:39,2025-12-07 01:10:30,2025-12-07 05:54:46,149,9,8.0,Atenuação alta,Curvatura excessiva,Baixa,48,11.06,3.0,Encerrado
3171,2025-12-06 01:26:14,2025-12-06 02:37:49,2025-12-06 02:58:54,50,13,6.0,Falha de equipamento,Módulo óptico (SFP/QSFP),Média,24,,,Encerrado
3172,2025-12-06 03:13:30,2025-12-06 05:27:34,2025-12-06 06:28:01,313,2,16.0,Queda de energia,Disjuntor,Alta,8,,,Encerrado
3173,2025-12-06 07:01:53,2025-12-07 22:18:45,2025-12-07 23:16:43,297,2,7.0,Queda de energia,Falta de energia da concessionária,Baixa,48,,,Encerrado
3174,2025-12-06 09:58:35,2025-12-06 22:14:23,2025-12-06 23:32:56,55,8,11.0,Falha de equipamento,Switch,Alta,8,,,Encerrado
3175,2025-12-06 12:32:22,2025-12-06 13:12:08,2025-12-06 20:59:17,323,10,2.0,Rompimento de fibra,Obra de terceiros,Crítica,4,6.76,23.5,Encerrado
3176,2025-12-06 12:43:44,2025-12-06 20:24:51,2025-12-06 23:06:20,14,1,4.0,Atenuação alta,Curvatura excessiva,Média,24,1.69,7.8,Encerrado
3177,2025-12-06 12:51:12,2025-12-06 13:00:04,2025-12-06 15:27:25,143,6,1.0,Rompimento de fibra,Queda de árvore,Alta,8,2.27,22.2,Encerrado
3178,2025-12-06 14:51:05,2025-12-06 15:48:25,2025-12-06 18:34:30,32,3,10.0,Rompimento de fibra,Roedores,Crítica,4,3.28,25.4,Encerrado
3179,2025-12-06 15:12:23,2025-12-06 17:11:44,2025-12-06 19:39:04,153,13,9.0,Atenuação alta,Conector sujo,Média,24,5.31,6.5,Encerrado
3180,2025-12-06 16:24:57,2025-12-06 18:28:35,2025-12-06 19:16:11,233,14,12.0,Rompimento de fibra,Obra de terceiros,Alta,8,0.7,30.1,Encerrado
3181,2025-12-06 17:15:02,2025-12-06 18:14:02,2025-12-07 01:02:09,46,11,3.0,Atenuação alta,Conector sujo,Alta,8,2.53,4.9,Encerrado
3182,2025-12-06 18:25:45,2025-12-07 03:31:21,2025-12-07 03:54:42,177,7,11.0,Configuração,Erro de configuração,Média,24,,,Encerrado
3183,2025-12-06 22:03:18,2025-12-07 07:03:40,2025-12-07 08:27:53,231,3,1.0,Atenuação alta,Curvatura excessiva,Média,24,3.97,4.0,Encerrado
3184,2025-12-07 00:12:32,2025-12-07 08:04:42,2025-12-07 12:19:37,112,8,2.0,Atenuação alta,Curvatura excessiva,Média,24,5.53,3.1,Encerrado
3185,2025-12-07 01:52:37,2025-12-07 04:15:22,2025-12-07 08:03:01,398,8,14.0,Furto/vandalismo de cabo,Vandalismo,Crítica,4,7.81,22.1,Encerrado
3186,2025-12-07 02:48:21,2025-12-07 03:03:27,2025-12-07 03:36:52,1,3,13.0,Queda de energia,Falta de energia da concessionária,Alta,8,,,Encerrado
3187,2025-12-07 08:45:40,2025-12-08 12:27:21,2025-12-08 12:57:49,237,10,8.0,Queda de energia,Bateria do nobreak,Média,24,,,Encerrado
3188,2025-12-07 08:46:30,2025-12-07 13:37:16,2025-12-07 14:48:35,73,1,1.0,Queda de energia,Falta de energia da concessionária,Média,24,,,Encerrado
3189,2025-12-07 09:01:07,2025-12-07 10:21:39,2025-12-07 11:40:26,19,8,2.0,Queda de energia,Bateria do nobreak,Crítica,4,,,Encerrado
3190,2025-12-07 09:22:25,2025-12-07 10:47:19,2025-12-07 13:00:41,33,11,15.0,Rompimento de fibra,Roedores,Crítica,4,3.21,37.8,Encerrado
3191,2025-12-07 10:38:51,2025-12-07 10:51:26,2025-12-08 08:03:58,79,8,14.0,Rompimento de fibra,Acidente de trânsito (poste),Crítica,4,3.51,39.8,Encerrado
3192,2025-12-07 12:44:55,2025-12-07 16:26:47,2025-12-07 17:13:51,136,5,7.0,Falha de equipamento,Switch,Média,24,,,Encerrado
3193,2025-12-07 13:24:08,2025-12-07 16:33:37,2025-12-07 20:29:25,303,1,7.0,Furto/vandalismo de cabo,Furto de cabo,Crítica,4,3.08,18.5,Encerrado
3194,2025-12-07 16:59:32,2025-12-07 17:38:56,2025-12-07 18:44:07,23,11,18.0,Falha de equipamento,Módulo óptico (SFP/QSFP),Alta,8,,,Encerrado
3195,2025-12-07 21:50:26,2025-12-07 23:01:37,2025-12-08 01:45:57,267,5,10.0,Rompimento de fibra,Acidente de trânsito (poste),Alta,8,3.12,37.0,Encerrado
3196,2025-12-07 21:57:23,2025-12-08 03:00:01,2025-12-08 07:59:40,210,1,13.0,Rompimento de fibra,Acidente de trânsito (poste),Alta,8,10.3,36.8,Encerrado
3197,2025-12-07 22:46:37,2025-12-07 23:19:24,2025-12-08 03:52:17,384,9,8.0,Furto/vandalismo de cabo,Furto de cabo,Crítica,4,2.67,31.3,Encerrado
3198,2025-12-08 08:15:51,2025-12-08 08:31:39,2025-12-08 17:05:59,118,3,7.0,Rompimento de fibra,Acidente de trânsito (poste),Crítica,4,4.17,26.0,Encerrado
3199,2025-12-08 10:12:46,2025-12-08 12:12:36,2025-12-08 12:52:29,66,7,17.0,Configuração,Atualização de firmware,Alta,8,,,Encerrado
3200,2025-12-08 10:47:36,2025-12-08 11:03:38,2025-12-08 14:11:29,3,15,6.0,Atenuação alta,Umidade na caixa de emenda,Crítica,4,6.49,6.9,Encerrado
3201,2025-12-08 11:09:51,2025-12-08 11:34:59,2025-12-08 15:14:58,9,10,2.0,Rompimento de fibra,Obra de terceiros,Crítica,4,11.56,36.4,Encerrado
3202,2025-12-08 18:31:21,2025-12-08 20:17:41,2025-12-08 23:34:04,392,2,10.0,Furto/vandalismo de cabo,Furto de cabo,Alta,8,2.56,28.9,Encerrado
3203,2025-12-08 18:48:43,2025-12-09 06:01:42,2025-12-09 08:38:50,302,12,9.0,Falha de equipamento,Placa de interface,Média,24,,,Encerrado
3204,2025-12-08 20:38:25,2025-12-08 21:04:11,2025-12-09 04:05:50,396,1,10.0,Rompimento de fibra,Acidente de trânsito (poste),Alta,8,2.01,31.9,Encerrado
3205,2025-12-08 21:15:19,,,85,5,,Rompimento de fibra,,Crítica,4,2.55,34.3,Cancelado
3206,2025-12-08 21:38:02,2025-12-09 02:26:41,2025-12-09 05:34:16,3,15,3.0,Atenuação alta,Emenda degradada,Alta,8,2.8,6.2,Encerrado
3207,2025-12-08 22:47:14,2025-12-08 23:16:48,2025-12-09 08:55:58,354,8,2.0,Rompimento de fibra,Obra de terceiros,Crítica,4,0.33,21.2,Encerrado
3208,2025-12-08 23:18:17,2025-12-09 01:55:12,2025-12-09 04:10:33,87,16,9.0,Atenuação alta,Emenda degradada,Crítica,4,2.0,4.0,Encerrado
3209,2025-12-08 23:41:45,2025-12-09 13:45:26,2025-12-09 14:25:51,330,11,6.0,Queda de energia,Bateria do nobreak,Média,24,,,Encerrado
3210,2025-12-09 05:27:41,2025-12-09 05:48:04,2025-12-09 12:00:58,177,9,8.0,Rompimento de fibra,Obra de terceiros,Crítica,4,4.85,23.4,Encerrado
3211,2025-12-09 05:32:58,2025-12-09 05:57:01,2025-12-09 08:48:50,37,1,16.0,Rompimento de fibra,Roedores,Crítica,4,2.96,31.7,Encerrado
3212,2025-12-09 10:29:55,2025-12-09 13:03:57,2025-12-09 14:40:30,237,10,17.0,Rompimento de fibra,Obra de terceiros,Alta,8,3.04,35.5,Encerrado
3213,2025-12-09 11:52:59,2025-12-09 12:24:37,2025-12-09 13:48:11,68,10,14.0,Queda de energia,Bateria do nobreak,Alta,8,,,Encerrado
3214,2025-12-09 15:45:24,2025-12-09 15:57:07,2025-12-09 20:00:57,59,6,16.0,Rompimento de fibra,Obra de terceiros,Crítica,4,5.42,24.9,Encerrado
3215,2025-12-09 16:09:27,2025-12-09 17:12:26,2025-12-09 18:13:59,42,6,10.0,Queda de energia,Disjuntor,Crítica,4,,,Encerrado
3216,2025-12-09 20:34:19,2025-12-09 20:40:52,2025-12-09 21:49:11,4,5,7.0,Configuração,Atualização de firmware,Crítica,4,,,Encerrado
3217,2025-12-09 21:04:00,2025-12-09 22:37:33,2025-12-10 04:25:47,66,9,17.0,Falha de equipamento,Placa de interface,Alta,8,,,Encerrado
3218,2025-12-09 21:59:42,2025-12-09 22:10:20,2025-12-10 03:33:11,177,8,5.0,Furto/vandalismo de cabo,Vandalismo,Alta,8,7.44,27.5,Encerrado
3219,2025-12-10 00:26:18,2025-12-10 07:08:20,2025-12-10 07:59:15,385,6,10.0,Queda de energia,Bateria do nobreak,Média,24,,,Encerrado
3220,2025-12-10 02:52:34,2025-12-12 05:24:53,2025-12-12 08:02:06,159,6,10.0,Queda de energia,Falta de energia da concessionária,Baixa,48,,,Encerrado
3221,2025-12-10 03:55:15,2025-12-10 18:33:43,2025-12-10 21:20:48,277,4,7.0,Falha de equipamento,Módulo óptico (SFP/QSFP),Média,24,,,Encerrado
3222,2025-12-10 04:56:34,2025-12-12 00:33:09,2025-12-12 01:24:47,189,16,9.0,Queda de energia,Bateria do nobreak,Baixa,48,,,Encerrado
3223,2025-12-10 06:28:22,2025-12-10 14:29:11,2025-12-10 16:36:00,324,11,12.0,Queda de energia,Bateria do nobreak,Média,24,,,Encerrado
3224,2025-12-10 11:06:11,2025-12-11 02:20:40,2025-12-11 03:52:15,331,15,12.0,Queda de energia,Disjuntor,Média,24,,,Encerrado
3225,2025-12-10 11:34:58,2025-12-10 19:34:43,2025-12-10 22:35:35,168,2,16.0,Falha de equipamento,Módulo óptico (SFP/QSFP),Baixa,48,,,Encerrado
3226,2025-12-10 15:44:59,2025-12-10 18:00:38,2025-12-10 19:48:57,253,8,2.0,Atenuação alta,Curvatura excessiva,Alta,8,0.74,8.8,Encerrado
3227,2025-12-10 18:16:13,2025-12-10 19:09:58,2025-12-11 08:31:08,315,2,10.0,Rompimento de fibra,Roedores,Crítica,4,0.73,33.2,Encerrado
3228,2025-12-10 18:59:14,2025-12-10 20:06:47,2025-12-10 21:38:13,379,2,1.0,Furto/vandalismo de cabo,Vandalismo,Alta,8,4.18,36.6,Encerrado
3229,2025-12-10 19:05:03,2025-12-11 03:34:55,2025-12-11 05:51:19,384,7,11.0,Queda de energia,Disjuntor,Baixa,48,,,Encerrado
3230,2025-12-10 21:51:05,2025-12-10 23:43:07,2025-12-11 04:52:34,398,7,17.0,Atenuação alta,Emenda degradada,Alta,8,0.76,8.1,Encerrado
3231,2025-12-10 22:25:46,2025-12-10 23:16:08,2025-12-11 01:06:09,148,2,1.0,Rompimento de fibra,Roedores,Alta,8,3.0,32.5,Encerrado
3232,2025-12-11 01:14:13,2025-12-11 01:42:52,2025-12-11 05:18:23,16,4,10.0,Rompimento de fibra,Obra de terceiros,Crítica,4,9.64,35.7,Encerrado
3233,2025-12-11 02:26:44,2025-12-11 03:29:46,2025-12-11 11:53:44,207,4,4.0,Rompimento de fibra,Roedores,Crítica,4,1.48,19.9,Encerrado
3234,2025-12-11 05:50:12,2025-12-11 05:57:45,2025-12-11 17:07:05,67,10,8.0,Furto/vandalismo de cabo,Furto de cabo,Crítica,4,0.78,22.7,Encerrado
3235,2025-12-11 06:12:48,2025-12-11 15:15:43,2025-12-11 19:20:13,305,13,12.0,Falha de equipamento,Switch,Baixa,48,,,Encerrado
3236,2025-12-11 08:25:20,2025-12-12 12:37:22,2025-12-12 13:53:13,130,13,6.0,Queda de energia,Disjuntor,Baixa,48,,,Encerrado
3237,2025-12-11 11:01:03,2025-12-11 12:10:23,2025-12-11 14:20:40,351,15,9.0,Rompimento de fibra,Obra de terceiros,Alta,8,3.75,24.6,Encerrado
3238,2025-12-11 11:28:28,2025-12-11 13:51:29,2025-12-11 15:54:05,268,13,3.0,Furto/vandalismo de cabo,Furto de cabo,Alta,8,3.03,39.7,Encerrado
3239,2025-12-11 23:18:19,2025-12-12 11:17:25,2025-12-12 14:33:51,363,6,7.0,Atenuação alta,Umidade na caixa de emenda,Baixa,48,3.11,3.4,Encerrado
3240,2025-12-12 08:54:10,2025-12-13 15:33:24,2025-12-13 16:56:23,238,14,9.0,Atenuação alta,Umidade na caixa de emenda,Baixa,48,2.6,2.4,Encerrado
3241,2025-12-12 09:34:33,2025-12-12 09:43:02,2025-12-12 10:29:05,26,10,2.0,Queda de energia,Bateria do nobreak,Crítica,4,,,Encerrado
3242,2025-12-12 10:33:17,2025-12-12 11:11:27,2025-12-13 08:41:30,101,2,7.0,Rompimento de fibra,Roedores,Crítica,4,6.86,21.3,Encerrado
3243,2025-12-12 19:52:37,2025-12-12 20:15:59,2025-12-13 02:42:31,167,1,13.0,Rompimento de fibra,Obra de terceiros,Alta,8,2.43,31.4,Encerrado
3244,2025-12-13 00:25:06,2025-12-13 02:27:15,2025-12-13 05:03:09,366,13,18.0,Rompimento de fibra,Obra de terceiros,Alta,8,1.97,33.5,Encerrado
3245,2025-12-13 01:28:31,2025-12-13 04:26:51,2025-12-13 05:43:57,310,5,4.0,Queda de energia,Disjuntor,Média,24,,,Encerrado
3246,2025-12-13 05:05:04,2025-12-13 05:31:11,2025-12-13 08:37:25,194,3,13.0,Rompimento de fibra,Acidente de trânsito (poste),Crítica,4,4.86,38.0,Encerrado
3247,2025-12-13 07:05:53,2025-12-13 10:36:35,2025-12-13 14:38:36,212,8,11.0,Rompimento de fibra,Queda de árvore,Alta,8,2.64,24.6,Encerrado
3248,2025-12-13 09:52:21,2025-12-13 10:46:15,2025-12-13 13:17:41,47,9,14.0,Atenuação alta,Umidade na caixa de emenda,Crítica,4,4.01,8.0,Encerrado
3249,2025-12-13 20:03:11,2025-12-13 20:07:57,2025-12-13 21:47:22,285,16,18.0,Rompimento de fibra,Acidente de trânsito (poste),Crítica,4,8.12,39.1,Encerrado
3250,2025-12-14 00:14:40,2025-12-14 01:33:12,2025-12-14 06:49:42,157,12,6.0,Rompimento de fibra,Obra de terceiros,Crítica,4,7.73,39.9,Encerrado
3251,2025-12-14 05:51:37,2025-12-14 07:05:45,2025-12-14 10:38:45,3,14,9.0,Rompimento de fibra,Queda de árvore,Crítica,4,2.13,22.1,Encerrado
3252,2025-12-14 09:05:14,2025-12-14 18:37:50,2025-12-14 20:41:53,73,1,7.0,Falha de equipamento,Placa de interface,Média,24,,,Encerrado
3253,2025-12-14 10:24:46,2025-12-14 12:22:47,2025-12-14 16:40:23,291,5,16.0,Falha de equipamento,Fonte de alimentação,Alta,8,,,Encerrado
3254,2025-12-14 11:42:47,2025-12-15 01:16:22,2025-12-15 02:20:38,377,12,9.0,Queda de energia,Bateria do nobreak,Média,24,,,Encerrado
3255,2025-12-14 14:55:49,,,313,2,,Rompimento de fibra,,Alta,8,1.68,22.9,Cancelado
3256,2025-12-14 16:02:39,2025-12-14 18:20:25,2025-12-15 00:50:05,250,7,8.0,Atenuação alta,Umidade na caixa de emenda,Alta,8,2.48,3.6,Encerrado
3257,2025-12-14 17:15:52,2025-12-14 19:01:40,2025-12-14 20:02:56,177,8,2.0,Atenuação alta,Conector sujo,Média,24,6.57,1.8,Encerrado
3258,2025-12-14 20:00:05,2025-12-14 23:00:16,2025-12-15 00:28:38,283,14,12.0,Falha de equipamento,Placa de interface,Alta,8,,,Encerrado
3259,2025-12-14 22:43:39,2025-12-15 00:27:07,2025-12-15 03:14:12,20,16,12.0,Rompimento de fibra,Queda de árvore,Crítica,4,0.39,32.2,Encerrado
3260,2025-12-15 00:04:22,2025-12-15 01:42:38,2025-12-15 07:08:58,175,3,7.0,Rompimento de fibra,Obra de terceiros,Crítica,4,6.53,39.1,Encerrado
3261,2025-12-15 04:45:38,2025-12-15 05:33:02,2025-12-15 09:35:24,52,12,12.0,Rompimento de fibra,Acidente de trânsito (poste),Crítica,4,3.96,34.7,Encerrado
3262,2025-12-15 04:51:19,2025-12-15 10:36:15,2025-12-15 13:36:30,23,11,3.0,Queda de energia,Bateria do nobreak,Média,24,,,Encerrado
3263,2025-12-15 05:13:57,2025-12-15 05:43:12,2025-12-15 07:20:06,43,12,6.0,Rompimento de fibra,Obra de terceiros,Crítica,4,0.32,23.0,Encerrado
3264,2025-12-15 08:56:37,2025-12-15 09:17:49,2025-12-15 11:31:25,123,6,1.0,Queda de energia,Falta de energia da concessionária,Alta,8,,,Encerrado
3265,2025-12-15 09:10:48,2025-12-15 12:18:20,2025-12-15 17:25:09,14,2,7.0,Atenuação alta,Conector sujo,Alta,8,3.02,3.4,Encerrado
3266,2025-12-15 09:25:21,2025-12-15 21:01:19,2025-12-15 23:21:18,112,9,8.0,Queda de energia,Bateria do nobreak,Média,24,,,Encerrado
3267,2025-12-15 10:38:50,2025-12-16 00:53:16,2025-12-16 01:16:05,72,8,11.0,Configuração,Atualização de firmware,Média,24,,,Encerrado
3268,2025-12-15 12:45:50,2025-12-15 13:54:09,2025-12-15 14:23:37,104,3,16.0,Configuração,Erro de configuração,Crítica,4,,,Encerrado
3269,2025-12-15 13:50:23,2025-12-15 13:55:16,2025-12-15 19:01:35,260,15,18.0,Rompimento de fibra,Acidente de trânsito (poste),Crítica,4,2.23,28.7,Encerrado
3270,2025-12-15 13:50:27,2025-12-15 22:13:06,2025-12-15 22:59:06,11,6,1.0,Configuração,Erro de configuração,Média,24,,,Encerrado
3271,2025-12-15 14:18:51,2025-12-15 15:58:00,2025-12-15 18:07:31,174,1,13.0,Rompimento de fibra,Roedores,Alta,8,2.68,19.3,Encerrado
3272,2025-12-15 19:21:55,2025-12-15 22:40:06,2025-12-16 03:51:57,134,1,10.0,Rompimento de fibra,Acidente de trânsito (poste),Alta,8,2.79,21.9,Encerrado
3273,2025-12-15 19:24:07,2025-12-16 17:45:18,2025-12-16 21:28:42,206,10,5.0,Queda de energia,Disjuntor,Baixa,48,,,Encerrado
3274,2025-12-15 20:50:47,2025-12-16 04:01:13,2025-12-16 05:20:45,393,13,9.0,Atenuação alta,Curvatura excessiva,Média,24,8.14,2.3,Encerrado
3275,2025-12-15 21:41:09,2025-12-16 15:35:38,2025-12-16 16:40:03,201,1,13.0,Queda de energia,Disjuntor,Baixa,48,,,Encerrado
3276,2025-12-16 03:19:14,2025-12-16 03:56:38,2025-12-16 07:39:42,317,13,9.0,Atenuação alta,Emenda degradada,Média,24,2.41,6.2,Encerrado
3277,2025-12-16 04:59:26,2025-12-16 07:31:02,2025-12-16 13:00:52,141,14,6.0,Rompimento de fibra,Obra de terceiros,Alta,8,4.65,20.4,Encerrado
3278,2025-12-16 06:46:35,2025-12-16 08:07:36,2025-12-16 08:55:36,376,15,12.0,Queda de energia,Disjuntor,Alta,8,,,Encerrado
3279,2025-12-16 08:08:44,2025-12-16 09:01:24,2025-12-16 19:07:00,206,10,11.0,Rompimento de fibra,Obra de terceiros,Crítica,4,2.06,25.3,Encerrado
3280,2025-12-16 14:56:57,2025-12-16 19:28:16,2025-12-16 23:33:46,314,2,7.0,Falha de equipamento,Módulo óptico (SFP/QSFP),Média,24,,,Encerrado
3281,2025-12-16 15:46:36,2025-12-17 00:17:39,2025-12-17 00:32:24,324,11,9.0,Configuração,Atualização de firmware,Média,24,,,Encerrado
3282,2025-12-17 04:04:45,2025-12-17 10:23:42,2025-12-17 12:13:04,20,16,9.0,Queda de energia,Disjuntor,Alta,8,,,Encerrado
3283,2025-12-17 12:20:33,2025-12-17 13:04:14,2025-12-17 16:51:01,67,10,14.0,Queda de energia,Falta de energia da concessionária,Média,24,,,Encerrado
3284,2025-12-17 13:53:40,2025-12-17 14:22:02,2025-12-17 20:59:21,48,6,13.0,Rompimento de fibra,Roedores,Crítica,4,0.18,22.2,Encerrado
3285,2025-12-17 16:11:16,2025-12-17 17:13:33,2025-12-17 19:03:48,19,8,17.0,Queda de energia,Disjuntor,Alta,8,,,Encerrado
3286,2025-12-17 23:12:28,2025-12-17 23:28:34,2025-12-18 05:39:21,342,1,16.0,Rompimento de fibra,Obra de terceiros,Crítica,4,0.99,20.3,Encerrado
3287,2025-12-18 01:19:08,2025-12-18 03:48:51,2025-12-18 05:33:00,149,8,5.0,Rompimento de fibra,Acidente de trânsito (poste),Alta,8,4.75,22.5,Encerrado
3288,2025-12-18 03:20:11,2025-12-18 04:18:36,2025-12-18 08:41:42,107,6,10.0,Rompimento de fibra,Roedores,Crítica,4,4.73,22.7,Encerrado
3289,2025-12-18 05:58:19,2025-12-18 07:35:18,2025-12-18 07:59:24,81,10,17.0,Configuração,Erro de configuração,Crítica,4,,,Encerrado
3290,2025-12-18 06:07:27,2025-12-18 06:30:45,2025-12-18 10:53:18,55,7,8.0,Furto/vandalismo de cabo,Furto de cabo,Crítica,4,1.91,28.0,Encerrado
3291,2025-12-18 07:06:51,2025-12-18 10:38:37,2025-12-18 11:55:07,232,10,8.0,Falha de equipamento,Placa de interface,Média,24,,,Encerrado
3292,2025-12-18 09:02:57,2025-12-18 14:46:18,2025-12-18 18:15:28,299,13,6.0,Atenuação alta,Umidade na caixa de emenda,Média,24,10.79,7.1,Encerrado
3293,2025-12-18 11:17:24,2025-12-18 12:21:53,2025-12-18 15:12:44,7,6,1.0,Atenuação alta,Umidade na caixa de emenda,Alta,8,2.07,5.4,Encerrado
3294,2025-12-18 12:54:53,2025-12-18 13:17:09,2025-12-18 17:35:22,71,11,12.0,Atenuação alta,Conector sujo,Alta,8,5.38,6.2,Encerrado
3295,2025-12-18 17:56:16,2025-12-18 20:23:57,2025-12-18 23:43:34,319,16,15.0,Furto/vandalismo de cabo,Vandalismo,Alta,8,6.7,18.1,Encerrado
3296,2025-12-18 21:26:47,2025-12-19 06:18:22,2025-12-19 07:00:52,215,10,2.0,Atenuação alta,Conector sujo,Baixa,48,0.47,4.5,Encerrado
3297,2025-12-19 14:21:33,2025-12-19 15:25:43,2025-12-19 19:32:52,311,6,10.0,Rompimento de fibra,Acidente de trânsito (poste),Alta,8,0.54,31.5,Encerrado
3298,2025-12-19 17:14:53,2025-12-19 20:58:47,2025-12-19 23:33:59,17,2,7.0,Queda de energia,Disjuntor,Média,24,,,Encerrado
3299,2025-12-19 18:17:12,2025-12-19 20:56:41,2025-12-19 21:47:42,160,2,16.0,Configuração,Atualização de firmware,Alta,8,,,Encerrado
3300,2025-12-19 22:10:12,2025-12-19 22:18:55,2025-12-20 00:34:19,160,2,10.0,Rompimento de fibra,Roedores,Crítica,4,10.95,22.3,Encerrado
3301,2025-12-19 23:04:11,2025-12-20 01:12:10,2025-12-20 11:44:29,348,11,9.0,Rompimento de fibra,Acidente de trânsito (poste),Alta,8,10.42,36.9,Encerrado
3302,2025-12-20 02:48:09,2025-12-20 04:25:06,2025-12-20 09:11:15,322,11,6.0,Rompimento de fibra,Queda de árvore,Crítica,4,3.22,37.5,Encerrado
3303,2025-12-20 05:42:37,2025-12-21 08:24:51,2025-12-21 09:11:27,314,1,16.0,Queda de energia,Disjuntor,Baixa,48,,,Encerrado
3304,2025-12-20 14:47:50,2025-12-20 16:17:40,2025-12-21 00:15:20,177,9,2.0,Rompimento de fibra,Queda de árvore,Alta,8,12.91,36.1,Encerrado
3305,2025-12-21 01:15:22,2025-12-21 02:53:53,2025-12-21 09:02:34,370,2,7.0,Atenuação alta,Emenda degradada,Alta,8,0.22,4.3,Encerrado
3306,2025-12-21 03:19:29,2025-12-21 03:35:02,2025-12-21 12:43:39,72,8,8.0,Furto/vandalismo de cabo,Furto de cabo,Crítica,4,6.51,22.4,Encerrado
3307,2025-12-21 03:24:56,2025-12-21 05:44:27,2025-12-21 11:17:55,148,2,4.0,Rompimento de fibra,Obra de terceiros,Crítica,4,11.7,32.6,Encerrado
3308,2025-12-21 03:49:09,2025-12-21 09:05:07,2025-12-21 10:34:25,27,4,16.0,Falha de equipamento,Módulo óptico (SFP/QSFP),Média,24,,,Encerrado
3309,2025-12-21 05:54:11,2025-12-21 09:30:46,2025-12-21 10:19:40,109,4,16.0,Falha de equipamento,Switch,Alta,8,,,Encerrado
3310,2025-12-21 11:50:54,2025-12-21 17:11:57,2025-12-21 18:30:39,224,4,13.0,Falha de equipamento,Switch,Alta,8,,,Encerrado
3311,2025-12-21 11:54:12,2025-12-21 13:25:00,2025-12-21 14:54:08,222,5,7.0,Atenuação alta,Emenda degradada,Alta,8,6.83,8.7,Encerrado
3312,2025-12-21 12:11:43,2025-12-21 12:14:02,2025-12-21 19:40:44,36,7,14.0,Rompimento de fibra,Roedores,Crítica,4,7.25,36.3,Encerrado
3313,2025-12-21 12:24:15,2025-12-21 14:34:42,2025-12-21 17:30:30,103,3,1.0,Rompimento de fibra,Obra de terceiros,Crítica,4,1.23,18.8,Encerrado
3314,2025-12-21 12:29:55,2025-12-21 13:21:48,2025-12-21 16:05:10,396,2,1.0,Rompimento de fibra,Obra de terceiros,Alta,8,3.17,39.9,Encerrado
3315,2025-12-21 15:49:46,2025-12-21 16:04:41,2025-12-21 19:48:24,100,4,7.0,Rompimento de fibra,Roedores,Crítica,4,2.32,26.2,Encerrado
3316,2025-12-21 17:04:35,2025-12-21 17:21:55,2025-12-21 19:50:36,44,2,16.0,Atenuação alta,Curvatura excessiva,Alta,8,12.59,5.1,Encerrado
3317,2025-12-21 20:14:20,2025-12-22 16:24:26,2025-12-22 17:25:53,377,11,15.0,Queda de energia,Bateria do nobreak,Baixa,48,,,Encerrado
3318,2025-12-22 00:25:49,2025-12-22 02:29:37,2025-12-22 04:47:47,234,8,17.0,Furto/vandalismo de cabo,Vandalismo,Crítica,4,6.74,18.4,Encerrado
3319,2025-12-22 03:59:08,2025-12-22 04:35:45,2025-12-22 08:11:17,74,5,1.0,Rompimento de fibra,Queda de árvore,Crítica,4,4.03,22.2,Encerrado
3320,2025-12-22 11:26:04,2025-12-22 14:10:59,2025-12-22 15:37:36,372,15,6.0,Queda de energia,Bateria do nobreak,Média,24,,,Encerrado
3321,2025-12-22 22:38:11,2025-12-23 00:33:16,2025-12-23 06:12:04,101,1,13.0,Furto/vandalismo de cabo,Furto de cabo,Crítica,4,14.74,31.9,Encerrado
3322,2025-12-22 23:32:28,2025-12-23 18:17:59,2025-12-23 20:16:57,369,4,1.0,Queda de energia,Falta de energia da concessionária,Baixa,48,,,Encerrado
3323,2025-12-23 00:04:49,2025-12-23 12:23:15,2025-12-23 13:20:23,175,4,10.0,Falha de equipamento,Switch,Média,24,,,Encerrado
3324,2025-12-23 00:47:06,,,140,16,,Falha de equipamento,,Baixa,48,,,Cancelado
3325,2025-12-23 04:14:37,2025-12-23 16:02:28,2025-12-23 17:14:40,333,12,9.0,Falha de equipamento,Módulo óptico (SFP/QSFP),Média,24,,,Encerrado
3326,2025-12-23 10:47:09,2025-12-23 11:26:11,2025-12-23 11:46:19,53,13,6.0,Configuração,Erro de configuração,Crítica,4,,,Encerrado
3327,2025-12-23 10:50:30,2025-12-23 15:04:53,2025-12-23 19:11:07,348,11,6.0,Atenuação alta,Curvatura excessiva,Média,24,3.78,5.7,Encerrado
3328,2025-12-24 00:36:12,2025-12-25 14:06:18,2025-12-25 14:33:14,257,16,18.0,Falha de equipamento,Módulo óptico (SFP/QSFP),Baixa,48,,,Encerrado
3329,2025-12-24 01:50:43,2025-12-24 02:21:54,2025-12-24 07:47:45,54,11,3.0,Furto/vandalismo de cabo,Furto de cabo,Crítica,4,2.99,33.1,Encerrado
3330,2025-12-24 04:09:07,2025-12-24 05:05:54,2025-12-24 05:23:53,156,5,4.0,Configuração,Atualização de firmware,Alta,8,,,Encerrado
3331,2025-12-24 04:54:54,2025-12-24 05:35:36,2025-12-24 10:21:12,52,12,18.0,Rompimento de fibra,Obra de terceiros,Crítica,4,0.76,27.0,Encerrado
3332,2025-12-24 06:03:17,2025-12-24 06:10:21,2025-12-24 06:59:28,36,7,5.0,Atenuação alta,Umidade na caixa de emenda,Crítica,4,7.15,4.7,Encerrado
3333,2025-12-24 07:28:39,2025-12-24 11:40:03,2025-12-24 16:36:11,381,9,17.0,Atenuação alta,Umidade na caixa de emenda,Média,24,4.84,5.5,Encerrado
3334,2025-12-24 10:46:44,2025-12-24 12:21:58,2025-12-24 14:31:41,254,16,6.0,Rompimento de fibra,Queda de árvore,Alta,8,1.22,25.1,Encerrado
3335,2025-12-24 14:46:22,2025-12-24 16:14:48,2025-12-24 17:44:37,352,1,7.0,Configuração,Erro de configuração,Alta,8,,,Encerrado
3336,2025-12-24 16:03:25,2025-12-24 19:00:05,2025-12-24 22:05:06,227,13,15.0,Atenuação alta,Conector sujo,Média,24,0.26,4.2,Encerrado
3337,2025-12-24 16:37:34,2025-12-24 20:56:47,2025-12-24 23:36:57,396,2,10.0,Queda de energia,Disjuntor,Média,24,,,Encerrado
3338,2025-12-24 19:20:14,2025-12-25 23:52:19,2025-12-26 05:53:56,199,3,4.0,Falha de equipamento,Switch,Baixa,48,,,Encerrado
3339,2025-12-25 00:47:41,2025-12-25 07:55:15,2025-12-25 10:15:36,394,11,18.0,Queda de energia,Disjuntor,Média,24,,,Encerrado
3340,2025-12-25 05:23:36,2025-12-25 07:04:50,2025-12-25 12:08:06,372,15,6.0,Atenuação alta,Curvatura excessiva,Média,24,1.26,3.1,Encerrado
3341,2025-12-25 06:22:54,2025-12-25 06:26:38,2025-12-25 11:07:57,273,5,16.0,Rompimento de fibra,Acidente de trânsito (poste),Alta,8,5.42,26.1,Encerrado
3342,2025-12-25 06:29:50,2025-12-25 08:49:47,2025-12-25 09:39:27,66,7,17.0,Queda de energia,Falta de energia da concessionária,Alta,8,,,Encerrado
3343,2025-12-25 07:21:16,2025-12-25 08:43:21,2025-12-25 10:05:16,2,11,18.0,Queda de energia,Bateria do nobreak,Alta,8,,,Encerrado
3344,2025-12-25 08:41:17,2025-12-25 09:41:06,2025-12-25 16:35:46,19,7,17.0,Rompimento de fibra,Obra de terceiros,Crítica,4,3.25,18.6,Encerrado
3345,2025-12-25 08:59:11,2025-12-25 09:03:52,2025-12-25 13:30:48,76,12,12.0,Rompimento de fibra,Obra de terceiros,Crítica,4,2.4,23.8,Encerrado
3346,2025-12-25 11:53:38,2025-12-25 14:36:49,2025-12-26 03:01:12,238,15,15.0,Rompimento de fibra,Acidente de trânsito (poste),Alta,8,0.77,34.0,Encerrado
3347,2025-12-25 12:14:05,2025-12-25 23:44:38,2025-12-26 01:41:19,385,6,7.0,Queda de energia,Disjuntor,Média,24,,,Encerrado
3348,2025-12-25 15:09:46,2025-12-25 20:43:58,2025-12-25 23:50:50,106,13,3.0,Atenuação alta,Curvatura excessiva,Média,24,6.09,2.6,Encerrado
3349,2025-12-25 15:56:54,2025-12-25 17:24:42,2025-12-25 19:23:23,71,11,6.0,Queda de energia,Bateria do nobreak,Crítica,4,,,Encerrado
3350,2025-12-25 16:11:03,2025-12-25 16:23:37,2025-12-25 23:13:13,209,15,15.0,Rompimento de fibra,Acidente de trânsito (poste),Crítica,4,6.38,24.1,Encerrado
3351,2025-12-25 19:07:28,2025-12-25 20:07:43,2025-12-25 21:37:38,44,2,7.0,Falha de equipamento,Módulo óptico (SFP/QSFP),Crítica,4,,,Encerrado
3352,2025-12-25 22:43:35,2025-12-26 06:41:29,2025-12-26 06:54:22,210,2,13.0,Configuração,Erro de configuração,Média,24,,,Encerrado
3353,2025-12-25 22:50:20,2025-12-26 18:17:05,2025-12-26 20:14:29,140,16,12.0,Atenuação alta,Emenda degradada,Média,24,4.11,6.3,Encerrado
3354,2025-12-25 23:32:38,2025-12-26 01:44:20,2025-12-26 09:04:36,88,10,2.0,Falha de equipamento,Fonte de alimentação,Média,24,,,Encerrado
3355,2025-12-26 05:36:58,2025-12-26 06:25:55,2025-12-26 09:08:51,237,10,11.0,Falha de equipamento,Switch,Alta,8,,,Encerrado
3356,2025-12-26 11:53:42,2025-12-26 17:36:25,2025-12-26 19:31:51,213,9,2.0,Queda de energia,Falta de energia da concessionária,Média,24,,,Encerrado
3357,2025-12-26 12:32:37,2025-12-27 03:41:15,2025-12-27 08:50:47,230,13,18.0,Atenuação alta,Curvatura excessiva,Baixa,48,4.09,6.3,Encerrado
3358,2025-12-26 13:55:10,2025-12-27 02:07:47,2025-12-27 03:40:07,205,14,9.0,Falha de equipamento,Switch,Baixa,48,,,Encerrado
3359,2025-12-26 15:25:43,2025-12-27 03:55:52,2025-12-27 07:47:13,34,16,15.0,Atenuação alta,Emenda degradada,Média,24,1.32,3.3,Encerrado
3360,2025-12-26 15:57:36,2025-12-27 02:38:22,2025-12-27 04:15:04,150,8,17.0,Falha de equipamento,Fonte de alimentação,Média,24,,,Encerrado
3361,2025-12-26 19:10:08,2025-12-26 20:17:09,2025-12-26 20:58:11,379,2,13.0,Rompimento de fibra,Obra de terceiros,Alta,8,11.78,33.0,Encerrado
3362,2025-12-27 00:44:50,2025-12-27 01:50:34,2025-12-27 02:43:20,273,5,1.0,Falha de equipamento,Switch,Alta,8,,,Encerrado
3363,2025-12-27 07:37:01,,,40,14,,Falha de equipamento,,Alta,8,,,Cancelado
3364,2025-12-27 10:04:17,2025-12-27 14:45:46,2025-12-27 16:11:20,395,10,5.0,Queda de energia,Falta de energia da concessionária,Média,24,,,Encerrado
3365,2025-12-27 11:05:55,2025-12-27 11:16:01,2025-12-27 18:51:03,182,11,6.0,Rompimento de fibra,Queda de árvore,Crítica,4,1.13,20.7,Encerrado
3366,2025-12-27 12:48:45,2025-12-27 22:44:19,2025-12-28 02:05:36,288,10,11.0,Atenuação alta,Emenda degradada,Média,24,8.05,8.3,Encerrado
3367,2025-12-27 12:49:02,2025-12-27 14:57:25,2025-12-27 18:43:13,19,8,2.0,Atenuação alta,Emenda degradada,Alta,8,3.79,3.8,Encerrado
3368,2025-12-27 13:02:35,2025-12-27 20:21:43,2025-12-28 02:05:35,316,13,18.0,Rompimento de fibra,Roedores,Alta,8,5.65,31.0,Encerrado
3369,2025-12-27 14:29:57,2025-12-27 16:05:23,2025-12-27 16:58:53,220,6,1.0,Rompimento de fibra,Obra de terceiros,Alta,8,8.23,38.6,Encerrado
3370,2025-12-27 20:13:49,2025-12-28 06:49:07,2025-12-28 08:08:48,138,12,18.0,Atenuação alta,Curvatura excessiva,Média,24,3.76,7.3,Encerrado
3371,2025-12-27 20:40:01,2025-12-28 01:57:44,2025-12-28 03:05:40,293,16,12.0,Falha de equipamento,Módulo óptico (SFP/QSFP),Média,24,,,Encerrado
3372,2025-12-27 23:33:08,2025-12-28 01:12:59,2025-12-28 06:10:26,277,4,10.0,Rompimento de fibra,Obra de terceiros,Alta,8,9.95,18.6,Encerrado
3373,2025-12-28 02:51:02,2025-12-29 00:17:19,2025-12-29 00:47:35,154,10,5.0,Configuração,Atualização de firmware,Média,24,,,Encerrado
3374,2025-12-28 03:59:50,2025-12-28 09:17:17,2025-12-28 11:09:08,253,8,17.0,Atenuação alta,Curvatura excessiva,Média,24,1.37,5.6,Encerrado
3375,2025-12-28 04:48:51,2025-12-28 06:32:09,2025-12-28 18:23:57,250,9,2.0,Rompimento de fibra,Acidente de trânsito (poste),Crítica,4,9.27,39.4,Encerrado
3376,2025-12-28 07:07:21,2025-12-28 10:37:20,2025-12-28 18:58:01,205,14,12.0,Rompimento de fibra,Acidente de trânsito (poste),Crítica,4,3.53,34.2,Encerrado
3377,2025-12-28 10:32:01,2025-12-28 18:38:25,2025-12-28 20:28:59,194,3,1.0,Atenuação alta,Conector sujo,Média,24,9.59,8.3,Encerrado
3378,2025-12-28 11:18:12,2025-12-28 13:04:37,2025-12-28 16:21:12,251,3,16.0,Rompimento de fibra,Queda de árvore,Crítica,4,6.17,25.1,Encerrado
3379,2025-12-28 12:22:31,2025-12-28 19:38:23,2025-12-28 22:41:56,125,13,12.0,Atenuação alta,Conector sujo,Média,24,2.46,3.9,Encerrado
3380,2025-12-28 14:38:37,2025-12-28 18:25:30,2025-12-28 19:06:42,168,2,16.0,Queda de energia,Falta de energia da concessionária,Alta,8,,,Encerrado
3381,2025-12-28 15:26:49,2025-12-28 21:06:16,2025-12-28 22:32:12,398,7,14.0,Falha de equipamento,Módulo óptico (SFP/QSFP),Média,24,,,Encerrado
3382,2025-12-28 16:23:49,2025-12-28 16:49:53,2025-12-28 19:30:06,375,2,13.0,Furto/vandalismo de cabo,Vandalismo,Crítica,4,0.69,29.2,Encerrado
3383,2025-12-28 17:46:17,2025-12-28 18:18:45,2025-12-28 20:44:28,212,7,14.0,Rompimento de fibra,Queda de árvore,Crítica,4,2.38,32.5,Encerrado
3384,2025-12-28 20:44:04,2025-12-28 22:20:04,2025-12-29 00:33:35,263,16,3.0,Rompimento de fibra,Obra de terceiros,Crítica,4,1.71,31.4,Encerrado
3385,2025-12-28 22:57:02,2025-12-29 02:48:40,2025-12-29 04:21:24,46,11,6.0,Configuração,Atualização de firmware,Alta,8,,,Encerrado
3386,2025-12-29 00:58:27,2025-12-29 02:09:32,2025-12-29 08:08:51,37,1,10.0,Furto/vandalismo de cabo,Furto de cabo,Crítica,4,3.46,19.4,Encerrado
3387,2025-12-29 04:24:57,2025-12-30 01:08:53,2025-12-30 04:35:51,249,4,13.0,Falha de equipamento,Módulo óptico (SFP/QSFP),Média,24,,,Encerrado
3388,2025-12-29 05:12:12,2025-12-29 05:57:30,2025-12-29 08:46:13,114,2,13.0,Atenuação alta,Emenda degradada,Alta,8,12.17,5.5,Encerrado
3389,2025-12-29 07:13:05,2025-12-29 08:06:42,2025-12-29 12:13:17,269,15,18.0,Rompimento de fibra,Queda de árvore,Alta,8,8.15,18.5,Encerrado
3390,2025-12-29 14:02:31,2025-12-29 14:19:19,2025-12-29 17:04:35,25,8,8.0,Rompimento de fibra,Roedores,Crítica,4,2.74,27.7,Encerrado
3391,2025-12-29 20:13:07,2025-12-29 21:55:04,2025-12-29 23:53:11,301,14,3.0,Rompimento de fibra,Obra de terceiros,Crítica,4,9.86,38.0,Encerrado
3392,2025-12-29 20:34:51,2025-12-30 07:39:15,2025-12-30 09:14:34,112,9,14.0,Configuração,Atualização de firmware,Média,24,,,Encerrado
3393,2025-12-29 23:18:12,2025-12-29 23:21:45,2025-12-30 02:40:59,47,7,17.0,Atenuação alta,Conector sujo,Crítica,4,2.1,8.9,Encerrado
3394,2025-12-30 01:30:12,2025-12-30 03:42:24,2025-12-30 04:47:08,273,5,13.0,Falha de equipamento,Módulo óptico (SFP/QSFP),Alta,8,,,Encerrado
3395,2025-12-30 05:26:12,2025-12-30 05:40:55,2025-12-30 11:35:06,250,9,8.0,Rompimento de fibra,Obra de terceiros,Crítica,4,1.72,30.8,Encerrado
3396,2025-12-30 07:09:52,2025-12-30 08:26:22,2025-12-30 12:03:53,251,3,13.0,Rompimento de fibra,Roedores,Alta,8,6.23,29.0,Encerrado
3397,2025-12-30 08:51:18,2025-12-30 09:36:33,2025-12-30 17:24:11,66,7,2.0,Rompimento de fibra,Roedores,Crítica,4,4.5,25.4,Encerrado
3398,2025-12-30 13:10:28,2025-12-30 14:21:25,2025-12-30 15:40:29,192,1,10.0,Queda de energia,Disjuntor,Média,24,,,Encerrado
3399,2025-12-30 13:17:20,2025-12-30 14:27:08,2025-12-30 15:49:55,49,3,10.0,Atenuação alta,Curvatura excessiva,Alta,8,1.87,2.6,Encerrado
3400,2025-12-30 16:24:16,2025-12-31 11:38:06,2025-12-31 12:11:04,362,16,12.0,Queda de energia,Disjuntor,Média,24,,,Encerrado
3401,2025-12-30 18:49:49,2025-12-30 22:15:31,2025-12-31 03:07:38,354,8,2.0,Rompimento de fibra,Acidente de trânsito (poste),Alta,8,1.88,27.2,Encerrado
3402,2025-12-30 23:31:42,,,136,5,,Rompimento de fibra,,Alta,8,9.52,39.6,Cancelado
3403,2025-12-31 01:08:47,2025-12-31 06:09:52,2025-12-31 11:39:26,240,9,5.0,Atenuação alta,Curvatura excessiva,Média,24,3.95,3.0,Encerrado
3404,2025-12-31 06:41:08,2025-12-31 12:57:08,2025-12-31 17:34:31,247,4,16.0,Falha de equipamento,Módulo óptico (SFP/QSFP),Média,24,,,Encerrado
3405,2025-12-31 10:14:42,2025-12-31 18:58:54,2025-12-31 19:47:50,363,6,10.0,Configuração,Erro de configuração,Média,24,,,Encerrado
3406,2025-12-31 14:13:54,2025-12-31 20:50:31,2025-12-31 21:50:21,253,9,11.0,Queda de energia,Disjuntor,Média,24,,,Encerrado
3407,2025-12-31 16:05:15,2025-12-31 18:52:24,2025-12-31 19:49:54,173,11,18.0,Queda de energia,Bateria do nobreak,Média,24,,,Encerrado
3408,2025-12-31 21:46:22,2026-01-02 07:14:44,2026-01-02 08:39:09,172,16,18.0,Atenuação alta,Umidade na caixa de emenda,Baixa,48,1.71,8.7,Encerrado
3409,2025-12-31 23:13:54,2026-01-01 00:01:38,2026-01-01 11:14:20,61,14,6.0,Rompimento de fibra,Queda de árvore,Crítica,4,0.72,24.3,Encerrado
3410,2026-01-01 00:04:54,2026-01-01 13:02:57,2026-01-01 18:10:07,382,14,9.0,Atenuação alta,Curvatura excessiva,Média,24,2.41,7.7,Encerrado
3411,2026-01-01 02:20:11,2026-01-01 08:31:55,2026-01-01 09:06:56,333,11,12.0,Falha de equipamento,Switch,Média,24,,,Encerrado
3412,2026-01-01 03:27:29,2026-01-01 08:55:23,2026-01-01 12:01:45,133,4,1.0,Rompimento de fibra,Acidente de trânsito (poste),Alta,8,1.04,39.4,Encerrado
3413,2026-01-01 06:26:11,2026-01-01 06:49:30,2026-01-01 10:51:06,23,12,9.0,Rompimento de fibra,Acidente de trânsito (poste),Crítica,4,2.69,37.3,Encerrado
3414,2026-01-01 06:40:26,2026-01-01 07:40:33,2026-01-01 08:49:39,144,15,15.0,Rompimento de fibra,Acidente de trânsito (poste),Crítica,4,4.67,20.2,Encerrado
3415,2026-01-01 09:15:45,,,368,5,,Atenuação alta,,Alta,8,2.61,3.7,Cancelado
3416,2026-01-01 10:50:16,2026-01-01 22:34:07,2026-01-02 02:19:30,160,2,4.0,Atenuação alta,Conector sujo,Baixa,48,9.45,6.5,Encerrado
3417,2026-01-01 13:17:07,2026-01-01 13:39:36,2026-01-01 17:46:06,79,9,14.0,Rompimento de fibra,Roedores,Crítica,4,1.42,33.1,Encerrado
3418,2026-01-01 15:36:13,2026-01-02 02:07:22,2026-01-02 04:08:03,235,11,6.0,Atenuação alta,Emenda degradada,Média,24,7.66,1.8,Encerrado
3419,2026-01-01 16:04:33,2026-01-01 17:29:47,2026-01-01 20:10:37,116,12,9.0,Rompimento de fibra,Obra de terceiros,Crítica,4,5.4,29.5,Encerrado
3420,2026-01-01 22:55:08,2026-01-01 23:33:12,2026-01-02 02:50:43,250,8,2.0,Rompimento de fibra,Obra de terceiros,Crítica,4,12.25,28.2,Encerrado
3421,2026-01-01 23:16:53,2026-01-02 01:03:25,2026-01-02 04:13:10,138,12,12.0,Rompimento de fibra,Acidente de trânsito (poste),Crítica,4,3.67,29.7,Encerrado
3422,2026-01-02 02:03:12,2026-01-02 02:10:42,2026-01-02 08:42:38,191,7,2.0,Furto/vandalismo de cabo,Furto de cabo,Crítica,4,0.93,36.9,Encerrado
3423,2026-01-02 02:51:36,2026-01-04 17:58:27,2026-01-04 18:46:03,188,14,3.0,Queda de energia,Disjuntor,Baixa,48,,,Encerrado
3424,2026-01-02 06:17:15,2026-01-02 06:55:06,2026-01-02 10:47:21,255,3,7.0,Furto/vandalismo de cabo,Vandalismo,Crítica,4,3.97,29.3,Encerrado
3425,2026-01-02 11:50:22,2026-01-03 02:24:35,2026-01-03 02:59:55,335,1,13.0,Configuração,Atualização de firmware,Baixa,48,,,Encerrado
3426,2026-01-02 13:09:48,2026-01-02 14:49:04,2026-01-02 16:13:16,16,3,1.0,Configuração,Atualização de firmware,Alta,8,,,Encerrado
3427,2026-01-02 16:00:11,2026-01-02 17:49:25,2026-01-02 21:08:12,76,12,6.0,Falha de equipamento,Módulo óptico (SFP/QSFP),Alta,8,,,Encerrado
3428,2026-01-02 17:39:36,2026-01-03 04:53:00,2026-01-03 06:17:57,84,12,3.0,Atenuação alta,Conector sujo,Média,24,4.14,5.2,Encerrado
3429,2026-01-02 21:35:34,2026-01-02 21:38:51,2026-01-03 00:05:22,59,6,10.0,Falha de equipamento,Módulo óptico (SFP/QSFP),Crítica,4,,,Encerrado
3430,2026-01-02 22:54:47,2026-01-03 03:19:08,2026-01-03 05:05:08,169,11,6.0,Atenuação alta,Curvatura excessiva,Média,24,1.09,4.4,Encerrado
3431,2026-01-02 23:07:27,2026-01-03 01:03:24,2026-01-03 04:30:06,103,3,1.0,Rompimento de fibra,Obra de terceiros,Crítica,4,6.75,22.7,Encerrado
3432,2026-01-02 23:27:39,2026-01-03 02:15:51,2026-01-03 07:33:27,25,8,17.0,Furto/vandalismo de cabo,Vandalismo,Crítica,4,8.64,24.2,Encerrado
3433,2026-01-03 00:22:33,2026-01-03 14:39:47,2026-01-03 20:10:59,132,4,1.0,Atenuação alta,Conector sujo,Média,24,2.88,4.0,Encerrado
3434,2026-01-03 01:19:28,2026-01-03 10:31:22,2026-01-03 13:01:39,188,14,15.0,Falha de equipamento,Fonte de alimentação,Média,24,,,Encerrado
3435,2026-01-03 02:10:20,2026-01-03 04:24:24,2026-01-03 08:35:13,253,8,17.0,Furto/vandalismo de cabo,Furto de cabo,Alta,8,2.31,22.7,Encerrado
3436,2026-01-03 03:44:41,2026-01-03 09:41:52,2026-01-03 13:38:22,311,6,4.0,Queda de energia,Bateria do nobreak,Baixa,48,,,Encerrado
3437,2026-01-03 05:14:57,2026-01-03 06:22:11,2026-01-03 07:47:01,255,4,16.0,Falha de equipamento,Switch,Alta,8,,,Encerrado
3438,2026-01-03 08:23:06,2026-01-03 09:03:31,2026-01-03 20:23:49,207,3,16.0,Furto/vandalismo de cabo,Furto de cabo,Crítica,4,6.55,25.1,Encerrado
3439,2026-01-03 09:54:16,2026-01-03 13:25:18,2026-01-03 14:46:22,17,1,7.0,Configuração,Erro de configuração,Alta,8,,,Encerrado
3440,2026-01-03 10:34:28,2026-01-03 11:05:05,2026-01-03 14:12:24,373,16,12.0,Rompimento de fibra,Acidente de trânsito (poste),Crítica,4,0.58,25.5,Encerrado
3441,2026-01-03 13:20:17,2026-01-03 14:38:07,2026-01-03 22:32:18,300,10,8.0,Rompimento de fibra,Queda de árvore,Alta,8,3.05,37.9,Encerrado
3442,2026-01-03 19:40:10,2026-01-03 22:07:18,2026-01-03 23:21:13,149,8,8.0,Queda de energia,Falta de energia da concessionária,Alta,8,,,Encerrado
3443,2026-01-04 04:28:40,2026-01-04 10:26:49,2026-01-04 13:16:51,150,7,8.0,Queda de energia,Disjuntor,Média,24,,,Encerrado
3444,2026-01-04 05:51:18,,,389,4,,Rompimento de fibra,,Alta,8,8.05,32.9,Cancelado
3445,2026-01-04 09:01:46,2026-01-04 15:14:12,2026-01-04 19:19:46,298,5,1.0,Rompimento de fibra,Obra de terceiros,Alta,8,7.0,35.4,Encerrado
3446,2026-01-04 13:53:45,,,100,4,,Rompimento de fibra,,Crítica,4,7.05,25.4,Cancelado
3447,2026-01-04 15:48:40,2026-01-04 18:27:09,2026-01-04 20:32:31,378,10,11.0,Rompimento de fibra,Acidente de trânsito (poste),Crítica,4,4.0,27.7,Encerrado
3448,2026-01-04 17:54:21,2026-01-04 19:28:45,2026-01-05 01:00:50,274,14,15.0,Rompimento de fibra,Acidente de trânsito (poste),Alta,8,1.69,37.8,Encerrado
3449,2026-01-04 23:54:09,2026-01-05 02:57:14,2026-01-05 06:37:51,66,8,11.0,Furto/vandalismo de cabo,Furto de cabo,Crítica,4,5.19,21.8,Encerrado
3450,2026-01-05 12:53:05,2026-01-05 17:21:59,2026-01-05 19:28:57,343,16,3.0,Rompimento de fibra,Acidente de trânsito (poste),Alta,8,1.43,36.6,Encerrado
3451,2026-01-05 14:33:37,2026-01-05 15:16:14,2026-01-05 19:23:27,108,4,16.0,Falha de equipamento,Fonte de alimentação,Alta,8,,,Encerrado
3452,2026-01-05 15:02:51,2026-01-05 15:34:25,2026-01-05 17:06:59,94,8,11.0,Queda de energia,Disjuntor,Alta,8,,,Encerrado
3453,2026-01-05 16:55:09,2026-01-06 01:37:09,2026-01-06 03:03:16,307,13,12.0,Atenuação alta,Curvatura excessiva,Média,24,9.05,7.2,Encerrado
3454,2026-01-05 19:38:41,,,132,3,,Rompimento de fibra,,Alta,8,1.04,22.8,Cancelado
3455,2026-01-05 21:35:45,2026-01-05 22:13:55,2026-01-06 03:34:34,7,6,13.0,Furto/vandalismo de cabo,Vandalismo,Crítica,4,2.87,20.4,Encerrado
3456,2026-01-06 00:02:46,2026-01-06 00:56:28,2026-01-06 02:22:47,146,14,9.0,Rompimento de fibra,Roedores,Alta,8,3.24,21.4,Encerrado
3457,2026-01-06 02:30:28,2026-01-06 08:33:00,2026-01-06 08:42:52,249,3,1.0,Rompimento de fibra,Queda de árvore,Alta,8,1.1,29.2,Encerrado
3458,2026-01-06 02:44:58,2026-01-06 04:29:18,2026-01-06 11:36:21,245,5,7.0,Rompimento de fibra,Obra de terceiros,Crítica,4,5.04,26.0,Encerrado
3459,2026-01-06 03:47:00,2026-01-06 04:23:59,2026-01-06 09:51:06,80,14,18.0,Rompimento de fibra,Roedores,Crítica,4,3.45,26.2,Encerrado
3460,2026-01-06 06:58:37,2026-01-06 10:46:26,2026-01-06 11:44:21,244,11,12.0,Queda de energia,Falta de energia da concessionária,Média,24,,,Encerrado
3461,2026-01-06 15:14:48,2026-01-06 15:23:32,2026-01-06 23:14:09,289,10,5.0,Rompimento de fibra,Roedores,Crítica,4,1.16,18.0,Encerrado
3462,2026-01-06 15:15:34,2026-01-06 18:03:58,2026-01-07 01:00:57,157,11,15.0,Atenuação alta,Curvatura excessiva,Alta,8,6.66,6.9,Encerrado
3463,2026-01-06 18:09:02,2026-01-07 16:38:24,2026-01-07 17:51:35,388,11,15.0,Configuração,Atualização de firmware,Baixa,48,,,Encerrado
3464,2026-01-06 21:28:56,2026-01-06 21:45:42,2026-01-07 02:32:04,148,2,7.0,Rompimento de fibra,Obra de terceiros,Crítica,4,2.76,32.5,Encerrado
3465,2026-01-06 23:24:05,2026-01-07 01:44:02,2026-01-07 08:14:46,25,7,8.0,Atenuação alta,Curvatura excessiva,Alta,8,2.46,3.5,Encerrado
3466,2026-01-07 00:32:45,2026-01-07 01:39:49,2026-01-07 06:10:03,381,8,11.0,Furto/vandalismo de cabo,Furto de cabo,Crítica,4,2.62,28.9,Encerrado
3467,2026-01-07 01:28:47,2026-01-07 12:03:30,2026-01-07 14:00:07,363,6,1.0,Atenuação alta,Curvatura excessiva,Alta,8,1.04,4.8,Encerrado
3468,2026-01-07 02:05:26,2026-01-07 04:56:12,2026-01-07 05:46:15,329,13,3.0,Queda de energia,Falta de energia da concessionária,Alta,8,,,Encerrado
3469,2026-01-07 05:14:45,2026-01-07 07:42:16,2026-01-07 10:08:33,143,6,7.0,Rompimento de fibra,Roedores,Alta,8,0.39,25.6,Encerrado
3470,2026-01-07 08:38:45,2026-01-07 10:56:03,2026-01-07 11:42:41,89,7,5.0,Queda de energia,Disjuntor,Alta,8,,,Encerrado
3471,2026-01-07 10:36:42,2026-01-07 11:18:02,2026-01-07 14:24:13,27,3,10.0,Furto/vandalismo de cabo,Vandalismo,Crítica,4,8.23,38.8,Encerrado
3472,2026-01-07 14:17:59,2026-01-07 14:43:30,2026-01-07 16:57:15,8,9,14.0,Queda de energia,Bateria do nobreak,Crítica,4,,,Encerrado
3473,2026-01-07 15:01:22,2026-01-07 16:34:14,2026-01-07 18:37:41,337,14,12.0,Falha de equipamento,Módulo óptico (SFP/QSFP),Alta,8,,,Encerrado
3474,2026-01-07 16:01:31,,,109,3,,Rompimento de fibra,,Crítica,4,10.25,29.2,Cancelado
3475,2026-01-07 16:02:30,2026-01-07 16:52:28,2026-01-07 20:26:45,16,3,1.0,Rompimento de fibra,Obra de terceiros,Crítica,4,7.79,35.0,Encerrado
3476,2026-01-07 17:44:59,2026-01-07 18:50:11,2026-01-07 22:48:04,370,2,10.0,Atenuação alta,Conector sujo,Alta,8,7.64,5.6,Encerrado
3477,2026-01-07 17:51:46,2026-01-07 19:22:37,2026-01-07 21:07:49,138,12,15.0,Furto/vandalismo de cabo,Vandalismo,Alta,8,2.48,34.7,Encerrado
3478,2026-01-07 21:37:10,2026-01-07 22:21:30,2026-01-08 00:18:53,11,6,10.0,Rompimento de fibra,Obra de terceiros,Crítica,4,4.73,20.7,Encerrado
3479,2026-01-07 22:49:04,2026-01-08 10:19:30,2026-01-08 12:37:01,191,7,2.0,Queda de energia,Bateria do nobreak,Média,24,,,Encerrado
3480,2026-01-08 01:44:13,2026-01-08 06:49:16,2026-01-08 12:15:55,278,15,18.0,Rompimento de fibra,Roedores,Alta,8,5.7,39.3,Encerrado
3481,2026-01-08 02:04:03,2026-01-08 02:34:33,2026-01-08 05:28:05,52,12,3.0,Atenuação alta,Umidade na caixa de emenda,Crítica,4,2.93,2.7,Encerrado
3482,2026-01-08 03:08:32,2026-01-08 03:19:35,2026-01-08 05:45:21,77,5,16.0,Rompimento de fibra,Queda de árvore,Crítica,4,5.09,23.3,Encerrado
3483,2026-01-08 06:19:30,2026-01-08 06:41:06,2026-01-08 08:02:17,56,5,1.0,Configuração,Erro de configuração,Crítica,4,,,Encerrado
3484,2026-01-08 08:47:02,2026-01-08 11:00:30,2026-01-08 12:32:33,133,3,10.0,Falha de equipamento,Fonte de alimentação,Média,24,,,Encerrado
3485,2026-01-08 10:33:24,2026-01-08 10:58:16,2026-01-08 13:47:39,222,5,16.0,Rompimento de fibra,Acidente de trânsito (poste),Crítica,4,0.52,35.5,Encerrado
3486,2026-01-08 12:25:37,2026-01-08 18:43:13,2026-01-08 20:20:21,118,3,13.0,Configuração,Erro de configuração,Média,24,,,Encerrado
3487,2026-01-08 14:06:27,2026-01-08 14:50:39,2026-01-08 18:43:38,31,3,10.0,Furto/vandalismo de cabo,Vandalismo,Crítica,4,9.51,31.8,Encerrado
3488,2026-01-08 14:26:38,2026-01-08 15:36:01,2026-01-08 17:35:43,61,15,12.0,Atenuação alta,Conector sujo,Crítica,4,5.22,7.8,Encerrado
3489,2026-01-08 15:37:24,2026-01-09 00:41:11,2026-01-09 04:15:32,313,1,7.0,Falha de equipamento,Placa de interface,Média,24,,,Encerrado
3490,2026-01-08 16:04:45,,,47,7,,Rompimento de fibra,,Crítica,4,2.04,23.0,Cancelado
3491,2026-01-08 17:35:18,2026-01-08 18:16:08,2026-01-08 20:16:34,141,15,18.0,Queda de energia,Disjuntor,Alta,8,,,Encerrado
3492,2026-01-08 21:47:52,2026-01-09 06:25:19,2026-01-09 06:57:33,193,9,14.0,Falha de equipamento,Placa de interface,Média,24,,,Encerrado
3493,2026-01-08 22:04:14,2026-01-09 02:43:39,2026-01-09 07:28:34,191,7,8.0,Rompimento de fibra,Queda de árvore,Alta,8,5.89,27.1,Encerrado
3494,2026-01-08 22:13:43,2026-01-09 02:15:19,2026-01-09 02:53:10,397,5,10.0,Rompimento de fibra,Roedores,Crítica,4,3.55,18.8,Encerrado
3495,2026-01-08 22:32:11,2026-01-09 00:58:32,2026-01-09 05:28:05,390,13,6.0,Rompimento de fibra,Roedores,Crítica,4,7.24,25.3,Encerrado
3496,2026-01-08 22:53:59,2026-01-09 02:48:54,2026-01-09 06:13:04,167,2,16.0,Atenuação alta,Conector sujo,Média,24,0.34,7.4,Encerrado
3497,2026-01-09 00:00:27,2026-01-09 04:10:33,2026-01-09 11:16:05,92,5,4.0,Furto/vandalismo de cabo,Furto de cabo,Crítica,4,4.13,37.6,Encerrado
3498,2026-01-09 04:54:28,2026-01-09 05:22:17,2026-01-09 15:03:04,3,15,15.0,Rompimento de fibra,Acidente de trânsito (poste),Crítica,4,9.01,34.6,Encerrado
3499,2026-01-09 06:33:36,2026-01-09 07:26:01,2026-01-09 12:15:27,86,6,1.0,Rompimento de fibra,Obra de terceiros,Crítica,4,8.05,34.9,Encerrado
3500,2026-01-09 10:39:40,2026-01-09 17:40:46,2026-01-10 01:17:55,93,6,10.0,Falha de equipamento,Placa de interface,Média,24,,,Encerrado
3501,2026-01-09 11:33:00,2026-01-09 13:32:25,2026-01-09 16:10:16,72,8,2.0,Rompimento de fibra,Roedores,Crítica,4,5.36,24.1,Encerrado
3502,2026-01-09 20:28:06,2026-01-09 22:00:41,2026-01-10 02:09:24,16,4,7.0,Falha de equipamento,Placa de interface,Alta,8,,,Encerrado
3503,2026-01-09 21:45:52,2026-01-09 21:53:55,2026-01-10 08:47:45,288,10,11.0,Rompimento de fibra,Queda de árvore,Crítica,4,3.23,35.3,Encerrado
3504,2026-01-09 23:14:41,2026-01-10 03:24:53,2026-01-10 05:53:09,179,15,12.0,Falha de equipamento,Placa de interface,Média,24,,,Encerrado
3505,2026-01-10 03:36:27,2026-01-10 05:20:37,2026-01-10 09:19:27,305,13,18.0,Rompimento de fibra,Acidente de trânsito (poste),Alta,8,2.8,25.9,Encerrado
3506,2026-01-10 08:12:51,2026-01-10 09:33:21,2026-01-10 13:36:50,30,13,15.0,Rompimento de fibra,Queda de árvore,Crítica,4,7.37,28.3,Encerrado
3507,2026-01-10 14:19:22,2026-01-10 17:25:12,2026-01-10 18:23:54,359,13,12.0,Queda de energia,Falta de energia da concessionária,Média,24,,,Encerrado
3508,2026-01-10 17:21:51,2026-01-10 19:40:32,2026-01-11 00:00:07,192,1,4.0,Rompimento de fibra,Acidente de trânsito (poste),Crítica,4,8.1,23.0,Encerrado
3509,2026-01-10 18:16:29,2026-01-10 18:55:42,2026-01-10 23:32:44,325,3,10.0,Rompimento de fibra,Acidente de trânsito (poste),Alta,8,0.88,20.3,Encerrado
3510,2026-01-10 20:42:37,2026-01-10 21:30:24,2026-01-10 23:03:10,47,8,17.0,Rompimento de fibra,Queda de árvore,Crítica,4,2.15,34.2,Encerrado
3511,2026-01-11 00:45:06,2026-01-11 15:28:31,2026-01-11 16:55:58,197,5,13.0,Falha de equipamento,Fonte de alimentação,Baixa,48,,,Encerrado
3512,2026-01-11 08:19:34,2026-01-11 10:52:21,2026-01-11 14:10:34,328,15,12.0,Falha de equipamento,Switch,Alta,8,,,Encerrado
3513,2026-01-11 11:58:51,2026-01-11 18:33:22,2026-01-11 21:40:29,94,7,2.0,Atenuação alta,Umidade na caixa de emenda,Alta,8,15.62,8.1,Encerrado
3514,2026-01-11 14:16:17,2026-01-11 14:37:48,2026-01-11 18:14:25,396,2,16.0,Rompimento de fibra,Queda de árvore,Crítica,4,5.33,22.4,Encerrado
3515,2026-01-11 14:40:17,2026-01-11 14:57:08,2026-01-11 17:03:13,324,11,9.0,Falha de equipamento,Fonte de alimentação,Média,24,,,Encerrado
3516,2026-01-11 16:23:40,,,234,9,,Rompimento de fibra,,Crítica,4,2.05,27.4,Cancelado
3517,2026-01-11 19:30:55,2026-01-11 21:43:18,2026-01-12 01:27:23,332,10,5.0,Rompimento de fibra,Obra de terceiros,Alta,8,6.8,35.2,Encerrado
3518,2026-01-12 02:26:03,2026-01-12 05:52:10,2026-01-12 07:27:19,31,4,16.0,Atenuação alta,Curvatura excessiva,Alta,8,0.75,1.7,Encerrado
3519,2026-01-12 07:22:44,2026-01-12 17:14:11,2026-01-12 20:56:15,123,6,10.0,Falha de equipamento,Fonte de alimentação,Baixa,48,,,Encerrado
3520,2026-01-12 12:30:00,2026-01-12 18:27:17,2026-01-12 20:26:52,191,7,5.0,Atenuação alta,Emenda degradada,Média,24,5.41,4.7,Encerrado
3521,2026-01-12 20:50:02,,,118,4,,Atenuação alta,,Alta,8,4.56,1.5,Cancelado
3522,2026-01-12 20:58:43,2026-01-13 04:19:47,2026-01-13 08:06:23,271,5,16.0,Falha de equipamento,Módulo óptico (SFP/QSFP),Média,24,,,Encerrado
3523,2026-01-12 22:09:36,2026-01-12 23:26:44,2026-01-13 01:32:44,126,14,18.0,Rompimento de fibra,Acidente de trânsito (poste),Crítica,4,2.65,22.0,Encerrado
3524,2026-01-13 00:15:42,2026-01-13 09:31:55,2026-01-13 10:24:32,169,12,6.0,Falha de equipamento,Switch,Média,24,,,Encerrado
3525,2026-01-13 01:38:13,2026-01-13 18:16:06,2026-01-13 21:17:08,202,14,9.0,Atenuação alta,Umidade na caixa de emenda,Média,24,0.95,6.2,Encerrado
3526,2026-01-13 02:31:08,2026-01-13 08:40:30,2026-01-13 10:02:31,150,8,14.0,Falha de equipamento,Placa de interface,Média,24,,,Encerrado
3527,2026-01-13 03:09:31,2026-01-13 05:08:33,2026-01-13 05:40:37,58,12,18.0,Queda de energia,Disjuntor,Crítica,4,,,Encerrado
3528,2026-01-13 03:31:32,2026-01-13 04:15:10,2026-01-13 07:48:20,192,2,16.0,Atenuação alta,Curvatura excessiva,Alta,8,1.33,7.8,Encerrado
3529,2026-01-13 04:26:27,2026-01-13 09:38:27,2026-01-13 10:48:13,379,2,13.0,Queda de energia,Disjuntor,Média,24,,,Encerrado
3530,2026-01-13 06:41:58,2026-01-13 12:24:22,2026-01-13 15:30:39,261,16,18.0,Atenuação alta,Conector sujo,Média,24,0.7,5.5,Encerrado
3531,2026-01-13 09:50:18,2026-01-13 10:49:26,2026-01-13 17:14:36,82,6,1.0,Rompimento de fibra,Obra de terceiros,Crítica,4,9.57,35.9,Encerrado
3532,2026-01-13 12:50:46,2026-01-13 20:37:55,2026-01-13 22:16:20,172,16,18.0,Atenuação alta,Emenda degradada,Baixa,48,3.75,5.3,Encerrado
3533,2026-01-13 14:02:50,2026-01-13 14:32:30,2026-01-13 17:03:47,6,2,10.0,Atenuação alta,Umidade na caixa de emenda,Crítica,4,3.7,5.5,Encerrado
3534,2026-01-13 14:51:55,2026-01-13 15:16:41,2026-01-13 20:10:57,365,1,4.0,Rompimento de fibra,Queda de árvore,Crítica,4,7.63,38.7,Encerrado
3535,2026-01-13 16:23:07,2026-01-13 16:35:38,2026-01-13 21:11:50,287,16,3.0,Rompimento de fibra,Queda de árvore,Crítica,4,8.35,24.3,Encerrado
3536,2026-01-13 17:47:03,2026-01-13 18:37:47,2026-01-13 21:29:54,54,12,9.0,Falha de equipamento,Fonte de alimentação,Média,24,,,Encerrado
3537,2026-01-13 21:38:02,2026-01-14 13:46:54,2026-01-14 16:22:29,196,14,12.0,Atenuação alta,Conector sujo,Baixa,48,4.65,3.9,Encerrado
3538,2026-01-13 22:13:48,2026-01-14 00:35:39,2026-01-14 04:07:14,9,10,5.0,Rompimento de fibra,Acidente de trânsito (poste),Crítica,4,14.42,23.3,Encerrado
3539,2026-01-13 22:35:25,2026-01-13 23:28:20,2026-01-14 01:47:50,66,8,17.0,Atenuação alta,Conector sujo,Alta,8,2.87,3.8,Encerrado
3540,2026-01-14 00:54:22,2026-01-14 13:48:15,2026-01-14 17:00:06,343,16,3.0,Atenuação alta,Emenda degradada,Média,24,5.32,8.5,Encerrado
3541,2026-01-14 01:39:34,2026-01-14 03:43:05,2026-01-14 10:03:04,234,8,5.0,Furto/vandalismo de cabo,Vandalismo,Alta,8,3.44,31.5,Encerrado
3542,2026-01-14 14:44:13,2026-01-14 19:12:18,2026-01-14 20:34:22,232,10,11.0,Queda de energia,Falta de energia da concessionária,Média,24,,,Encerrado
3543,2026-01-14 19:37:39,2026-01-14 20:25:49,2026-01-15 00:42:46,8,8,5.0,Rompimento de fibra,Roedores,Crítica,4,3.48,26.3,Encerrado
3544,2026-01-14 19:55:16,2026-01-15 02:52:45,2026-01-15 03:53:08,89,9,8.0,Configuração,Atualização de firmware,Média,24,,,Encerrado
3545,2026-01-14 21:57:20,2026-01-14 22:30:19,2026-01-15 07:36:47,212,8,17.0,Rompimento de fibra,Queda de árvore,Crítica,4,9.94,35.2,Encerrado
3546,2026-01-14 21:58:58,2026-01-14 23:10:12,2026-01-15 07:01:35,72,9,14.0,Rompimento de fibra,Roedores,Crítica,4,2.12,28.8,Encerrado
3547,2026-01-14 22:03:50,2026-01-15 00:23:31,2026-01-15 01:21:59,313,1,13.0,Queda de energia,Falta de energia da concessionária,Média,24,,,Encerrado
3548,2026-01-14 23:07:51,2026-01-15 14:10:42,2026-01-15 15:01:30,264,15,9.0,Queda de energia,Falta de energia da concessionária,Média,24,,,Encerrado
3549,2026-01-15 02:00:51,2026-01-15 13:00:48,2026-01-15 13:14:39,57,16,9.0,Queda de energia,Bateria do nobreak,Média,24,,,Encerrado
3550,2026-01-15 04:39:51,2026-01-15 06:04:27,2026-01-15 10:36:50,199,3,13.0,Rompimento de fibra,Obra de terceiros,Alta,8,7.65,36.5,Encerrado
3551,2026-01-15 07:18:05,2026-01-15 07:30:09,2026-01-15 16:59:13,65,13,15.0,Furto/vandalismo de cabo,Vandalismo,Crítica,4,1.06,31.7,Encerrado
3552,2026-01-15 10:53:33,2026-01-15 12:22:46,2026-01-15 16:51:31,154,10,5.0,Rompimento de fibra,Roedores,Alta,8,7.36,31.8,Encerrado
3553,2026-01-15 14:29:55,2026-01-15 15:31:16,2026-01-15 17:13:39,196,14,6.0,Rompimento de fibra,Acidente de trânsito (poste),Crítica,4,5.78,36.1,Encerrado
3554,2026-01-15 18:07:28,2026-01-15 18:22:30,2026-01-15 21:30:25,101,1,16.0,Atenuação alta,Emenda degradada,Crítica,4,2.23,6.6,Encerrado
3555,2026-01-15 19:52:01,2026-01-15 21:56:28,2026-01-15 23:08:06,58,11,3.0,Falha de equipamento,Switch,Alta,8,,,Encerrado
3556,2026-01-15 19:54:34,2026-01-15 20:05:22,2026-01-15 20:36:10,14,2,10.0,Configuração,Atualização de firmware,Crítica,4,,,Encerrado
3557,2026-01-15 21:46:16,2026-01-15 23:09:15,2026-01-16 00:25:56,231,4,4.0,Configuração,Atualização de firmware,Média,24,,,Encerrado
3558,2026-01-16 00:20:19,2026-01-16 05:39:14,2026-01-16 07:34:55,194,4,7.0,Queda de energia,Falta de energia da concessionária,Média,24,,,Encerrado
3559,2026-01-16 02:14:40,2026-01-16 04:32:51,2026-01-16 08:17:09,160,2,10.0,Rompimento de fibra,Obra de terceiros,Crítica,4,8.42,29.4,Encerrado
3560,2026-01-16 03:37:42,,,266,7,,Atenuação alta,,Média,24,11.79,4.8,Cancelado
3561,2026-01-16 05:38:31,2026-01-16 05:57:21,2026-01-16 10:43:04,234,8,17.0,Rompimento de fibra,Acidente de trânsito (poste),Crítica,4,3.31,26.9,Encerrado
3562,2026-01-16 06:20:01,2026-01-16 07:28:44,2026-01-16 11:18:01,72,8,2.0,Rompimento de fibra,Queda de árvore,Crítica,4,3.27,29.1,Encerrado
3563,2026-01-16 06:55:03,2026-01-16 15:48:34,2026-01-16 16:42:37,250,9,5.0,Atenuação alta,Emenda degradada,Média,24,5.24,8.8,Encerrado
3564,2026-01-16 08:23:28,2026-01-16 14:30:19,2026-01-16 16:18:30,149,7,8.0,Queda de energia,Falta de energia da concessionária,Média,24,,,Encerrado
3565,2026-01-16 11:28:55,2026-01-16 12:09:51,2026-01-17 01:25:46,381,8,11.0,Rompimento de fibra,Acidente de trânsito (poste),Crítica,4,2.96,36.2,Encerrado
3566,2026-01-16 11:45:57,2026-01-16 12:51:06,2026-01-16 20:14:38,96,5,10.0,Furto/vandalismo de cabo,Vandalismo,Crítica,4,11.47,32.5,Encerrado
3567,2026-01-16 12:30:33,2026-01-16 14:51:45,2026-01-16 15:53:29,182,11,12.0,Rompimento de fibra,Obra de terceiros,Alta,8,2.55,26.5,Encerrado
3568,2026-01-17 02:43:44,2026-01-17 05:13:18,2026-01-17 08:07:15,347,13,18.0,Rompimento de fibra,Queda de árvore,Alta,8,3.83,20.2,Encerrado
3569,2026-01-17 05:44:54,2026-01-17 11:40:59,2026-01-17 13:04:05,91,4,7.0,Atenuação alta,Conector sujo,Alta,8,7.27,7.8,Encerrado
3570,2026-01-17 06:51:38,2026-01-17 08:36:46,2026-01-17 11:57:03,71,11,9.0,Queda de energia,Disjuntor,Crítica,4,,,Encerrado
3571,2026-01-17 08:54:55,2026-01-17 09:10:55,2026-01-17 12:15:37,207,4,13.0,Furto/vandalismo de cabo,Vandalismo,Crítica,4,0.74,34.4,Encerrado
3572,2026-01-17 11:01:11,2026-01-18 03:39:40,2026-01-18 06:02:38,231,4,1.0,Falha de equipamento,Placa de interface,Baixa,48,,,Encerrado
3573,2026-01-17 14:59:55,2026-01-17 15:51:36,2026-01-17 22:15:12,162,1,13.0,Rompimento de fibra,Queda de árvore,Crítica,4,2.94,28.7,Encerrado
3574,2026-01-17 17:54:30,2026-01-17 21:42:58,2026-01-17 22:18:31,352,2,4.0,Configuração,Atualização de firmware,Baixa,48,,,Encerrado
3575,2026-01-17 18:01:55,2026-01-17 20:32:54,2026-01-18 01:25:11,157,11,18.0,Rompimento de fibra,Queda de árvore,Alta,8,1.51,38.6,Encerrado
3576,2026-01-17 19:35:36,2026-01-17 20:23:25,2026-01-17 21:37:01,150,8,5.0,Queda de energia,Bateria do nobreak,Alta,8,,,Encerrado
3577,2026-01-18 01:32:22,2026-01-18 02:11:03,2026-01-18 06:56:05,172,16,6.0,Furto/vandalismo de cabo,Furto de cabo,Crítica,4,3.8,35.3,Encerrado
3578,2026-01-18 04:06:32,2026-01-19 12:21:08,2026-01-19 13:17:00,158,5,1.0,Queda de energia,Disjuntor,Baixa,48,,,Encerrado
3579,2026-01-18 04:58:03,2026-01-18 05:35:53,2026-01-18 11:44:23,203,10,8.0,Furto/vandalismo de cabo,Vandalismo,Alta,8,16.72,23.2,Encerrado
3580,2026-01-18 10:29:38,2026-01-18 10:49:23,2026-01-18 12:36:02,14,2,16.0,Falha de equipamento,Placa de interface,Alta,8,,,Encerrado
3581,2026-01-18 13:40:40,2026-01-18 14:57:09,2026-01-18 16:50:02,41,12,6.0,Queda de energia,Bateria do nobreak,Crítica,4,,,Encerrado
3582,2026-01-18 13:55:29,2026-01-18 15:37:15,2026-01-18 20:19:15,177,8,17.0,Queda de energia,Bateria do nobreak,Média,24,,,Encerrado
3583,2026-01-18 14:13:56,2026-01-18 16:15:25,2026-01-18 20:19:25,178,13,3.0,Rompimento de fibra,Obra de terceiros,Crítica,4,4.46,25.4,Encerrado
3584,2026-01-18 14:23:55,2026-01-18 15:02:56,2026-01-18 17:00:04,73,2,16.0,Queda de energia,Bateria do nobreak,Crítica,4,,,Encerrado
3585,2026-01-18 14:31:14,2026-01-18 15:14:28,2026-01-19 04:43:48,250,7,14.0,Rompimento de fibra,Acidente de trânsito (poste),Alta,8,5.96,21.8,Encerrado
3586,2026-01-18 15:18:41,2026-01-18 20:09:13,2026-01-18 21:41:46,305,13,3.0,Falha de equipamento,Fonte de alimentação,Alta,8,,,Encerrado
3587,2026-01-18 19:49:05,2026-01-18 22:06:40,2026-01-19 02:25:50,325,3,16.0,Rompimento de fibra,Acidente de trânsito (poste),Crítica,4,4.1,22.9,Encerrado
3588,2026-01-19 02:07:54,2026-01-19 02:40:34,2026-01-19 07:32:14,83,5,13.0,Rompimento de fibra,Obra de terceiros,Crítica,4,3.9,29.6,Encerrado
3589,2026-01-19 04:13:29,2026-01-19 05:43:05,2026-01-19 10:40:24,104,3,13.0,Rompimento de fibra,Queda de árvore,Crítica,4,8.16,33.2,Encerrado
3590,2026-01-19 07:15:13,2026-01-19 09:27:35,2026-01-19 12:39:43,188,14,15.0,Atenuação alta,Curvatura excessiva,Média,24,11.09,8.5,Encerrado
3591,2026-01-19 10:05:30,2026-01-19 11:03:53,2026-01-19 15:58:41,110,10,17.0,Atenuação alta,Umidade na caixa de emenda,Alta,8,13.76,6.5,Encerrado
3592,2026-01-19 12:59:06,2026-01-19 14:51:00,2026-01-19 16:07:26,357,5,13.0,Atenuação alta,Emenda degradada,Alta,8,3.4,4.3,Encerrado
3593,2026-01-19 16:33:48,2026-01-19 17:43:22,2026-01-19 19:39:33,73,1,10.0,Rompimento de fibra,Roedores,Crítica,4,13.02,34.1,Encerrado
3594,2026-01-19 19:42:43,2026-01-19 21:05:37,2026-01-19 23:19:25,255,4,16.0,Falha de equipamento,Fonte de alimentação,Média,24,,,Encerrado
3595,2026-01-19 22:07:53,2026-01-20 06:21:19,2026-01-20 12:21:41,247,4,1.0,Falha de equipamento,Módulo óptico (SFP/QSFP),Média,24,,,Encerrado
3596,2026-01-19 23:31:48,2026-01-20 00:44:16,2026-01-20 07:35:33,120,12,15.0,Rompimento de fibra,Queda de árvore,Crítica,4,6.41,36.9,Encerrado
3597,2026-01-20 08:22:03,2026-01-20 10:51:41,2026-01-20 13:00:30,384,8,2.0,Falha de equipamento,Módulo óptico (SFP/QSFP),Alta,8,,,Encerrado
3598,2026-01-20 13:14:34,2026-01-20 14:09:09,2026-01-20 15:43:49,398,7,14.0,Rompimento de fibra,Roedores,Crítica,4,4.04,33.8,Encerrado
3599,2026-01-20 19:55:49,2026-01-20 20:16:42,2026-01-20 22:14:32,22,1,7.0,Queda de energia,Falta de energia da concessionária,Alta,8,,,Encerrado
3600,2026-01-20 23:40:18,2026-01-21 06:32:34,2026-01-21 12:37:47,196,14,9.0,Atenuação alta,Conector sujo,Média,24,8.07,8.6,Encerrado
3601,2026-01-21 00:03:47,2026-01-21 00:27:01,2026-01-21 07:38:28,119,14,9.0,Rompimento de fibra,Obra de terceiros,Crítica,4,1.91,21.5,Encerrado
3602,2026-01-21 02:22:51,2026-01-21 07:10:57,2026-01-21 14:19:52,332,10,17.0,Rompimento de fibra,Acidente de trânsito (poste),Alta,8,4.87,25.3,Encerrado
3603,2026-01-21 03:10:18,2026-01-21 03:22:36,2026-01-21 08:19:34,88,10,17.0,Furto/vandalismo de cabo,Vandalismo,Crítica,4,1.11,38.2,Encerrado
3604,2026-01-21 04:45:54,2026-01-21 11:30:07,2026-01-21 12:55:55,221,16,6.0,Queda de energia,Falta de energia da concessionária,Baixa,48,,,Encerrado
3605,2026-01-21 08:32:23,2026-01-21 09:57:07,2026-01-21 14:15:22,75,10,5.0,Atenuação alta,Emenda degradada,Alta,8,0.98,2.7,Encerrado
3606,2026-01-21 12:07:48,,,73,2,,Rompimento de fibra,,Crítica,4,4.26,24.6,Cancelado
3607,2026-01-21 12:23:56,2026-01-21 12:58:25,2026-01-21 16:45:04,213,9,5.0,Rompimento de fibra,Obra de terceiros,Alta,8,1.14,30.5,Encerrado
3608,2026-01-21 14:14:34,2026-01-21 14:25:01,2026-01-21 17:27:04,15,6,13.0,Rompimento de fibra,Roedores,Crítica,4,2.41,27.3,Encerrado
3609,2026-01-21 15:44:29,2026-01-21 18:54:46,2026-01-21 23:27:00,298,5,7.0,Falha de equipamento,Placa de interface,Média,24,,,Encerrado
3610,2026-01-21 18:56:40,2026-01-21 20:02:05,2026-01-21 22:49:15,87,16,15.0,Atenuação alta,Umidade na caixa de emenda,Crítica,4,4.78,7.1,Encerrado
3611,2026-01-21 20:53:43,2026-01-21 22:53:57,2026-01-21 23:15:41,250,7,5.0,Queda de energia,Bateria do nobreak,Alta,8,,,Encerrado
3612,2026-01-21 21:36:55,2026-01-21 22:42:38,2026-01-22 00:17:47,51,6,7.0,Furto/vandalismo de cabo,Furto de cabo,Crítica,4,7.06,21.7,Encerrado
3613,2026-01-21 22:12:45,2026-01-22 11:05:40,2026-01-22 12:25:53,66,9,2.0,Queda de energia,Falta de energia da concessionária,Média,24,,,Encerrado
3614,2026-01-21 22:48:27,2026-01-22 00:00:30,2026-01-22 03:51:51,120,12,12.0,Furto/vandalismo de cabo,Vandalismo,Crítica,4,3.69,34.7,Encerrado
3615,2026-01-22 15:51:17,2026-01-22 16:18:38,2026-01-22 22:34:09,186,14,15.0,Rompimento de fibra,Obra de terceiros,Crítica,4,4.47,21.1,Encerrado
3616,2026-01-22 16:59:23,2026-01-22 23:31:29,2026-01-23 00:15:54,398,9,17.0,Configuração,Erro de configuração,Média,24,,,Encerrado
3617,2026-01-22 23:20:38,2026-01-23 02:56:49,2026-01-23 03:47:57,193,7,2.0,Atenuação alta,Emenda degradada,Baixa,48,3.93,3.4,Encerrado
3618,2026-01-23 01:48:17,2026-01-23 02:37:34,2026-01-23 09:27:07,38,16,6.0,Rompimento de fibra,Obra de terceiros,Crítica,4,8.49,36.1,Encerrado
3619,2026-01-23 03:32:06,2026-01-23 03:59:21,2026-01-23 04:59:47,331,14,6.0,Configuração,Atualização de firmware,Média,24,,,Encerrado
3620,2026-01-23 03:52:56,2026-01-23 11:42:14,2026-01-23 12:10:23,123,6,1.0,Configuração,Erro de configuração,Média,24,,,Encerrado
3621,2026-01-23 04:31:15,2026-01-23 08:06:00,2026-01-23 16:59:14,244,12,15.0,Rompimento de fibra,Roedores,Alta,8,2.56,34.3,Encerrado
3622,2026-01-23 05:13:19,2026-01-23 09:14:59,2026-01-23 11:20:17,193,7,11.0,Queda de energia,Disjuntor,Média,24,,,Encerrado
3623,2026-01-23 10:32:26,2026-01-23 11:15:48,2026-01-23 12:35:58,13,10,5.0,Rompimento de fibra,Acidente de trânsito (poste),Crítica,4,8.11,38.2,Encerrado
3624,2026-01-24 01:24:17,2026-01-24 07:35:26,2026-01-24 10:46:01,352,2,7.0,Atenuação alta,Emenda degradada,Baixa,48,12.56,1.9,Encerrado
3625,2026-01-24 03:41:50,2026-01-24 05:46:29,2026-01-24 09:05:39,275,16,15.0,Rompimento de fibra,Roedores,Alta,8,9.03,27.0,Encerrado
3626,2026-01-24 06:02:42,2026-01-24 06:54:11,2026-01-24 09:43:12,108,4,13.0,Atenuação alta,Emenda degradada,Alta,8,2.53,8.9,Encerrado
3627,2026-01-24 06:19:42,2026-01-24 08:44:01,2026-01-24 17:10:36,290,16,6.0,Rompimento de fibra,Acidente de trânsito (poste),Alta,8,4.25,38.7,Encerrado
3628,2026-01-24 07:39:32,2026-01-24 08:36:33,2026-01-24 14:07:36,205,15,12.0,Rompimento de fibra,Obra de terceiros,Crítica,4,3.97,31.6,Encerrado
3629,2026-01-24 08:40:11,2026-01-24 10:40:35,2026-01-24 13:23:12,40,15,9.0,Rompimento de fibra,Obra de terceiros,Crítica,4,3.92,37.9,Encerrado
3630,2026-01-24 09:43:24,2026-01-24 12:32:24,2026-01-24 13:39:25,176,13,9.0,Rompimento de fibra,Queda de árvore,Alta,8,5.24,33.9,Encerrado
3631,2026-01-24 11:35:56,2026-01-24 13:28:34,2026-01-24 14:16:35,106,13,12.0,Queda de energia,Disjuntor,Alta,8,,,Encerrado
3632,2026-01-25 01:09:14,2026-01-25 01:49:01,2026-01-25 05:22:17,6,1,1.0,Rompimento de fibra,Queda de árvore,Crítica,4,0.93,25.5,Encerrado
3633,2026-01-25 01:34:35,2026-01-25 04:44:46,2026-01-25 06:47:13,16,4,4.0,Falha de equipamento,Placa de interface,Alta,8,,,Encerrado
3634,2026-01-25 02:12:41,2026-01-25 04:03:03,2026-01-25 05:24:08,192,1,16.0,Queda de energia,Falta de energia da concessionária,Baixa,48,,,Encerrado
3635,2026-01-25 02:33:43,2026-01-25 03:48:40,2026-01-25 08:10:14,12,15,6.0,Rompimento de fibra,Obra de terceiros,Crítica,4,6.52,30.4,Encerrado
3636,2026-01-25 04:34:31,2026-01-25 05:30:23,2026-01-25 19:00:04,17,1,4.0,Rompimento de fibra,Queda de árvore,Crítica,4,3.03,33.5,Encerrado
3637,2026-01-25 07:49:02,2026-01-25 09:15:20,2026-01-25 16:27:49,375,2,1.0,Rompimento de fibra,Queda de árvore,Alta,8,0.67,33.0,Encerrado
3638,2026-01-25 09:33:52,2026-01-25 18:25:23,2026-01-25 19:41:22,207,3,13.0,Configuração,Erro de configuração,Média,24,,,Encerrado
3639,2026-01-25 11:14:51,2026-01-25 12:19:52,2026-01-25 17:12:26,46,12,12.0,Rompimento de fibra,Obra de terceiros,Crítica,4,5.87,21.4,Encerrado
3640,2026-01-25 11:25:26,2026-01-25 12:15:45,2026-01-25 14:15:48,148,2,7.0,Rompimento de fibra,Acidente de trânsito (poste),Alta,8,2.96,24.7,Encerrado
3641,2026-01-25 12:02:59,2026-01-25 13:08:50,2026-01-25 19:02:08,341,5,16.0,Furto/vandalismo de cabo,Vandalismo,Alta,8,3.42,21.9,Encerrado
3642,2026-01-25 13:15:52,2026-01-25 13:39:28,2026-01-25 21:22:49,96,5,7.0,Rompimento de fibra,Acidente de trânsito (poste),Crítica,4,3.31,29.3,Encerrado
3643,2026-01-25 14:13:51,2026-01-25 20:09:26,2026-01-26 01:25:43,22,2,10.0,Atenuação alta,Curvatura excessiva,Média,24,5.14,8.3,Encerrado
3644,2026-01-25 14:44:33,2026-01-25 19:55:02,2026-01-25 23:27:14,238,15,15.0,Falha de equipamento,Placa de interface,Média,24,,,Encerrado
3645,2026-01-25 19:15:08,2026-01-25 20:40:12,2026-01-26 00:16:40,255,3,16.0,Falha de equipamento,Módulo óptico (SFP/QSFP),Média,24,,,Encerrado
3646,2026-01-25 22:30:50,2026-01-25 23:28:04,2026-01-25 23:48:51,276,13,12.0,Configuração,Atualização de firmware,Média,24,,,Encerrado
3647,2026-01-26 00:39:34,2026-01-26 01:22:46,2026-01-26 11:24:43,46,11,9.0,Furto/vandalismo de cabo,Vandalismo,Crítica,4,1.18,19.2,Encerrado
3648,2026-01-26 03:46:45,2026-01-26 03:57:20,2026-01-26 04:56:52,100,3,4.0,Rompimento de fibra,Roedores,Crítica,4,3.41,25.4,Encerrado
3649,2026-01-26 05:34:49,2026-01-26 05:54:39,2026-01-26 08:21:15,333,11,3.0,Rompimento de fibra,Queda de árvore,Crítica,4,7.0,24.4,Encerrado
3650,2026-01-26 07:14:06,2026-01-26 08:13:36,2026-01-26 10:38:54,294,13,3.0,Atenuação alta,Emenda degradada,Alta,8,2.63,6.7,Encerrado
3651,2026-01-26 07:58:07,2026-01-26 09:19:26,2026-01-26 13:37:46,42,6,16.0,Rompimento de fibra,Acidente de trânsito (poste),Crítica,4,0.98,29.0,Encerrado
3652,2026-01-26 15:28:35,2026-01-26 16:23:50,2026-01-27 00:41:00,193,7,8.0,Rompimento de fibra,Queda de árvore,Crítica,4,3.51,22.2,Encerrado
3653,2026-01-26 16:10:00,2026-01-26 16:29:09,2026-01-26 19:52:45,29,10,8.0,Queda de energia,Disjuntor,Crítica,4,,,Encerrado
3654,2026-01-26 16:49:14,2026-01-26 19:44:41,2026-01-27 01:46:39,329,13,15.0,Rompimento de fibra,Acidente de trânsito (poste),Alta,8,14.83,29.1,Encerrado
3655,2026-01-26 19:18:50,2026-01-26 20:58:40,2026-01-26 22:29:51,89,9,5.0,Falha de equipamento,Switch,Alta,8,,,Encerrado
3656,2026-01-27 01:44:45,2026-01-27 13:32:13,2026-01-27 15:32:13,253,8,11.0,Queda de energia,Falta de energia da concessionária,Média,24,,,Encerrado
3657,2026-01-27 02:02:08,2026-01-27 02:53:09,2026-01-27 07:24:03,67,10,8.0,Furto/vandalismo de cabo,Vandalismo,Crítica,4,3.01,29.6,Encerrado
3658,2026-01-27 02:47:30,2026-01-27 03:09:49,2026-01-27 09:52:19,384,9,2.0,Rompimento de fibra,Roedores,Crítica,4,4.48,32.1,Encerrado
3659,2026-01-27 03:22:21,2026-01-27 03:31:54,2026-01-27 07:05:36,61,15,9.0,Rompimento de fibra,Queda de árvore,Crítica,4,2.16,32.0,Encerrado
3660,2026-01-27 05:54:06,2026-01-28 00:09:05,2026-01-28 00:51:14,285,16,9.0,Queda de energia,Bateria do nobreak,Baixa,48,,,Encerrado
3661,2026-01-27 06:31:50,2026-01-27 15:24:13,2026-01-27 15:49:33,388,11,12.0,Configuração,Erro de configuração,Média,24,,,Encerrado
3662,2026-01-27 08:07:11,2026-01-27 08:40:31,2026-01-27 11:12:33,36,9,2.0,Configuração,Erro de configuração,Alta,8,,,Encerrado
3663,2026-01-27 14:18:52,2026-01-27 15:51:50,2026-01-27 17:42:56,342,2,1.0,Queda de energia,Falta de energia da concessionária,Alta,8,,,Encerrado
3664,2026-01-27 15:15:52,2026-01-27 16:50:39,2026-01-27 20:41:48,342,1,1.0,Furto/vandalismo de cabo,Vandalismo,Alta,8,1.73,19.9,Encerrado
3665,2026-01-27 15:23:38,2026-01-27 17:15:33,2026-01-27 23:26:43,15,6,13.0,Rompimento de fibra,Queda de árvore,Crítica,4,6.53,28.8,Encerrado
3666,2026-01-27 18:04:04,2026-01-27 20:22:35,2026-01-28 00:52:55,200,1,13.0,Rompimento de fibra,Roedores,Alta,8,5.53,31.9,Encerrado
3667,2026-01-28 03:31:38,2026-01-28 03:41:38,2026-01-28 04:51:44,92,5,13.0,Queda de energia,Falta de energia da concessionária,Crítica,4,,,Encerrado
3668,2026-01-28 04:51:17,2026-01-28 05:59:39,2026-01-28 15:44:25,376,14,6.0,Rompimento de fibra,Queda de árvore,Crítica,4,1.83,18.9,Encerrado
3669,2026-01-28 08:05:40,2026-01-28 08:16:43,2026-01-28 08:43:51,104,4,1.0,Falha de equipamento,Placa de interface,Crítica,4,,,Encerrado
3670,2026-01-28 08:46:58,2026-01-28 10:26:04,2026-01-28 16:30:39,369,3,13.0,Furto/vandalismo de cabo,Furto de cabo,Alta,8,5.1,22.3,Encerrado
3671,2026-01-28 09:18:59,2026-01-28 15:30:26,2026-01-28 16:51:17,250,9,5.0,Queda de energia,Bateria do nobreak,Baixa,48,,,Encerrado
3672,2026-01-28 11:16:19,2026-01-28 11:23:24,2026-01-28 12:57:44,112,9,11.0,Rompimento de fibra,Queda de árvore,Crítica,4,3.99,23.9,Encerrado
3673,2026-01-28 12:51:08,2026-01-28 13:02:30,2026-01-28 13:54:43,33,12,15.0,Falha de equipamento,Módulo óptico (SFP/QSFP),Alta,8,,,Encerrado
3674,2026-01-28 13:57:17,2026-01-29 04:10:39,2026-01-29 05:26:13,260,14,3.0,Configuração,Atualização de firmware,Média,24,,,Encerrado
3675,2026-01-28 15:31:07,2026-01-28 16:12:34,2026-01-28 20:20:37,235,12,9.0,Furto/vandalismo de cabo,Furto de cabo,Alta,8,3.79,39.7,Encerrado
3676,2026-01-28 15:31:36,2026-01-29 07:59:09,2026-01-29 08:54:16,178,13,18.0,Queda de energia,Disjuntor,Média,24,,,Encerrado
3677,2026-01-28 16:46:53,2026-01-28 16:52:41,2026-01-28 20:08:21,167,1,4.0,Rompimento de fibra,Obra de terceiros,Crítica,4,4.61,27.7,Encerrado
3678,2026-01-28 17:05:55,2026-01-28 22:43:22,2026-01-29 01:27:33,168,2,10.0,Queda de energia,Disjuntor,Média,24,,,Encerrado
3679,2026-01-28 19:08:47,2026-01-28 19:14:04,2026-01-28 22:08:14,337,14,12.0,Rompimento de fibra,Queda de árvore,Crítica,4,2.91,27.8,Encerrado
3680,2026-01-28 19:23:36,2026-01-28 23:21:40,2026-01-28 23:52:17,384,8,14.0,Configuração,Erro de configuração,Média,24,,,Encerrado
3681,2026-01-28 21:27:28,,,396,1,,Rompimento de fibra,,Alta,8,1.27,38.8,Cancelado
3682,2026-01-28 21:54:31,2026-01-28 22:14:45,2026-01-29 01:20:45,16,3,7.0,Rompimento de fibra,Roedores,Crítica,4,3.45,20.3,Encerrado
3683,2026-01-29 00:25:50,2026-01-29 03:32:28,2026-01-29 04:08:56,280,5,10.0,Queda de energia,Falta de energia da concessionária,Alta,8,,,Encerrado
3684,2026-01-29 05:07:25,2026-01-29 09:44:15,2026-01-29 12:39:46,260,14,3.0,Atenuação alta,Conector sujo,Média,24,7.23,8.0,Encerrado
3685,2026-01-29 05:17:26,2026-01-29 05:39:06,2026-01-29 10:34:25,135,2,10.0,Rompimento de fibra,Acidente de trânsito (poste),Crítica,4,3.26,18.0,Encerrado
3686,2026-01-29 05:46:30,,,234,9,,Rompimento de fibra,,Crítica,4,2.65,25.5,Cancelado
3687,2026-01-29 10:48:54,2026-01-30 06:31:15,2026-01-30 09:12:25,381,7,8.0,Falha de equipamento,Fonte de alimentação,Baixa,48,,,Encerrado
3688,2026-01-29 12:18:04,2026-01-29 23:27:50,2026-01-30 00:34:16,268,13,15.0,Configuração,Atualização de firmware,Média,24,,,Encerrado
3689,2026-01-29 12:49:07,2026-01-29 13:16:55,2026-01-29 18:48:22,91,4,4.0,Furto/vandalismo de cabo,Furto de cabo,Crítica,4,5.66,19.2,Encerrado
3690,2026-01-29 13:35:23,2026-01-29 19:22:54,2026-01-29 19:55:51,154,10,17.0,Queda de energia,Bateria do nobreak,Média,24,,,Encerrado
3691,2026-01-29 17:36:13,2026-01-29 18:35:43,2026-01-30 03:31:45,334,15,12.0,Rompimento de fibra,Acidente de trânsito (poste),Crítica,4,5.82,22.4,Encerrado
3692,2026-01-29 18:49:53,2026-01-29 19:16:01,2026-01-29 20:32:49,129,3,13.0,Falha de equipamento,Placa de interface,Alta,8,,,Encerrado
3693,2026-01-29 19:34:41,2026-01-29 20:01:37,2026-01-30 00:22:36,62,16,15.0,Atenuação alta,Conector sujo,Alta,8,4.69,4.3,Encerrado
3694,2026-01-29 19:34:55,2026-01-29 22:25:08,2026-01-30 03:37:50,322,11,9.0,Falha de equipamento,Placa de interface,Média,24,,,Encerrado
3695,2026-01-29 19:59:12,2026-01-29 20:40:01,2026-01-30 04:13:30,353,1,10.0,Rompimento de fibra,Queda de árvore,Crítica,4,1.85,20.3,Encerrado
3696,2026-01-29 21:13:45,2026-01-29 22:51:58,2026-01-30 17:23:36,157,12,18.0,Furto/vandalismo de cabo,Furto de cabo,Alta,8,1.78,35.1,Encerrado
3697,2026-01-30 13:08:39,2026-01-31 23:32:33,2026-01-31 23:56:00,169,12,18.0,Queda de energia,Falta de energia da concessionária,Baixa,48,,,Encerrado
3698,2026-01-30 15:01:45,2026-01-30 15:07:36,2026-01-30 17:08:45,108,3,4.0,Rompimento de fibra,Acidente de trânsito (poste),Crítica,4,1.21,36.3,Encerrado
3699,2026-01-30 18:10:20,2026-01-30 18:30:52,2026-01-30 20:05:11,326,5,1.0,Rompimento de fibra,Obra de terceiros,Crítica,4,4.74,27.3,Encerrado
3700,2026-01-31 00:34:56,2026-01-31 01:26:26,2026-01-31 05:13:06,93,6,4.0,Rompimento de fibra,Roedores,Crítica,4,3.41,29.2,Encerrado
3701,2026-01-31 03:07:43,2026-01-31 04:20:27,2026-01-31 05:07:34,60,1,16.0,Configuração,Erro de configuração,Alta,8,,,Encerrado
3702,2026-01-31 09:29:07,2026-01-31 10:22:20,2026-01-31 13:50:44,150,9,17.0,Rompimento de fibra,Roedores,Alta,8,2.45,20.6,Encerrado
3703,2026-01-31 12:18:31,2026-01-31 15:44:25,2026-01-31 22:18:44,382,14,9.0,Rompimento de fibra,Queda de árvore,Crítica,4,4.66,32.8,Encerrado
3704,2026-01-31 17:01:20,2026-01-31 18:12:14,2026-02-01 04:30:11,193,7,17.0,Rompimento de fibra,Queda de árvore,Crítica,4,6.7,35.2,Encerrado
3705,2026-01-31 21:13:09,2026-01-31 22:18:35,2026-02-01 00:35:41,224,3,16.0,Rompimento de fibra,Roedores,Alta,8,3.59,35.7,Encerrado
3706,2026-01-31 23:23:55,2026-02-02 04:28:03,2026-02-02 08:50:12,321,16,15.0,Falha de equipamento,Placa de interface,Baixa,48,,,Encerrado
3707,2026-02-01 01:12:11,2026-02-01 01:58:59,2026-02-01 10:41:49,102,16,18.0,Rompimento de fibra,Roedores,Crítica,4,6.87,22.1,Encerrado
3708,2026-02-01 02:25:55,2026-02-01 10:45:05,2026-02-01 11:24:35,16,3,13.0,Queda de energia,Disjuntor,Média,24,,,Encerrado
3709,2026-02-01 05:31:38,2026-02-01 13:09:09,2026-02-01 14:40:56,174,2,10.0,Falha de equipamento,Fonte de alimentação,Média,24,,,Encerrado
3710,2026-02-01 09:37:24,2026-02-02 21:52:23,2026-02-03 03:38:25,315,1,7.0,Falha de equipamento,Módulo óptico (SFP/QSFP),Baixa,48,,,Encerrado
3711,2026-02-01 09:59:51,,,132,3,,Atenuação alta,,Média,24,4.21,3.8,Cancelado
3712,2026-02-01 12:40:25,2026-02-02 01:45:43,2026-02-02 03:16:46,155,11,18.0,Atenuação alta,Curvatura excessiva,Média,24,8.12,8.1,Encerrado
3713,2026-02-01 15:14:22,2026-02-01 17:04:41,2026-02-01 18:52:52,221,16,6.0,Queda de energia,Bateria do nobreak,Alta,8,,,Encerrado
3714,2026-02-01 15:34:10,2026-02-02 11:32:20,2026-02-02 12:55:24,249,3,13.0,Falha de equipamento,Placa de interface,Média,24,,,Encerrado
3715,2026-02-01 19:03:00,2026-02-01 19:16:56,2026-02-02 02:16:00,327,16,3.0,Rompimento de fibra,Queda de árvore,Crítica,4,8.14,22.4,Encerrado
3716,2026-02-01 19:27:09,2026-02-01 22:23:18,2026-02-02 03:15:45,108,4,10.0,Atenuação alta,Curvatura excessiva,Alta,8,1.78,2.2,Encerrado
3717,2026-02-01 19:40:46,2026-02-02 00:45:54,2026-02-02 01:20:05,8,7,11.0,Queda de energia,Bateria do nobreak,Alta,8,,,Encerrado
3718,2026-02-01 23:08:42,2026-02-02 08:36:42,2026-02-02 09:46:14,350,5,16.0,Configuração,Erro de configuração,Média,24,,,Encerrado
3719,2026-02-01 23:09:00,2026-02-02 00:24:04,2026-02-02 06:15:19,253,8,17.0,Rompimento de fibra,Roedores,Crítica,4,5.93,35.1,Encerrado
3720,2026-02-02 02:03:29,,,213,8,,Queda de energia,,Baixa,48,,,Cancelado
3721,2026-02-02 10:03:38,2026-02-02 10:44:29,2026-02-02 13:43:40,377,12,3.0,Rompimento de fibra,Acidente de trânsito (poste),Crítica,4,9.31,20.9,Encerrado
3722,2026-02-02 13:12:34,2026-02-02 19:09:33,2026-02-02 20:03:27,249,3,13.0,Falha de equipamento,Placa de interface,Baixa,48,,,Encerrado
3723,2026-02-02 15:33:51,2026-02-03 00:35:46,2026-02-03 02:41:22,176,13,12.0,Falha de equipamento,Placa de interface,Média,24,,,Encerrado
3724,2026-02-02 15:58:26,2026-02-02 17:40:32,2026-02-02 18:22:21,89,7,11.0,Atenuação alta,Umidade na caixa de emenda,Crítica,4,1.54,4.4,Encerrado
3725,2026-02-02 20:00:15,2026-02-02 20:20:42,2026-02-02 21:59:33,57,16,6.0,Rompimento de fibra,Queda de árvore,Crítica,4,9.19,24.9,Encerrado
3726,2026-02-03 03:30:33,2026-02-03 18:11:09,2026-02-03 18:41:32,246,10,11.0,Configuração,Atualização de firmware,Baixa,48,,,Encerrado
3727,2026-02-03 04:00:41,2026-02-04 00:45:18,2026-02-04 05:09:55,144,14,15.0,Atenuação alta,Umidade na caixa de emenda,Baixa,48,6.09,4.5,Encerrado
3728,2026-02-03 04:20:58,2026-02-03 06:30:36,2026-02-03 12:45:13,2,11,6.0,Atenuação alta,Emenda degradada,Alta,8,5.46,7.2,Encerrado
3729,2026-02-03 04:39:55,2026-02-03 06:29:20,2026-02-03 08:13:25,400,5,4.0,Rompimento de fibra,Acidente de trânsito (poste),Alta,8,3.09,37.6,Encerrado
3730,2026-02-03 05:33:36,2026-02-03 10:01:56,2026-02-03 11:53:07,116,12,6.0,Queda de energia,Disjuntor,Alta,8,,,Encerrado
3731,2026-02-03 06:08:39,2026-02-03 12:13:42,2026-02-03 16:39:41,277,4,10.0,Falha de equipamento,Switch,Média,24,,,Encerrado
3732,2026-02-03 07:51:31,2026-02-03 09:04:21,2026-02-03 10:03:39,369,3,4.0,Queda de energia,Disjuntor,Alta,8,,,Encerrado
3733,2026-02-03 09:56:11,2026-02-03 11:59:45,2026-02-03 17:39:50,67,10,17.0,Atenuação alta,Umidade na caixa de emenda,Alta,8,2.7,6.2,Encerrado
3734,2026-02-03 11:46:54,2026-02-03 13:31:16,2026-02-03 16:27:30,338,15,3.0,Atenuação alta,Umidade na caixa de emenda,Alta,8,4.57,5.2,Encerrado
3735,2026-02-03 12:00:19,2026-02-03 12:06:09,2026-02-03 13:18:48,164,16,3.0,Queda de energia,Bateria do nobreak,Alta,8,,,Encerrado
3736,2026-02-03 12:09:52,2026-02-03 16:50:51,2026-02-03 21:37:30,316,13,12.0,Falha de equipamento,Switch,Média,24,,,Encerrado
3737,2026-02-03 13:03:26,2026-02-03 15:35:43,2026-02-03 21:09:02,351,15,3.0,Atenuação alta,Emenda degradada,Média,24,7.51,6.3,Encerrado
3738,2026-02-03 13:10:19,2026-02-03 13:56:37,2026-02-03 14:27:51,2,12,3.0,Configuração,Erro de configuração,Crítica,4,,,Encerrado
3739,2026-02-03 13:16:13,2026-02-03 15:33:04,2026-02-03 19:37:18,149,7,17.0,Atenuação alta,Umidade na caixa de emenda,Alta,8,2.6,3.8,Encerrado
3740,2026-02-03 15:17:24,2026-02-03 16:26:38,2026-02-03 18:13:26,224,4,7.0,Falha de equipamento,Módulo óptico (SFP/QSFP),Média,24,,,Encerrado
3741,2026-02-03 18:12:23,,,1,3,,Rompimento de fibra,,Crítica,4,4.86,29.3,Cancelado
3742,2026-02-03 20:25:27,2026-02-04 00:25:52,2026-02-04 02:48:07,150,8,5.0,Falha de equipamento,Fonte de alimentação,Média,24,,,Encerrado
3743,2026-02-04 00:03:51,2026-02-04 08:17:59,2026-02-04 10:22:23,214,16,6.0,Atenuação alta,Umidade na caixa de emenda,Média,24,2.0,3.1,Encerrado
3744,2026-02-04 00:45:25,2026-02-04 01:26:48,2026-02-04 05:55:37,33,11,3.0,Rompimento de fibra,Roedores,Crítica,4,1.54,26.6,Encerrado
3745,2026-02-04 01:37:19,2026-02-04 07:28:36,2026-02-04 13:32:01,394,11,6.0,Rompimento de fibra,Roedores,Alta,8,3.29,28.8,Encerrado
3746,2026-02-04 04:59:01,2026-02-04 05:48:33,2026-02-04 08:27:49,351,14,18.0,Rompimento de fibra,Obra de terceiros,Crítica,4,6.86,36.8,Encerrado
3747,2026-02-04 12:13:20,2026-02-04 15:13:55,2026-02-04 17:12:53,383,10,2.0,Atenuação alta,Conector sujo,Média,24,5.05,4.8,Encerrado
3748,2026-02-04 13:15:42,2026-02-05 02:02:25,2026-02-05 08:08:26,25,7,14.0,Atenuação alta,Umidade na caixa de emenda,Média,24,7.05,7.4,Encerrado
3749,2026-02-04 14:13:35,2026-02-04 16:48:07,2026-02-04 19:46:03,112,8,11.0,Queda de energia,Disjuntor,Alta,8,,,Encerrado
3750,2026-02-04 17:04:40,2026-02-04 21:25:24,2026-02-04 22:34:38,54,11,15.0,Queda de energia,Bateria do nobreak,Média,24,,,Encerrado
3751,2026-02-04 21:30:02,2026-02-04 23:01:28,2026-02-05 01:29:30,145,16,6.0,Rompimento de fibra,Roedores,Alta,8,4.47,34.3,Encerrado
3752,2026-02-05 01:22:32,,,22,2,,Atenuação alta,,Alta,8,5.34,1.9,Cancelado
3753,2026-02-05 03:34:49,2026-02-05 04:48:18,2026-02-05 07:08:22,193,8,17.0,Furto/vandalismo de cabo,Vandalismo,Alta,8,4.63,35.9,Encerrado
3754,2026-02-05 03:37:51,2026-02-05 05:08:02,2026-02-05 08:40:57,47,9,8.0,Falha de equipamento,Switch,Alta,8,,,Encerrado
3755,2026-02-05 08:42:53,2026-02-05 09:40:47,2026-02-05 11:40:59,136,5,13.0,Rompimento de fibra,Acidente de trânsito (poste),Crítica,4,6.04,30.8,Encerrado
3756,2026-02-05 10:15:09,2026-02-05 10:43:18,2026-02-05 18:41:06,8,9,17.0,Rompimento de fibra,Obra de terceiros,Crítica,4,1.75,27.2,Encerrado
3757,2026-02-05 10:36:15,2026-02-05 10:58:58,2026-02-05 14:35:04,303,1,13.0,Rompimento de fibra,Acidente de trânsito (poste),Alta,8,6.32,32.1,Encerrado
3758,2026-02-05 11:57:47,2026-02-05 23:08:01,2026-02-06 02:23:41,224,4,7.0,Falha de equipamento,Placa de interface,Média,24,,,Encerrado
3759,2026-02-05 14:29:35,2026-02-05 14:57:35,2026-02-05 19:55:19,283,15,12.0,Rompimento de fibra,Queda de árvore,Alta,8,17.77,37.2,Encerrado
3760,2026-02-05 19:04:07,2026-02-06 04:54:27,2026-02-06 10:53:38,126,14,3.0,Atenuação alta,Emenda degradada,Baixa,48,3.09,7.7,Encerrado
3761,2026-02-05 20:40:49,2026-02-06 04:13:05,2026-02-06 06:55:22,202,15,9.0,Queda de energia,Bateria do nobreak,Média,24,,,Encerrado
3762,2026-02-06 01:27:31,2026-02-06 02:57:02,2026-02-06 12:23:04,386,14,9.0,Rompimento de fibra,Acidente de trânsito (poste),Crítica,4,10.09,27.4,Encerrado
3763,2026-02-06 04:28:04,2026-02-06 06:16:16,2026-02-06 09:23:20,338,15,18.0,Rompimento de fibra,Roedores,Alta,8,3.46,34.9,Encerrado
3764,2026-02-06 05:47:36,2026-02-06 06:00:14,2026-02-06 10:48:28,58,11,18.0,Furto/vandalismo de cabo,Furto de cabo,Crítica,4,5.79,22.6,Encerrado
3765,2026-02-06 06:58:04,2026-02-06 08:04:21,2026-02-06 10:49:24,135,2,13.0,Atenuação alta,Umidade na caixa de emenda,Alta,8,9.95,5.1,Encerrado
3766,2026-02-06 08:17:02,2026-02-06 09:08:16,2026-02-06 13:37:13,36,8,11.0,Furto/vandalismo de cabo,Furto de cabo,Crítica,4,1.98,39.0,Encerrado
3767,2026-02-06 11:31:53,2026-02-06 13:23:29,2026-02-06 15:24:06,39,14,18.0,Queda de energia,Falta de energia da concessionária,Crítica,4,,,Encerrado
3768,2026-02-06 18:39:29,2026-02-06 19:39:07,2026-02-07 02:19:11,38,16,3.0,Rompimento de fibra,Queda de árvore,Crítica,4,0.82,24.4,Encerrado
3769,2026-02-06 19:13:18,2026-02-06 19:35:53,2026-02-06 22:08:05,103,3,1.0,Atenuação alta,Umidade na caixa de emenda,Alta,8,6.73,8.8,Encerrado
3770,2026-02-06 23:42:11,,,257,16,,Atenuação alta,,Média,24,12.06,7.9,Cancelado
3771,2026-02-07 02:02:13,2026-02-09 07:22:03,2026-02-09 11:40:07,357,5,4.0,Falha de equipamento,Placa de interface,Baixa,48,,,Encerrado
3772,2026-02-07 03:22:00,2026-02-07 04:45:38,2026-02-07 13:48:47,355,16,9.0,Rompimento de fibra,Roedores,Crítica,4,9.59,21.3,Encerrado
3773,2026-02-07 07:03:06,2026-02-07 10:22:11,2026-02-07 11:33:14,44,1,7.0,Falha de equipamento,Fonte de alimentação,Alta,8,,,Encerrado
3774,2026-02-07 14:21:30,,,21,3,,Queda de energia,,Média,24,,,Cancelado
3775,2026-02-07 14:56:54,2026-02-07 15:45:36,2026-02-07 19:23:13,60,2,13.0,Rompimento de fibra,Acidente de trânsito (poste),Crítica,4,9.76,20.3,Encerrado
3776,2026-02-07 16:22:42,2026-02-08 06:21:42,2026-02-08 07:07:23,349,14,18.0,Queda de energia,Disjuntor,Média,24,,,Encerrado
3777,2026-02-07 16:53:13,2026-02-07 17:49:44,2026-02-08 01:40:34,381,8,8.0,Rompimento de fibra,Roedores,Crítica,4,3.86,31.9,Encerrado
3778,2026-02-07 19:59:12,2026-02-08 03:05:06,2026-02-08 06:50:00,137,5,13.0,Rompimento de fibra,Acidente de trânsito (poste),Alta,8,3.86,34.5,Encerrado
3779,2026-02-08 01:29:34,2026-02-08 05:16:38,2026-02-08 07:26:23,144,15,6.0,Rompimento de fibra,Obra de terceiros,Alta,8,3.36,25.6,Encerrado
3780,2026-02-08 01:45:58,2026-02-08 09:08:55,2026-02-08 10:29:06,216,9,8.0,Falha de equipamento,Módulo óptico (SFP/QSFP),Média,24,,,Encerrado
3781,2026-02-08 01:57:56,2026-02-08 02:44:01,2026-02-08 12:43:01,115,14,15.0,Rompimento de fibra,Obra de terceiros,Crítica,4,4.65,26.2,Encerrado
3782,2026-02-08 03:00:26,2026-02-08 05:15:51,2026-02-08 11:02:15,84,12,15.0,Rompimento de fibra,Acidente de trânsito (poste),Crítica,4,5.77,27.2,Encerrado
3783,2026-02-08 04:01:00,2026-02-08 13:27:36,2026-02-08 15:01:13,193,7,5.0,Configuração,Erro de configuração,Alta,8,,,Encerrado
3784,2026-02-08 04:42:37,2026-02-08 12:30:41,2026-02-08 12:46:53,360,4,4.0,Queda de energia,Disjuntor,Média,24,,,Encerrado
3785,2026-02-08 05:49:36,2026-02-08 11:12:16,2026-02-08 11:54:38,337,15,15.0,Queda de energia,Falta de energia da concessionária,Média,24,,,Encerrado
3786,2026-02-08 07:18:34,2026-02-08 20:24:20,2026-02-08 22:26:40,193,8,11.0,Falha de equipamento,Fonte de alimentação,Baixa,48,,,Encerrado
3787,2026-02-08 07:30:07,2026-02-08 11:52:56,2026-02-08 17:15:03,349,14,6.0,Rompimento de fibra,Roedores,Alta,8,11.68,25.5,Encerrado
3788,2026-02-08 09:32:00,2026-02-09 03:36:56,2026-02-09 04:45:03,250,8,8.0,Configuração,Erro de configuração,Média,24,,,Encerrado
3789,2026-02-08 09:42:19,2026-02-08 18:35:56,2026-02-08 20:03:01,64,13,6.0,Queda de energia,Falta de energia da concessionária,Média,24,,,Encerrado
3790,2026-02-08 09:56:37,2026-02-09 00:28:34,2026-02-09 01:14:00,297,2,10.0,Configuração,Erro de configuração,Média,24,,,Encerrado
3791,2026-02-08 11:39:54,2026-02-08 13:00:18,2026-02-08 21:16:30,19,7,17.0,Rompimento de fibra,Acidente de trânsito (poste),Crítica,4,6.14,29.4,Encerrado
3792,2026-02-08 12:48:07,2026-02-08 20:14:57,2026-02-08 23:16:54,139,13,15.0,Rompimento de fibra,Queda de árvore,Alta,8,4.37,28.6,Encerrado
3793,2026-02-08 14:07:45,2026-02-08 15:50:55,2026-02-08 23:39:59,248,12,9.0,Rompimento de fibra,Roedores,Crítica,4,9.45,32.9,Encerrado
3794,2026-02-08 18:34:46,2026-02-08 21:46:10,2026-02-08 23:59:19,206,10,17.0,Queda de energia,Falta de energia da concessionária,Média,24,,,Encerrado
3795,2026-02-08 19:46:39,2026-02-09 03:34:35,2026-02-09 04:23:46,266,8,8.0,Queda de energia,Disjuntor,Média,24,,,Encerrado
3796,2026-02-08 20:37:12,2026-02-09 01:29:35,2026-02-09 02:27:30,148,1,1.0,Queda de energia,Disjuntor,Média,24,,,Encerrado
3797,2026-02-08 21:59:38,2026-02-09 00:05:32,2026-02-09 03:51:24,264,14,12.0,Rompimento de fibra,Roedores,Alta,8,4.49,31.8,Encerrado
3798,2026-02-08 23:00:37,2026-02-11 14:21:07,2026-02-11 15:29:41,192,1,13.0,Atenuação alta,Conector sujo,Baixa,48,2.44,1.7,Encerrado
3799,2026-02-09 00:48:07,,,235,11,,Queda de energia,,Média,24,,,Cancelado
3800,2026-02-09 07:37:15,2026-02-09 17:58:44,2026-02-09 18:29:44,356,6,4.0,Queda de energia,Falta de energia da concessionária,Média,24,,,Encerrado
3801,2026-02-09 08:24:10,2026-02-09 11:46:43,2026-02-09 13:19:21,242,12,9.0,Falha de equipamento,Módulo óptico (SFP/QSFP),Média,24,,,Encerrado
3802,2026-02-09 10:17:39,2026-02-09 14:13:43,2026-02-09 15:25:49,320,13,9.0,Rompimento de fibra,Roedores,Alta,8,9.8,18.1,Encerrado
3803,2026-02-09 12:19:54,2026-02-09 14:22:14,2026-02-09 21:46:19,173,12,3.0,Rompimento de fibra,Acidente de trânsito (poste),Crítica,4,1.06,20.5,Encerrado
3804,2026-02-09 14:21:13,2026-02-09 15:08:32,2026-02-09 16:35:49,40,14,6.0,Queda de energia,Falta de energia da concessionária,Alta,8,,,Encerrado
3805,2026-02-09 18:44:40,2026-02-10 00:04:25,2026-02-10 00:46:04,194,3,16.0,Queda de energia,Disjuntor,Média,24,,,Encerrado
3806,2026-02-09 20:37:51,2026-02-10 00:32:38,2026-02-10 02:25:51,73,1,10.0,Falha de equipamento,Switch,Alta,8,,,Encerrado
3807,2026-02-09 21:11:02,2026-02-09 22:12:51,2026-02-10 01:03:28,205,15,18.0,Rompimento de fibra,Roedores,Crítica,4,2.74,39.2,Encerrado
3808,2026-02-09 22:51:13,2026-02-10 02:24:04,2026-02-10 04:32:59,36,9,14.0,Atenuação alta,Conector sujo,Média,24,7.89,2.3,Encerrado
3809,2026-02-09 23:54:29,2026-02-10 01:55:55,2026-02-10 07:04:15,192,2,7.0,Rompimento de fibra,Roedores,Crítica,4,1.32,33.4,Encerrado
3810,2026-02-10 07:20:33,2026-02-10 07:35:23,2026-02-10 14:03:26,19,7,8.0,Rompimento de fibra,Obra de terceiros,Crítica,4,4.62,22.5,Encerrado
3811,2026-02-10 07:26:04,2026-02-10 08:32:19,2026-02-10 09:22:23,142,16,15.0,Queda de energia,Bateria do nobreak,Alta,8,,,Encerrado
3812,2026-02-10 07:57:05,2026-02-10 09:53:06,2026-02-10 10:40:13,207,3,13.0,Queda de energia,Falta de energia da concessionária,Alta,8,,,Encerrado
3813,2026-02-10 12:28:48,2026-02-10 15:37:39,2026-02-10 21:24:47,153,13,15.0,Rompimento de fibra,Queda de árvore,Alta,8,9.96,25.8,Encerrado
3814,2026-02-10 18:28:23,2026-02-12 20:44:13,2026-02-13 04:05:00,337,14,9.0,Atenuação alta,Emenda degradada,Baixa,48,2.39,1.5,Encerrado
3815,2026-02-10 23:52:38,2026-02-11 10:16:07,2026-02-11 11:17:54,241,16,3.0,Atenuação alta,Curvatura excessiva,Média,24,3.25,8.4,Encerrado
3816,2026-02-11 02:12:29,2026-02-11 03:30:49,2026-02-11 04:30:34,382,15,3.0,Rompimento de fibra,Roedores,Crítica,4,1.35,34.7,Encerrado
3817,2026-02-11 03:02:44,2026-02-11 08:20:08,2026-02-11 10:20:08,196,14,18.0,Rompimento de fibra,Obra de terceiros,Alta,8,2.58,29.4,Encerrado
3818,2026-02-11 06:51:31,2026-02-11 08:01:06,2026-02-11 11:46:44,92,5,10.0,Furto/vandalismo de cabo,Furto de cabo,Crítica,4,4.33,22.8,Encerrado
3819,2026-02-11 12:14:12,2026-02-11 15:42:54,2026-02-11 22:34:43,114,2,7.0,Atenuação alta,Curvatura excessiva,Média,24,3.94,8.3,Encerrado
3820,2026-02-11 12:39:02,2026-02-11 13:05:19,2026-02-11 14:29:56,114,1,16.0,Queda de energia,Disjuntor,Alta,8,,,Encerrado
3821,2026-02-11 18:57:47,2026-02-11 20:30:42,2026-02-12 05:50:19,130,13,15.0,Rompimento de fibra,Acidente de trânsito (poste),Alta,8,3.96,21.2,Encerrado
3822,2026-02-11 19:45:45,2026-02-11 20:09:50,2026-02-11 22:06:20,242,12,6.0,Rompimento de fibra,Obra de terceiros,Crítica,4,0.46,34.0,Encerrado
3823,2026-02-11 21:47:06,2026-02-11 22:29:02,2026-02-12 04:46:21,240,9,2.0,Furto/vandalismo de cabo,Vandalismo,Alta,8,6.9,22.2,Encerrado
3824,2026-02-11 23:35:23,,,238,14,,Falha de equipamento,,Média,24,,,Cancelado
3825,2026-02-12 00:19:31,2026-02-12 01:21:15,2026-02-12 09:54:36,167,1,10.0,Furto/vandalismo de cabo,Vandalismo,Alta,8,10.58,40.0,Encerrado
3826,2026-02-12 01:10:30,2026-02-12 19:44:59,2026-02-12 22:01:30,202,15,6.0,Queda de energia,Disjuntor,Baixa,48,,,Encerrado
3827,2026-02-12 02:44:14,2026-02-12 03:06:51,2026-02-12 04:28:48,71,11,6.0,Atenuação alta,Curvatura excessiva,Alta,8,2.18,4.5,Encerrado
3828,2026-02-12 06:25:50,2026-02-12 07:29:17,2026-02-12 08:10:31,370,2,10.0,Configuração,Erro de configuração,Alta,8,,,Encerrado
3829,2026-02-12 06:29:13,2026-02-12 07:07:58,2026-02-12 13:24:28,334,15,6.0,Rompimento de fibra,Roedores,Crítica,4,6.6,26.9,Encerrado
3830,2026-02-12 08:19:26,2026-02-12 09:36:26,2026-02-12 12:24:26,253,7,2.0,Atenuação alta,Conector sujo,Alta,8,6.67,4.7,Encerrado
3831,2026-02-12 08:43:04,,,280,5,,Rompimento de fibra,,Alta,8,0.3,33.9,Cancelado
3832,2026-02-12 10:20:08,2026-02-12 10:47:21,2026-02-12 15:03:50,85,5,10.0,Atenuação alta,Curvatura excessiva,Alta,8,2.27,5.7,Encerrado
3833,2026-02-12 10:53:00,2026-02-12 13:37:15,2026-02-12 14:21:01,82,6,4.0,Queda de energia,Disjuntor,Alta,8,,,Encerrado
3834,2026-02-12 11:21:13,2026-02-12 11:44:48,2026-02-12 15:23:24,94,9,5.0,Furto/vandalismo de cabo,Furto de cabo,Crítica,4,1.84,36.8,Encerrado
3835,2026-02-12 14:37:54,2026-02-12 21:08:15,2026-02-12 22:04:15,383,10,8.0,Falha de equipamento,Módulo óptico (SFP/QSFP),Baixa,48,,,Encerrado
3836,2026-02-12 14:56:15,2026-02-12 17:39:25,2026-02-12 20:58:07,76,12,18.0,Falha de equipamento,Switch,Alta,8,,,Encerrado
3837,2026-02-12 18:13:55,2026-02-12 19:34:14,2026-02-12 21:31:25,207,4,10.0,Rompimento de fibra,Acidente de trânsito (poste),Alta,8,2.41,29.5,Encerrado
3838,2026-02-12 23:03:03,2026-02-12 23:31:11,2026-02-13 03:48:35,251,4,13.0,Furto/vandalismo de cabo,Vandalismo,Crítica,4,2.58,24.4,Encerrado
3839,2026-02-13 06:13:26,2026-02-13 08:10:46,2026-02-13 09:16:52,247,4,16.0,Rompimento de fibra,Queda de árvore,Alta,8,3.29,20.2,Encerrado
3840,2026-02-13 06:54:18,2026-02-13 07:59:45,2026-02-13 10:30:48,70,16,18.0,Rompimento de fibra,Queda de árvore,Crítica,4,4.53,20.8,Encerrado
3841,2026-02-13 06:56:37,2026-02-14 03:39:46,2026-02-14 04:55:45,150,8,17.0,Queda de energia,Falta de energia da concessionária,Baixa,48,,,Encerrado
3842,2026-02-13 07:03:17,2026-02-13 08:50:27,2026-02-13 10:09:17,55,7,14.0,Falha de equipamento,Módulo óptico (SFP/QSFP),Alta,8,,,Encerrado
3843,2026-02-13 08:59:50,2026-02-13 10:17:36,2026-02-13 14:47:48,365,1,7.0,Rompimento de fibra,Acidente de trânsito (poste),Crítica,4,4.5,39.8,Encerrado
3844,2026-02-13 21:27:42,2026-02-14 05:08:15,2026-02-14 07:59:59,248,11,3.0,Falha de equipamento,Fonte de alimentação,Baixa,48,,,Encerrado
3845,2026-02-13 22:56:37,2026-02-13 23:30:36,2026-02-14 02:50:53,114,2,7.0,Atenuação alta,Conector sujo,Crítica,4,2.78,4.7,Encerrado
3846,2026-02-14 01:57:02,2026-02-14 10:10:42,2026-02-14 11:10:33,219,16,15.0,Queda de energia,Bateria do nobreak,Média,24,,,Encerrado
3847,2026-02-14 08:12:38,2026-02-14 08:43:15,2026-02-14 09:47:42,198,5,13.0,Queda de energia,Disjuntor,Alta,8,,,Encerrado
3848,2026-02-14 11:27:35,2026-02-14 11:53:29,2026-02-14 15:24:56,101,2,16.0,Rompimento de fibra,Queda de árvore,Crítica,4,4.25,27.5,Encerrado
3849,2026-02-14 12:36:44,2026-02-14 16:02:15,2026-02-14 17:25:24,38,16,6.0,Queda de energia,Disjuntor,Alta,8,,,Encerrado
3850,2026-02-14 13:41:58,2026-02-15 00:18:44,2026-02-15 05:55:42,305,13,12.0,Atenuação alta,Emenda degradada,Média,24,3.05,6.4,Encerrado
3851,2026-02-14 17:29:54,2026-02-14 18:35:19,2026-02-14 21:09:21,43,12,15.0,Rompimento de fibra,Acidente de trânsito (poste),Crítica,4,1.1,30.6,Encerrado
3852,2026-02-14 19:47:13,2026-02-14 20:29:28,2026-02-14 22:34:52,97,10,5.0,Queda de energia,Falta de energia da concessionária,Alta,8,,,Encerrado
3853,2026-02-15 00:59:08,2026-02-15 04:55:20,2026-02-15 07:30:58,233,15,15.0,Falha de equipamento,Módulo óptico (SFP/QSFP),Média,24,,,Encerrado
3854,2026-02-15 03:52:07,2026-02-15 04:31:52,2026-02-15 10:51:11,381,9,2.0,Rompimento de fibra,Roedores,Crítica,4,4.17,25.2,Encerrado
3855,2026-02-15 07:41:33,2026-02-15 08:20:08,2026-02-15 11:45:29,282,13,9.0,Rompimento de fibra,Queda de árvore,Alta,8,6.54,38.8,Encerrado
3856,2026-02-15 09:16:45,2026-02-15 09:37:46,2026-02-15 21:51:56,47,7,2.0,Rompimento de fibra,Queda de árvore,Crítica,4,3.3,31.0,Encerrado
3857,2026-02-15 12:48:08,2026-02-15 13:02:05,2026-02-16 00:52:59,95,10,17.0,Rompimento de fibra,Obra de terceiros,Crítica,4,7.1,26.6,Encerrado
3858,2026-02-15 14:30:14,2026-02-15 22:37:36,2026-02-15 23:57:21,156,5,1.0,Queda de energia,Disjuntor,Média,24,,,Encerrado
3859,2026-02-15 18:23:52,2026-02-15 19:28:56,2026-02-16 01:14:45,162,1,16.0,Rompimento de fibra,Roedores,Alta,8,3.42,36.5,Encerrado
3860,2026-02-15 19:25:22,2026-02-15 21:09:46,2026-02-16 02:17:48,388,11,12.0,Rompimento de fibra,Obra de terceiros,Alta,8,2.01,18.7,Encerrado
3861,2026-02-15 20:06:37,2026-02-15 22:11:53,2026-02-16 00:01:46,44,2,4.0,Queda de energia,Bateria do nobreak,Alta,8,,,Encerrado
3862,2026-02-15 20:47:31,2026-02-16 08:00:56,2026-02-16 10:36:29,164,16,12.0,Queda de energia,Bateria do nobreak,Média,24,,,Encerrado
3863,2026-02-16 01:54:55,2026-02-16 05:21:22,2026-02-16 15:35:20,19,8,8.0,Furto/vandalismo de cabo,Furto de cabo,Crítica,4,12.48,26.4,Encerrado
3864,2026-02-16 03:46:06,2026-02-16 04:32:26,2026-02-16 13:55:37,159,6,13.0,Rompimento de fibra,Acidente de trânsito (poste),Crítica,4,1.15,39.5,Encerrado
3865,2026-02-16 05:34:08,2026-02-16 06:17:03,2026-02-16 13:31:37,213,7,8.0,Rompimento de fibra,Acidente de trânsito (poste),Alta,8,4.44,26.2,Encerrado
3866,2026-02-16 05:35:01,2026-02-16 06:14:58,2026-02-16 12:49:54,97,10,11.0,Furto/vandalismo de cabo,Vandalismo,Crítica,4,1.46,29.4,Encerrado
3867,2026-02-16 07:06:57,2026-02-16 08:42:11,2026-02-16 13:56:20,193,8,5.0,Atenuação alta,Umidade na caixa de emenda,Média,24,2.66,4.7,Encerrado
3868,2026-02-16 09:16:31,2026-02-16 09:53:48,2026-02-16 13:02:45,315,1,7.0,Rompimento de fibra,Queda de árvore,Crítica,4,4.82,36.2,Encerrado
3869,2026-02-16 11:29:17,2026-02-16 14:58:36,2026-02-16 16:24:05,237,10,5.0,Queda de energia,Bateria do nobreak,Média,24,,,Encerrado
3870,2026-02-16 12:22:01,2026-02-16 15:47:59,2026-02-16 22:13:24,355,16,15.0,Atenuação alta,Curvatura excessiva,Média,24,5.89,5.8,Encerrado
3871,2026-02-16 14:45:29,2026-02-16 15:07:44,2026-02-16 17:57:21,8,8,14.0,Rompimento de fibra,Roedores,Crítica,4,7.49,31.4,Encerrado
3872,2026-02-16 14:55:22,2026-02-16 17:33:42,2026-02-16 20:42:33,363,6,16.0,Atenuação alta,Umidade na caixa de emenda,Média,24,4.48,2.4,Encerrado
3873,2026-02-16 15:54:21,2026-02-16 16:06:55,2026-02-16 21:42:53,140,16,3.0,Rompimento de fibra,Obra de terceiros,Crítica,4,1.07,21.6,Encerrado
3874,2026-02-16 17:00:34,2026-02-16 17:32:18,2026-02-16 19:31:48,373,16,9.0,Queda de energia,Disjuntor,Alta,8,,,Encerrado
3875,2026-02-16 17:06:47,2026-02-16 17:52:36,2026-02-16 21:54:25,118,4,10.0,Rompimento de fibra,Obra de terceiros,Crítica,4,4.81,18.5,Encerrado
3876,2026-02-16 18:24:46,2026-02-16 18:49:43,2026-02-16 23:19:28,193,7,2.0,Falha de equipamento,Switch,Alta,8,,,Encerrado
3877,2026-02-16 18:57:02,2026-02-16 19:37:06,2026-02-16 21:12:03,185,6,4.0,Configuração,Atualização de firmware,Alta,8,,,Encerrado
3878,2026-02-16 22:42:11,2026-02-16 23:10:09,2026-02-17 02:53:15,3,15,3.0,Falha de equipamento,Placa de interface,Crítica,4,,,Encerrado
3879,2026-02-17 00:53:10,2026-02-17 01:23:57,2026-02-17 11:06:12,265,15,12.0,Rompimento de fibra,Roedores,Crítica,4,1.77,21.4,Encerrado
3880,2026-02-17 02:19:13,2026-02-17 02:51:06,2026-02-17 11:43:52,29,10,14.0,Rompimento de fibra,Queda de árvore,Crítica,4,6.54,20.9,Encerrado
3881,2026-02-17 03:26:14,2026-02-17 03:39:41,2026-02-17 05:27:47,57,16,6.0,Rompimento de fibra,Acidente de trânsito (poste),Crítica,4,2.32,24.2,Encerrado
3882,2026-02-17 05:46:07,2026-02-17 09:58:50,2026-02-17 11:55:25,112,8,14.0,Queda de energia,Falta de energia da concessionária,Média,24,,,Encerrado
3883,2026-02-17 06:30:08,2026-02-17 12:27:32,2026-02-17 14:42:01,152,10,14.0,Atenuação alta,Emenda degradada,Média,24,0.17,5.3,Encerrado
3884,2026-02-17 11:48:51,2026-02-17 13:50:28,2026-02-17 20:55:56,399,15,6.0,Rompimento de fibra,Queda de árvore,Alta,8,6.91,32.7,Encerrado
3885,2026-02-17 14:15:51,2026-02-17 16:55:39,2026-02-17 18:35:33,247,3,13.0,Atenuação alta,Conector sujo,Baixa,48,7.54,2.9,Encerrado
3886,2026-02-17 14:30:52,2026-02-18 15:11:57,2026-02-18 22:46:30,381,7,11.0,Atenuação alta,Emenda degradada,Baixa,48,0.77,1.6,Encerrado
3887,2026-02-17 14:40:06,2026-02-17 19:30:24,2026-02-17 20:15:55,19,9,2.0,Falha de equipamento,Placa de interface,Média,24,,,Encerrado
3888,2026-02-17 17:48:04,2026-02-17 20:24:25,2026-02-18 02:53:46,375,2,7.0,Rompimento de fibra,Roedores,Alta,8,3.93,28.1,Encerrado
3889,2026-02-17 19:44:47,2026-02-17 22:15:09,2026-02-18 04:31:58,66,9,5.0,Rompimento de fibra,Obra de terceiros,Crítica,4,9.57,21.6,Encerrado
3890,2026-02-17 19:50:42,2026-02-17 21:09:26,2026-02-18 07:18:14,72,8,8.0,Rompimento de fibra,Obra de terceiros,Crítica,4,2.04,30.1,Encerrado
3891,2026-02-17 20:43:13,2026-02-18 11:07:10,2026-02-18 11:40:18,230,13,18.0,Queda de energia,Bateria do nobreak,Baixa,48,,,Encerrado
3892,2026-02-17 21:23:11,2026-02-17 21:48:30,2026-02-18 03:10:05,213,9,2.0,Rompimento de fibra,Obra de terceiros,Crítica,4,2.1,28.0,Encerrado
3893,2026-02-17 21:26:13,2026-02-17 22:57:00,2026-02-18 01:23:29,177,7,2.0,Falha de equipamento,Módulo óptico (SFP/QSFP),Média,24,,,Encerrado
3894,2026-02-17 23:00:33,2026-02-18 00:29:57,2026-02-18 02:51:17,149,9,11.0,Rompimento de fibra,Obra de terceiros,Crítica,4,5.79,23.4,Encerrado
3895,2026-02-17 23:35:10,2026-02-19 00:51:05,2026-02-19 03:18:24,346,13,18.0,Falha de equipamento,Switch,Média,24,,,Encerrado
3896,2026-02-18 14:16:42,2026-02-18 15:26:36,2026-02-18 16:55:31,23,12,12.0,Rompimento de fibra,Roedores,Crítica,4,5.32,33.5,Encerrado
3897,2026-02-18 23:17:43,2026-02-19 03:54:52,2026-02-19 08:11:32,398,9,14.0,Atenuação alta,Umidade na caixa de emenda,Média,24,1.16,2.7,Encerrado
3898,2026-02-18 23:23:32,2026-02-18 23:39:50,2026-02-19 03:36:52,191,8,14.0,Rompimento de fibra,Obra de terceiros,Alta,8,2.09,35.0,Encerrado
3899,2026-02-19 00:15:04,2026-02-19 01:03:51,2026-02-19 06:54:32,148,2,16.0,Rompimento de fibra,Obra de terceiros,Crítica,4,2.55,18.4,Encerrado
3900,2026-02-19 00:50:36,2026-02-19 03:46:49,2026-02-19 08:48:21,376,15,9.0,Rompimento de fibra,Obra de terceiros,Alta,8,2.54,20.7,Encerrado
3901,2026-02-19 05:48:14,2026-02-19 06:43:33,2026-02-19 11:20:58,69,16,6.0,Rompimento de fibra,Queda de árvore,Crítica,4,1.36,35.6,Encerrado
3902,2026-02-19 06:44:58,2026-02-19 07:06:07,2026-02-19 08:17:54,210,1,13.0,Rompimento de fibra,Acidente de trânsito (poste),Crítica,4,2.3,32.6,Encerrado
3903,2026-02-19 11:13:39,2026-02-19 14:37:04,2026-02-19 17:15:19,354,8,5.0,Atenuação alta,Conector sujo,Média,24,5.41,2.7,Encerrado
3904,2026-02-19 12:33:00,2026-02-19 12:56:59,2026-02-19 16:38:03,342,2,13.0,Rompimento de fibra,Roedores,Crítica,4,3.58,18.0,Encerrado
3905,2026-02-19 13:12:30,2026-02-19 14:39:25,2026-02-19 19:48:55,269,14,3.0,Rompimento de fibra,Roedores,Alta,8,9.13,24.8,Encerrado
3906,2026-02-19 13:50:16,2026-02-19 14:27:37,2026-02-19 20:39:15,172,16,6.0,Rompimento de fibra,Queda de árvore,Crítica,4,3.65,25.9,Encerrado
3907,2026-02-19 14:14:33,2026-02-19 18:23:15,2026-02-19 19:03:11,98,2,4.0,Queda de energia,Bateria do nobreak,Média,24,,,Encerrado
3908,2026-02-19 16:29:51,2026-02-19 17:17:15,2026-02-19 19:32:33,55,7,8.0,Falha de equipamento,Switch,Crítica,4,,,Encerrado
3909,2026-02-19 19:42:08,2026-02-19 21:12:22,2026-02-20 00:22:07,207,3,10.0,Rompimento de fibra,Queda de árvore,Crítica,4,3.51,30.6,Encerrado
3910,2026-02-19 20:20:14,2026-02-19 22:45:30,2026-02-20 00:02:11,303,1,7.0,Queda de energia,Disjuntor,Média,24,,,Encerrado
3911,2026-02-19 20:46:15,2026-02-19 23:33:50,2026-02-20 04:16:34,313,2,10.0,Falha de equipamento,Módulo óptico (SFP/QSFP),Média,24,,,Encerrado
3912,2026-02-19 23:20:44,2026-02-20 12:18:17,2026-02-20 13:45:01,177,9,5.0,Atenuação alta,Conector sujo,Baixa,48,12.72,4.8,Encerrado
3913,2026-02-20 01:23:23,2026-02-20 02:19:20,2026-02-20 06:55:55,398,9,14.0,Rompimento de fibra,Queda de árvore,Crítica,4,12.3,23.0,Encerrado
3914,2026-02-20 05:28:55,2026-02-20 06:37:19,2026-02-20 13:11:59,269,15,3.0,Atenuação alta,Curvatura excessiva,Alta,8,2.84,8.2,Encerrado
3915,2026-02-20 07:54:32,2026-02-20 09:08:27,2026-02-20 10:44:44,322,12,6.0,Rompimento de fibra,Acidente de trânsito (poste),Alta,8,2.05,25.4,Encerrado
3916,2026-02-20 08:12:05,2026-02-20 09:10:09,2026-02-20 13:16:41,388,11,6.0,Rompimento de fibra,Roedores,Crítica,4,5.34,28.0,Encerrado
3917,2026-02-20 11:18:48,2026-02-20 11:43:07,2026-02-20 14:50:16,71,11,3.0,Rompimento de fibra,Obra de terceiros,Crítica,4,0.92,28.6,Encerrado
3918,2026-02-20 17:03:15,2026-02-20 18:10:47,2026-02-20 20:17:04,342,2,10.0,Atenuação alta,Curvatura excessiva,Alta,8,1.93,7.9,Encerrado
3919,2026-02-20 22:58:20,2026-02-21 00:23:31,2026-02-21 08:01:49,201,1,7.0,Furto/vandalismo de cabo,Furto de cabo,Crítica,4,0.9,34.3,Encerrado
3920,2026-02-21 00:12:57,2026-02-21 02:05:09,2026-02-21 09:31:30,240,7,17.0,Rompimento de fibra,Acidente de trânsito (poste),Alta,8,2.15,38.3,Encerrado
3921,2026-02-21 00:52:52,2026-02-22 04:03:23,2026-02-22 04:51:25,271,5,13.0,Configuração,Erro de configuração,Baixa,48,,,Encerrado
3922,2026-02-21 08:33:18,2026-02-21 10:31:30,2026-02-21 16:03:14,266,7,2.0,Rompimento de fibra,Acidente de trânsito (poste),Alta,8,1.76,18.8,Encerrado
3923,2026-02-21 08:43:02,2026-02-21 13:31:23,2026-02-21 17:21:26,217,10,17.0,Atenuação alta,Curvatura excessiva,Alta,8,1.57,7.5,Encerrado
3924,2026-02-21 09:55:07,2026-02-21 10:18:46,2026-02-21 14:57:31,392,1,4.0,Rompimento de fibra,Acidente de trânsito (poste),Crítica,4,1.4,28.4,Encerrado
3925,2026-02-21 12:13:57,2026-02-21 12:54:25,2026-02-21 14:37:28,314,1,4.0,Rompimento de fibra,Acidente de trânsito (poste),Crítica,4,9.28,19.2,Encerrado
3926,2026-02-21 14:19:18,2026-02-21 15:46:30,2026-02-21 20:29:17,298,5,10.0,Rompimento de fibra,Acidente de trânsito (poste),Crítica,4,3.82,21.5,Encerrado
3927,2026-02-21 16:30:05,2026-02-22 05:09:27,2026-02-22 06:09:42,394,11,12.0,Queda de energia,Bateria do nobreak,Média,24,,,Encerrado
3928,2026-02-21 18:33:12,2026-02-21 21:45:12,2026-02-22 00:28:16,295,6,13.0,Rompimento de fibra,Obra de terceiros,Alta,8,2.72,34.2,Encerrado
3929,2026-02-21 19:24:49,2026-02-21 19:49:38,2026-02-22 02:48:43,220,6,10.0,Rompimento de fibra,Acidente de trânsito (poste),Crítica,4,5.55,35.3,Encerrado
3930,2026-02-21 19:34:33,2026-02-21 20:51:54,2026-02-22 01:35:38,283,15,9.0,Rompimento de fibra,Obra de terceiros,Crítica,4,8.52,33.9,Encerrado
3931,2026-02-21 21:28:41,2026-02-21 22:14:06,2026-02-22 00:10:40,140,16,18.0,Rompimento de fibra,Obra de terceiros,Crítica,4,1.49,31.3,Encerrado
3932,2026-02-21 21:59:39,2026-02-22 09:23:08,2026-02-22 10:00:19,213,8,11.0,Queda de energia,Disjuntor,Média,24,,,Encerrado
3933,2026-02-22 02:59:24,2026-02-22 13:34:39,2026-02-22 16:09:59,26,10,5.0,Queda de energia,Falta de energia da concessionária,Média,24,,,Encerrado
3934,2026-02-22 05:24:43,2026-02-22 13:24:03,2026-02-22 13:54:02,156,5,7.0,Queda de energia,Disjuntor,Média,24,,,Encerrado
3935,2026-02-22 06:17:29,,,15,6,,Rompimento de fibra,,Crítica,4,2.14,29.6,Cancelado
3936,2026-02-22 09:44:31,2026-02-22 10:34:21,2026-02-22 15:57:34,68,10,5.0,Rompimento de fibra,Obra de terceiros,Crítica,4,3.16,27.9,Encerrado
3937,2026-02-22 12:39:19,2026-02-22 13:11:53,2026-02-22 18:23:48,54,12,15.0,Falha de equipamento,Switch,Crítica,4,,,Encerrado
3938,2026-02-22 13:29:54,2026-02-22 16:16:25,2026-02-22 19:00:17,296,6,16.0,Rompimento de fibra,Queda de árvore,Alta,8,2.19,22.4,Encerrado
3939,2026-02-22 16:12:32,2026-02-22 21:22:16,2026-02-22 23:36:34,21,3,13.0,Falha de equipamento,Módulo óptico (SFP/QSFP),Alta,8,,,Encerrado
3940,2026-02-22 19:22:11,2026-02-22 21:14:47,2026-02-23 00:24:26,33,11,12.0,Rompimento de fibra,Roedores,Crítica,4,6.48,25.6,Encerrado
3941,2026-02-22 19:27:58,2026-02-22 20:37:54,2026-02-23 01:23:39,115,14,18.0,Rompimento de fibra,Obra de terceiros,Crítica,4,2.76,31.1,Encerrado
3942,2026-02-23 00:35:53,2026-02-23 01:42:40,2026-02-23 03:04:06,56,5,16.0,Atenuação alta,Curvatura excessiva,Crítica,4,2.77,7.3,Encerrado
3943,2026-02-23 00:55:09,2026-02-23 01:30:40,2026-02-23 08:02:35,1,4,16.0,Rompimento de fibra,Queda de árvore,Crítica,4,3.82,38.1,Encerrado
3944,2026-02-23 06:42:47,2026-02-23 07:59:18,2026-02-23 12:30:53,182,11,9.0,Rompimento de fibra,Obra de terceiros,Crítica,4,2.81,24.9,Encerrado
3945,2026-02-23 06:56:38,2026-02-23 07:01:17,2026-02-23 13:54:40,301,14,18.0,Furto/vandalismo de cabo,Vandalismo,Alta,8,1.2,19.8,Encerrado
3946,2026-02-23 07:31:09,2026-02-23 08:05:29,2026-02-23 14:21:33,1,3,10.0,Rompimento de fibra,Acidente de trânsito (poste),Crítica,4,5.31,36.0,Encerrado
3947,2026-02-23 08:16:35,2026-02-23 10:36:08,2026-02-23 11:26:39,386,14,9.0,Falha de equipamento,Placa de interface,Média,24,,,Encerrado
3948,2026-02-23 09:28:02,2026-02-23 10:41:38,2026-02-23 11:37:00,100,4,13.0,Falha de equipamento,Módulo óptico (SFP/QSFP),Alta,8,,,Encerrado
3949,2026-02-23 13:47:48,2026-02-23 14:02:29,2026-02-23 18:20:10,354,8,2.0,Rompimento de fibra,Obra de terceiros,Crítica,4,4.9,21.7,Encerrado
3950,2026-02-23 14:36:28,2026-02-23 16:21:59,2026-02-23 21:58:53,154,10,5.0,Rompimento de fibra,Roedores,Alta,8,5.82,36.6,Encerrado
3951,2026-02-23 14:39:59,2026-02-23 14:55:19,2026-02-23 18:54:42,72,9,17.0,Rompimento de fibra,Queda de árvore,Crítica,4,8.28,29.8,Encerrado
3952,2026-02-23 14:40:51,2026-02-24 00:17:02,2026-02-24 01:50:34,304,13,9.0,Falha de equipamento,Módulo óptico (SFP/QSFP),Média,24,,,Encerrado
3953,2026-02-23 14:56:57,2026-02-23 17:53:07,2026-02-23 18:53:20,41,11,12.0,Configuração,Atualização de firmware,Média,24,,,Encerrado
3954,2026-02-23 21:44:58,2026-02-24 03:10:58,2026-02-24 05:25:39,384,7,14.0,Falha de equipamento,Módulo óptico (SFP/QSFP),Baixa,48,,,Encerrado
3955,2026-02-24 02:11:38,2026-02-24 03:07:47,2026-02-24 06:52:35,388,12,15.0,Furto/vandalismo de cabo,Furto de cabo,Crítica,4,0.95,32.5,Encerrado
3956,2026-02-24 05:23:47,2026-02-24 05:59:35,2026-02-24 06:40:48,116,11,18.0,Falha de equipamento,Módulo óptico (SFP/QSFP),Alta,8,,,Encerrado
3957,2026-02-24 05:58:25,2026-02-24 07:46:54,2026-02-24 12:41:20,125,13,9.0,Furto/vandalismo de cabo,Vandalismo,Alta,8,2.47,33.4,Encerrado
3958,2026-02-24 08:18:09,2026-02-24 08:33:45,2026-02-24 09:49:37,2,11,6.0,Atenuação alta,Conector sujo,Crítica,4,3.33,6.9,Encerrado
3959,2026-02-24 09:41:48,2026-02-24 09:56:59,2026-02-24 11:07:48,89,7,14.0,Atenuação alta,Umidade na caixa de emenda,Crítica,4,10.35,7.3,Encerrado
3960,2026-02-24 10:01:08,2026-02-24 10:11:43,2026-02-24 13:19:29,11,6,10.0,Falha de equipamento,Switch,Crítica,4,,,Encerrado
3961,2026-02-24 10:49:47,2026-02-24 12:24:21,2026-02-24 13:10:42,114,2,10.0,Atenuação alta,Emenda degradada,Média,24,10.32,6.3,Encerrado
3962,2026-02-24 11:40:44,2026-02-24 14:45:16,2026-02-24 19:05:15,209,15,3.0,Rompimento de fibra,Obra de terceiros,Alta,8,5.72,26.2,Encerrado
3963,2026-02-24 11:47:33,2026-02-24 12:32:24,2026-02-24 13:00:47,100,4,13.0,Atenuação alta,Curvatura excessiva,Crítica,4,3.01,3.8,Encerrado
3964,2026-02-24 14:39:26,2026-02-24 14:52:48,2026-02-25 02:29:27,36,9,11.0,Rompimento de fibra,Acidente de trânsito (poste),Crítica,4,1.87,25.3,Encerrado
3965,2026-02-24 15:36:11,2026-02-25 06:29:52,2026-02-25 08:54:06,231,3,13.0,Queda de energia,Falta de energia da concessionária,Média,24,,,Encerrado
3966,2026-02-24 16:35:26,2026-02-24 17:32:20,2026-02-24 19:13:01,48,6,7.0,Queda de energia,Falta de energia da concessionária,Crítica,4,,,Encerrado
3967,2026-02-24 16:53:19,2026-02-24 20:37:18,2026-02-24 22:05:10,201,2,4.0,Atenuação alta,Umidade na caixa de emenda,Média,24,8.07,5.3,Encerrado
3968,2026-02-24 16:53:58,2026-02-25 04:54:27,2026-02-25 07:09:39,372,14,9.0,Falha de equipamento,Placa de interface,Média,24,,,Encerrado
3969,2026-02-24 18:41:54,2026-02-24 22:59:53,2026-02-24 23:57:48,183,16,3.0,Atenuação alta,Emenda degradada,Média,24,2.02,1.5,Encerrado
3970,2026-02-24 21:01:13,2026-02-24 21:25:05,2026-02-25 03:00:05,333,12,6.0,Atenuação alta,Conector sujo,Alta,8,1.54,3.4,Encerrado
3971,2026-02-24 23:10:00,2026-02-25 03:10:11,2026-02-25 05:46:42,25,9,8.0,Falha de equipamento,Placa de interface,Alta,8,,,Encerrado
3972,2026-02-24 23:29:21,2026-02-25 00:18:48,2026-02-25 07:26:58,107,6,16.0,Furto/vandalismo de cabo,Vandalismo,Crítica,4,0.83,22.1,Encerrado
3973,2026-02-25 00:54:08,,,215,10,,Configuração,,Média,24,,,Cancelado
3974,2026-02-25 04:52:27,2026-02-25 05:58:17,2026-02-25 07:47:42,34,16,3.0,Falha de equipamento,Módulo óptico (SFP/QSFP),Média,24,,,Encerrado
3975,2026-02-25 05:14:52,2026-02-25 06:55:53,2026-02-25 10:37:05,19,8,5.0,Atenuação alta,Umidade na caixa de emenda,Alta,8,6.8,7.3,Encerrado
3976,2026-02-25 11:16:29,2026-02-26 01:02:28,2026-02-26 04:13:47,337,15,3.0,Falha de equipamento,Placa de interface,Média,24,,,Encerrado
3977,2026-02-25 11:34:11,2026-02-25 11:54:50,2026-02-25 13:55:11,103,4,16.0,Falha de equipamento,Módulo óptico (SFP/QSFP),Crítica,4,,,Encerrado
3978,2026-02-25 11:47:31,2026-02-25 12:14:40,2026-02-25 22:53:21,177,8,8.0,Rompimento de fibra,Obra de terceiros,Crítica,4,6.13,31.6,Encerrado
3979,2026-02-25 12:15:05,2026-02-25 16:31:01,2026-02-25 20:04:06,137,5,16.0,Queda de energia,Disjuntor,Média,24,,,Encerrado
3980,2026-02-26 10:42:18,2026-02-26 11:06:03,2026-02-26 11:51:56,298,5,16.0,Queda de energia,Bateria do nobreak,Alta,8,,,Encerrado
3981,2026-02-26 10:45:21,2026-02-26 13:02:26,2026-02-26 15:47:23,225,13,12.0,Falha de equipamento,Módulo óptico (SFP/QSFP),Média,24,,,Encerrado
3982,2026-02-26 14:34:17,2026-02-26 20:25:57,2026-02-26 22:46:04,160,1,13.0,Falha de equipamento,Placa de interface,Média,24,,,Encerrado
3983,2026-02-26 18:01:34,2026-02-27 01:36:02,2026-02-27 03:23:42,296,6,13.0,Falha de equipamento,Módulo óptico (SFP/QSFP),Baixa,48,,,Encerrado
3984,2026-02-26 18:24:22,2026-02-26 20:10:18,2026-02-26 21:04:24,318,15,3.0,Queda de energia,Bateria do nobreak,Alta,8,,,Encerrado
3985,2026-02-26 20:31:49,2026-02-26 21:56:19,2026-02-26 22:29:24,109,4,1.0,Queda de energia,Falta de energia da concessionária,Alta,8,,,Encerrado
3986,2026-02-26 22:13:32,2026-02-26 22:47:28,2026-02-27 05:25:14,16,4,4.0,Rompimento de fibra,Roedores,Crítica,4,2.26,20.7,Encerrado
3987,2026-02-27 04:54:04,2026-02-27 05:52:31,2026-02-27 17:18:02,226,10,11.0,Rompimento de fibra,Roedores,Crítica,4,2.35,28.0,Encerrado
3988,2026-02-27 06:04:21,2026-02-27 06:40:32,2026-02-27 14:40:43,400,5,13.0,Atenuação alta,Emenda degradada,Alta,8,2.48,2.9,Encerrado
3989,2026-02-27 07:26:32,2026-02-27 07:51:43,2026-02-27 08:40:58,25,9,14.0,Queda de energia,Bateria do nobreak,Alta,8,,,Encerrado
3990,2026-02-27 08:15:04,2026-02-27 14:39:45,2026-02-27 17:00:13,31,4,10.0,Atenuação alta,Conector sujo,Média,24,9.93,6.1,Encerrado
3991,2026-02-27 09:25:02,2026-02-27 19:37:40,2026-02-27 21:01:16,326,5,4.0,Configuração,Atualização de firmware,Média,24,,,Encerrado
3992,2026-02-27 14:27:27,2026-02-27 18:04:33,2026-02-28 08:47:21,173,11,15.0,Rompimento de fibra,Queda de árvore,Alta,8,1.97,21.9,Encerrado
3993,2026-02-27 14:44:26,2026-02-27 15:09:05,2026-02-27 17:20:22,300,10,17.0,Rompimento de fibra,Acidente de trânsito (poste),Crítica,4,1.28,29.0,Encerrado
3994,2026-02-27 20:43:50,2026-02-27 22:12:12,2026-02-28 01:16:40,302,12,12.0,Atenuação alta,Emenda degradada,Alta,8,7.31,9.0,Encerrado
3995,2026-02-27 21:12:17,2026-02-27 21:48:36,2026-02-28 07:21:10,247,3,10.0,Rompimento de fibra,Obra de terceiros,Alta,8,8.59,19.4,Encerrado
3996,2026-02-28 00:42:18,2026-02-28 01:09:39,2026-02-28 02:00:05,41,11,12.0,Atenuação alta,Curvatura excessiva,Alta,8,4.83,3.0,Encerrado
3997,2026-02-28 03:25:35,2026-02-28 05:40:51,2026-02-28 07:26:05,234,7,14.0,Falha de equipamento,Módulo óptico (SFP/QSFP),Alta,8,,,Encerrado
3998,2026-02-28 08:27:40,2026-02-28 14:27:28,2026-02-28 15:48:00,66,8,8.0,Queda de energia,Falta de energia da concessionária,Média,24,,,Encerrado
3999,2026-02-28 10:36:03,2026-02-28 12:03:45,2026-02-28 13:48:42,133,3,10.0,Rompimento de fibra,Roedores,Crítica,4,2.86,28.5,Encerrado
4000,2026-02-28 12:52:58,2026-02-28 13:59:10,2026-02-28 16:20:33,19,9,2.0,Rompimento de fibra,Acidente de trânsito (poste),Crítica,4,4.83,36.5,Encerrado
4001,2026-02-28 15:41:42,2026-02-28 16:54:11,2026-02-28 23:14:20,6,2,16.0,Furto/vandalismo de cabo,Furto de cabo,Crítica,4,6.7,34.1,Encerrado
4002,2026-02-28 23:06:53,2026-03-02 05:14:00,2026-03-02 05:48:39,193,8,5.0,Queda de energia,Falta de energia da concessionária,Baixa,48,,,Encerrado
4003,2026-03-01 08:02:19,2026-03-01 09:03:45,2026-03-01 12:34:07,60,2,13.0,Rompimento de fibra,Obra de terceiros,Crítica,4,3.83,29.6,Encerrado
4004,2026-03-01 08:12:00,2026-03-01 12:46:36,2026-03-01 15:11:37,122,15,18.0,Falha de equipamento,Placa de interface,Média,24,,,Encerrado
4005,2026-03-01 11:50:48,2026-03-01 18:34:24,2026-03-01 19:38:21,307,13,6.0,Queda de energia,Falta de energia da concessionária,Baixa,48,,,Encerrado
4006,2026-03-01 18:40:12,2026-03-01 22:29:59,2026-03-01 23:33:55,266,9,14.0,Queda de energia,Falta de energia da concessionária,Média,24,,,Encerrado
4007,2026-03-01 19:02:02,2026-03-01 22:04:06,2026-03-02 09:19:05,360,3,7.0,Rompimento de fibra,Acidente de trânsito (poste),Alta,8,6.12,37.2,Encerrado
4008,2026-03-02 00:52:09,2026-03-02 04:05:51,2026-03-02 07:32:31,55,9,17.0,Atenuação alta,Umidade na caixa de emenda,Alta,8,4.49,2.0,Encerrado
4009,2026-03-02 03:38:14,2026-03-02 07:17:19,2026-03-02 09:07:17,52,11,18.0,Falha de equipamento,Switch,Média,24,,,Encerrado
4010,2026-03-02 03:46:32,2026-03-02 04:45:09,2026-03-02 06:10:07,113,10,8.0,Falha de equipamento,Placa de interface,Crítica,4,,,Encerrado
4011,2026-03-02 04:03:45,2026-03-02 04:45:10,2026-03-02 08:46:45,238,14,6.0,Rompimento de fibra,Queda de árvore,Crítica,4,5.23,34.2,Encerrado
4012,2026-03-02 07:06:33,2026-03-02 08:36:19,2026-03-02 09:16:53,49,3,10.0,Queda de energia,Disjuntor,Alta,8,,,Encerrado
4013,2026-03-02 07:13:00,2026-03-02 07:49:28,2026-03-02 09:58:20,29,10,17.0,Falha de equipamento,Switch,Alta,8,,,Encerrado
4014,2026-03-02 07:44:58,2026-03-02 07:52:24,2026-03-02 08:02:06,222,5,13.0,Queda de energia,Disjuntor,Alta,8,,,Encerrado
4015,2026-03-02 09:52:22,2026-03-02 10:37:49,2026-03-02 15:46:51,160,1,10.0,Rompimento de fibra,Obra de terceiros,Alta,8,2.48,21.4,Encerrado
4016,2026-03-02 13:36:57,2026-03-02 14:55:15,2026-03-02 20:47:19,214,16,15.0,Rompimento de fibra,Obra de terceiros,Crítica,4,3.53,37.0,Encerrado
4017,2026-03-02 14:54:14,2026-03-02 18:54:53,2026-03-02 21:23:39,73,1,13.0,Atenuação alta,Umidade na caixa de emenda,Média,24,3.04,8.8,Encerrado
4018,2026-03-02 15:58:12,2026-03-02 18:11:33,2026-03-02 19:20:29,296,6,13.0,Atenuação alta,Conector sujo,Média,24,3.75,3.7,Encerrado
4019,2026-03-02 17:04:31,2026-03-02 21:17:28,2026-03-02 23:14:44,398,7,14.0,Falha de equipamento,Placa de interface,Média,24,,,Encerrado
4020,2026-03-02 19:24:42,2026-03-02 19:51:13,2026-03-03 01:17:04,240,7,2.0,Rompimento de fibra,Queda de árvore,Crítica,4,2.87,27.4,Encerrado
4021,2026-03-02 22:17:10,2026-03-02 22:43:36,2026-03-02 23:49:52,96,5,13.0,Rompimento de fibra,Obra de terceiros,Crítica,4,3.11,37.3,Encerrado
4022,2026-03-02 23:52:21,,,58,11,,Rompimento de fibra,,Crítica,4,3.27,21.2,Cancelado
4023,2026-03-03 01:32:51,,,89,9,,Rompimento de fibra,,Crítica,4,3.89,21.7,Cancelado
4024,2026-03-03 07:06:39,2026-03-03 09:42:05,2026-03-03 11:29:48,360,4,10.0,Falha de equipamento,Fonte de alimentação,Alta,8,,,Encerrado
4025,2026-03-03 11:14:46,2026-03-03 17:08:14,2026-03-03 17:40:48,259,10,17.0,Falha de equipamento,Switch,Baixa,48,,,Encerrado
4026,2026-03-03 18:30:42,2026-03-03 20:23:02,2026-03-03 20:53:00,237,10,14.0,Configuração,Atualização de firmware,Alta,8,,,Encerrado
4027,2026-03-03 21:42:30,2026-03-03 22:12:21,2026-03-04 01:44:45,74,5,10.0,Rompimento de fibra,Roedores,Crítica,4,2.79,37.4,Encerrado
4028,2026-03-03 22:45:26,2026-03-04 11:32:59,2026-03-04 12:26:26,168,1,1.0,Atenuação alta,Emenda degradada,Baixa,48,4.05,3.3,Encerrado
4029,2026-03-04 02:51:05,2026-03-04 06:07:07,2026-03-04 07:29:07,95,10,2.0,Queda de energia,Bateria do nobreak,Alta,8,,,Encerrado
4030,2026-03-04 04:35:07,2026-03-04 16:55:14,2026-03-04 20:14:20,380,12,3.0,Atenuação alta,Conector sujo,Média,24,6.22,3.9,Encerrado
4031,2026-03-04 10:31:39,2026-03-04 17:18:18,2026-03-04 19:42:50,264,14,9.0,Atenuação alta,Emenda degradada,Média,24,1.89,4.4,Encerrado
4032,2026-03-04 12:24:38,2026-03-05 06:23:09,2026-03-05 07:57:50,384,7,14.0,Queda de energia,Bateria do nobreak,Baixa,48,,,Encerrado
4033,2026-03-04 14:05:47,2026-03-04 14:17:34,2026-03-04 16:56:39,129,3,4.0,Queda de energia,Disjuntor,Alta,8,,,Encerrado
4034,2026-03-04 14:15:57,2026-03-04 14:26:10,2026-03-04 15:11:23,156,5,1.0,Queda de energia,Disjuntor,Alta,8,,,Encerrado
4035,2026-03-04 14:49:24,2026-03-04 21:17:21,2026-03-04 22:34:50,261,16,6.0,Queda de energia,Falta de energia da concessionária,Baixa,48,,,Encerrado
4036,2026-03-04 19:49:50,2026-03-04 19:51:44,2026-03-05 01:35:09,57,16,3.0,Rompimento de fibra,Roedores,Crítica,4,2.77,31.5,Encerrado
4037,2026-03-04 21:46:04,2026-03-04 22:00:59,2026-03-05 00:43:01,267,5,13.0,Rompimento de fibra,Roedores,Crítica,4,7.26,39.4,Encerrado
4038,2026-03-05 04:58:28,2026-03-05 09:06:52,2026-03-05 10:29:35,287,16,3.0,Queda de energia,Falta de energia da concessionária,Alta,8,,,Encerrado
4039,2026-03-05 05:04:51,2026-03-05 05:15:49,2026-03-05 22:27:19,26,10,8.0,Rompimento de fibra,Queda de árvore,Crítica,4,1.59,18.3,Encerrado
4040,2026-03-05 06:30:13,2026-03-05 07:36:08,2026-03-05 10:23:41,52,11,6.0,Rompimento de fibra,Acidente de trânsito (poste),Crítica,4,1.81,37.5,Encerrado
4041,2026-03-05 09:43:16,2026-03-06 09:49:19,2026-03-06 10:21:05,353,1,1.0,Falha de equipamento,Módulo óptico (SFP/QSFP),Baixa,48,,,Encerrado
4042,2026-03-05 11:25:17,2026-03-05 12:01:01,2026-03-05 17:12:49,25,7,17.0,Atenuação alta,Umidade na caixa de emenda,Alta,8,14.13,3.0,Encerrado
4043,2026-03-05 17:03:51,2026-03-05 17:33:13,2026-03-05 23:07:17,19,8,17.0,Rompimento de fibra,Queda de árvore,Crítica,4,5.13,35.0,Encerrado
4044,2026-03-05 19:59:08,,,55,8,,Rompimento de fibra,,Crítica,4,3.26,21.0,Cancelado
4045,2026-03-05 20:09:44,2026-03-05 20:18:38,2026-03-05 23:15:46,12,15,18.0,Furto/vandalismo de cabo,Furto de cabo,Crítica,4,4.56,25.9,Encerrado
4046,2026-03-05 20:13:45,2026-03-06 07:47:43,2026-03-06 09:26:24,279,5,7.0,Atenuação alta,Emenda degradada,Baixa,48,0.42,6.9,Encerrado
4047,2026-03-05 22:25:35,2026-03-06 03:53:02,2026-03-06 05:42:44,144,15,9.0,Queda de energia,Falta de energia da concessionária,Média,24,,,Encerrado
4048,2026-03-06 00:16:03,2026-03-06 09:00:08,2026-03-06 11:28:31,253,9,11.0,Falha de equipamento,Módulo óptico (SFP/QSFP),Baixa,48,,,Encerrado
4049,2026-03-06 03:10:05,2026-03-06 03:33:06,2026-03-06 05:15:25,389,4,13.0,Rompimento de fibra,Queda de árvore,Crítica,4,4.35,20.8,Encerrado
4050,2026-03-06 06:43:02,2026-03-06 16:17:30,2026-03-06 16:32:17,302,12,12.0,Queda de energia,Falta de energia da concessionária,Média,24,,,Encerrado
4051,2026-03-06 06:58:23,2026-03-06 09:25:59,2026-03-06 11:22:24,398,9,14.0,Configuração,Atualização de firmware,Alta,8,,,Encerrado
4052,2026-03-06 12:59:10,2026-03-06 14:39:17,2026-03-06 19:30:56,280,5,16.0,Falha de equipamento,Switch,Média,24,,,Encerrado
4053,2026-03-06 16:26:11,2026-03-07 06:39:30,2026-03-07 10:19:37,44,1,4.0,Atenuação alta,Emenda degradada,Média,24,0.06,3.7,Encerrado
4054,2026-03-06 17:56:07,2026-03-06 21:57:09,2026-03-07 00:01:17,327,16,6.0,Falha de equipamento,Fonte de alimentação,Alta,8,,,Encerrado
4055,2026-03-06 19:52:10,2026-03-06 22:46:19,2026-03-06 23:45:58,266,8,17.0,Atenuação alta,Emenda degradada,Média,24,3.37,4.8,Encerrado
4056,2026-03-06 23:45:53,2026-03-07 00:16:30,2026-03-07 06:47:41,22,2,16.0,Rompimento de fibra,Obra de terceiros,Crítica,4,3.77,35.3,Encerrado
4057,2026-03-07 01:09:17,2026-03-08 08:24:40,2026-03-08 09:11:36,294,13,12.0,Queda de energia,Disjuntor,Baixa,48,,,Encerrado
4058,2026-03-07 05:48:18,2026-03-07 10:03:36,2026-03-07 11:06:27,359,13,3.0,Queda de energia,Falta de energia da concessionária,Baixa,48,,,Encerrado
4059,2026-03-07 06:40:47,2026-03-08 00:16:51,2026-03-08 01:46:53,309,16,12.0,Queda de energia,Disjuntor,Baixa,48,,,Encerrado
4060,2026-03-07 10:05:40,2026-03-07 10:35:27,2026-03-07 17:10:43,197,5,16.0,Rompimento de fibra,Obra de terceiros,Crítica,4,2.14,19.2,Encerrado
4061,2026-03-07 15:58:51,2026-03-07 17:35:52,2026-03-07 19:57:39,295,6,10.0,Rompimento de fibra,Roedores,Alta,8,10.01,31.5,Encerrado
4062,2026-03-07 18:02:54,2026-03-07 20:33:01,2026-03-07 22:39:14,253,7,17.0,Queda de energia,Falta de energia da concessionária,Alta,8,,,Encerrado
4063,2026-03-07 18:13:51,2026-03-07 18:55:48,2026-03-07 20:20:17,167,1,13.0,Rompimento de fibra,Queda de árvore,Crítica,4,0.68,35.4,Encerrado
4064,2026-03-07 21:50:51,2026-03-07 23:44:06,2026-03-08 00:50:43,369,4,10.0,Falha de equipamento,Fonte de alimentação,Alta,8,,,Encerrado
4065,2026-03-07 23:42:15,2026-03-08 01:51:01,2026-03-08 02:37:53,25,9,11.0,Atenuação alta,Emenda degradada,Alta,8,3.42,6.1,Encerrado
4066,2026-03-07 23:48:51,2026-03-08 03:09:54,2026-03-08 09:03:43,89,7,8.0,Atenuação alta,Umidade na caixa de emenda,Alta,8,5.84,2.3,Encerrado
4067,2026-03-08 01:16:10,2026-03-08 23:32:17,2026-03-09 00:45:38,197,5,1.0,Configuração,Atualização de firmware,Baixa,48,,,Encerrado
4068,2026-03-08 03:12:00,2026-03-08 11:22:36,2026-03-08 13:19:13,43,11,3.0,Falha de equipamento,Módulo óptico (SFP/QSFP),Média,24,,,Encerrado
4069,2026-03-08 06:31:17,2026-03-08 15:04:36,2026-03-08 18:20:17,163,5,16.0,Atenuação alta,Emenda degradada,Média,24,1.3,6.3,Encerrado
4070,2026-03-08 10:34:14,2026-03-08 11:20:18,2026-03-08 18:02:21,251,3,10.0,Rompimento de fibra,Queda de árvore,Alta,8,1.49,30.7,Encerrado
4071,2026-03-08 16:11:08,2026-03-08 16:37:00,2026-03-08 17:26:42,43,11,3.0,Furto/vandalismo de cabo,Furto de cabo,Crítica,4,1.05,28.9,Encerrado
4072,2026-03-09 00:14:05,2026-03-09 02:08:25,2026-03-09 04:26:10,100,3,4.0,Atenuação alta,Conector sujo,Alta,8,2.16,8.4,Encerrado
4073,2026-03-09 02:00:46,2026-03-09 03:32:24,2026-03-09 06:40:35,324,11,18.0,Rompimento de fibra,Acidente de trânsito (poste),Crítica,4,1.41,18.1,Encerrado
4074,2026-03-09 08:56:33,2026-03-09 09:02:41,2026-03-10 01:16:58,288,10,14.0,Rompimento de fibra,Roedores,Alta,8,3.46,30.1,Encerrado
4075,2026-03-09 10:18:56,,,109,3,,Configuração,,Alta,8,,,Cancelado
4076,2026-03-09 12:15:29,2026-03-09 12:56:55,2026-03-09 20:30:57,91,3,7.0,Rompimento de fibra,Obra de terceiros,Crítica,4,0.54,20.1,Encerrado
4077,2026-03-09 16:48:48,2026-03-09 18:23:19,2026-03-10 00:24:56,182,11,9.0,Rompimento de fibra,Roedores,Crítica,4,6.0,34.1,Encerrado
4078,2026-03-09 16:59:21,2026-03-09 17:15:27,2026-03-09 19:00:30,47,9,14.0,Queda de energia,Bateria do nobreak,Crítica,4,,,Encerrado
4079,2026-03-09 18:19:57,2026-03-09 23:58:06,2026-03-10 02:27:23,328,14,12.0,Atenuação alta,Curvatura excessiva,Média,24,4.42,3.0,Encerrado
4080,2026-03-09 19:49:04,2026-03-09 20:20:27,2026-03-09 23:42:48,2,12,12.0,Rompimento de fibra,Obra de terceiros,Crítica,4,1.71,38.7,Encerrado
4081,2026-03-09 20:30:02,2026-03-09 20:38:45,2026-03-10 00:56:47,242,12,18.0,Rompimento de fibra,Roedores,Crítica,4,7.06,35.7,Encerrado
4082,2026-03-09 23:12:47,2026-03-09 23:21:48,2026-03-10 07:34:46,20,16,15.0,Atenuação alta,Emenda degradada,Crítica,4,1.77,3.7,Encerrado
4083,2026-03-09 23:21:19,2026-03-10 03:50:39,2026-03-10 05:23:04,384,9,14.0,Atenuação alta,Curvatura excessiva,Alta,8,0.74,1.5,Encerrado
4084,2026-03-10 03:24:52,2026-03-10 12:40:03,2026-03-10 13:45:12,398,7,8.0,Queda de energia,Falta de energia da concessionária,Média,24,,,Encerrado
4085,2026-03-10 04:04:28,2026-03-10 09:07:50,2026-03-10 13:08:03,104,3,7.0,Atenuação alta,Emenda degradada,Alta,8,2.18,4.7,Encerrado
4086,2026-03-10 04:31:48,2026-03-10 07:38:41,2026-03-10 08:55:28,310,5,4.0,Falha de equipamento,Fonte de alimentação,Alta,8,,,Encerrado
4087,2026-03-10 05:43:40,2026-03-10 07:50:15,2026-03-10 10:30:40,194,3,1.0,Rompimento de fibra,Obra de terceiros,Alta,8,4.56,25.2,Encerrado
4088,2026-03-10 11:42:50,2026-03-10 12:13:49,2026-03-10 15:51:16,50,13,3.0,Rompimento de fibra,Queda de árvore,Crítica,4,4.81,30.3,Encerrado
4089,2026-03-10 14:20:34,2026-03-10 14:25:27,2026-03-10 15:05:59,19,9,17.0,Atenuação alta,Umidade na caixa de emenda,Crítica,4,1.93,6.7,Encerrado
4090,2026-03-10 14:59:40,2026-03-10 15:57:05,2026-03-11 01:29:32,361,13,3.0,Rompimento de fibra,Roedores,Alta,8,9.92,33.9,Encerrado
4091,2026-03-10 18:02:58,2026-03-11 12:01:55,2026-03-11 14:41:19,157,12,6.0,Atenuação alta,Emenda degradada,Baixa,48,1.21,4.9,Encerrado
4092,2026-03-10 19:28:51,2026-03-10 19:35:00,2026-03-11 00:40:23,193,9,11.0,Rompimento de fibra,Obra de terceiros,Crítica,4,5.97,38.1,Encerrado
4093,2026-03-10 20:16:26,2026-03-11 03:00:28,2026-03-11 05:23:58,140,16,15.0,Atenuação alta,Umidade na caixa de emenda,Média,24,1.38,7.6,Encerrado
4094,2026-03-10 20:49:14,2026-03-10 22:22:00,2026-03-10 23:59:20,354,9,11.0,Queda de energia,Falta de energia da concessionária,Alta,8,,,Encerrado
4095,2026-03-11 02:31:36,2026-03-11 02:40:42,2026-03-11 10:02:19,202,14,6.0,Rompimento de fibra,Roedores,Alta,8,1.61,26.5,Encerrado
4096,2026-03-11 04:13:35,2026-03-11 07:29:03,2026-03-11 11:39:20,330,12,18.0,Furto/vandalismo de cabo,Furto de cabo,Alta,8,1.48,25.4,Encerrado
4097,2026-03-11 04:43:21,2026-03-11 05:29:06,2026-03-11 19:08:07,362,16,15.0,Rompimento de fibra,Queda de árvore,Alta,8,3.13,21.9,Encerrado
4098,2026-03-11 05:20:33,2026-03-11 05:36:20,2026-03-11 12:26:17,256,13,3.0,Rompimento de fibra,Roedores,Crítica,4,7.08,25.8,Encerrado
4099,2026-03-11 05:39:32,2026-03-11 07:34:26,2026-03-11 10:05:55,304,13,18.0,Rompimento de fibra,Queda de árvore,Alta,8,3.43,20.6,Encerrado
4100,2026-03-11 06:08:45,2026-03-11 06:32:35,2026-03-11 09:31:59,113,10,8.0,Queda de energia,Falta de energia da concessionária,Crítica,4,,,Encerrado
4101,2026-03-11 11:42:23,2026-03-12 09:32:11,2026-03-12 12:10:36,247,4,4.0,Falha de equipamento,Fonte de alimentação,Média,24,,,Encerrado
4102,2026-03-11 15:16:07,2026-03-11 19:07:28,2026-03-11 23:05:22,18,13,18.0,Falha de equipamento,Módulo óptico (SFP/QSFP),Média,24,,,Encerrado
4103,2026-03-11 17:34:10,2026-03-11 21:58:41,2026-03-11 23:16:20,286,16,15.0,Queda de energia,Falta de energia da concessionária,Alta,8,,,Encerrado
4104,2026-03-11 20:57:23,2026-03-11 21:30:38,2026-03-11 22:00:55,52,12,6.0,Queda de energia,Disjuntor,Alta,8,,,Encerrado
4105,2026-03-11 22:23:20,2026-03-12 00:00:53,2026-03-12 03:31:46,344,11,9.0,Rompimento de fibra,Roedores,Alta,8,3.93,37.5,Encerrado
4106,2026-03-11 22:34:15,2026-03-12 02:04:13,2026-03-12 03:18:40,31,3,4.0,Queda de energia,Disjuntor,Alta,8,,,Encerrado
4107,2026-03-11 22:59:57,2026-03-12 01:42:17,2026-03-12 13:36:49,318,15,9.0,Rompimento de fibra,Acidente de trânsito (poste),Alta,8,1.26,27.4,Encerrado
4108,2026-03-11 23:51:40,2026-03-12 01:04:53,2026-03-12 05:58:33,74,5,1.0,Rompimento de fibra,Roedores,Crítica,4,6.1,22.2,Encerrado
4109,2026-03-12 00:32:37,2026-03-12 00:49:40,2026-03-12 04:50:05,278,14,15.0,Furto/vandalismo de cabo,Vandalismo,Crítica,4,0.35,26.9,Encerrado
4110,2026-03-12 04:01:56,2026-03-12 04:31:31,2026-03-12 05:20:52,266,8,11.0,Rompimento de fibra,Roedores,Crítica,4,8.03,25.5,Encerrado
4111,2026-03-12 06:13:03,,,49,4,,Rompimento de fibra,,Crítica,4,4.3,25.6,Cancelado
4112,2026-03-12 12:04:28,2026-03-12 12:20:46,2026-03-12 13:52:27,400,5,13.0,Rompimento de fibra,Acidente de trânsito (poste),Crítica,4,3.09,26.7,Encerrado
4113,2026-03-12 18:16:46,2026-03-12 18:44:30,2026-03-12 23:15:21,294,13,12.0,Rompimento de fibra,Acidente de trânsito (poste),Crítica,4,17.09,28.8,Encerrado
4114,2026-03-12 20:01:44,2026-03-12 20:07:05,2026-03-13 02:43:30,374,6,4.0,Rompimento de fibra,Queda de árvore,Crítica,4,0.29,28.9,Encerrado
4115,2026-03-12 23:15:59,2026-03-13 18:58:08,2026-03-13 21:22:20,292,16,15.0,Falha de equipamento,Switch,Baixa,48,,,Encerrado
4116,2026-03-13 00:24:08,2026-03-13 01:43:15,2026-03-13 04:03:47,184,5,10.0,Atenuação alta,Umidade na caixa de emenda,Média,24,1.33,2.6,Encerrado
4117,2026-03-13 02:30:57,2026-03-13 02:41:19,2026-03-13 04:53:19,268,13,18.0,Atenuação alta,Conector sujo,Alta,8,2.83,7.3,Encerrado
4118,2026-03-13 03:42:14,2026-03-13 04:57:22,2026-03-13 06:41:37,201,1,16.0,Rompimento de fibra,Roedores,Alta,8,5.69,28.6,Encerrado
4119,2026-03-13 04:57:44,2026-03-13 20:22:38,2026-03-13 21:58:23,209,14,3.0,Atenuação alta,Emenda degradada,Média,24,0.52,4.1,Encerrado
4120,2026-03-13 09:26:06,2026-03-13 10:43:40,2026-03-13 13:34:55,244,11,12.0,Atenuação alta,Emenda degradada,Alta,8,4.23,4.7,Encerrado
4121,2026-03-13 11:28:15,2026-03-13 12:00:13,2026-03-13 16:35:03,207,4,16.0,Rompimento de fibra,Obra de terceiros,Alta,8,6.43,21.0,Encerrado
4122,2026-03-13 11:42:41,2026-03-13 23:22:13,2026-03-14 02:21:56,86,6,16.0,Falha de equipamento,Placa de interface,Média,24,,,Encerrado
4123,2026-03-13 15:08:10,2026-03-13 15:42:22,2026-03-13 19:01:52,334,15,18.0,Rompimento de fibra,Obra de terceiros,Crítica,4,2.58,31.4,Encerrado
4124,2026-03-13 18:13:59,2026-03-13 19:44:53,2026-03-14 06:23:02,43,12,3.0,Rompimento de fibra,Obra de terceiros,Crítica,4,1.43,39.0,Encerrado
4125,2026-03-13 18:42:51,2026-03-13 21:02:41,2026-03-14 03:16:38,149,9,8.0,Rompimento de fibra,Obra de terceiros,Alta,8,4.55,20.4,Encerrado
4126,2026-03-13 19:35:00,2026-03-13 20:54:04,2026-03-14 01:45:36,398,8,17.0,Rompimento de fibra,Acidente de trânsito (poste),Crítica,4,4.38,29.5,Encerrado
4127,2026-03-13 21:06:19,2026-03-14 00:18:11,2026-03-14 00:58:19,242,12,15.0,Queda de energia,Bateria do nobreak,Alta,8,,,Encerrado
4128,2026-03-14 01:02:37,2026-03-14 04:23:14,2026-03-14 06:01:05,277,3,16.0,Queda de energia,Disjuntor,Média,24,,,Encerrado
4129,2026-03-14 03:08:49,2026-03-14 16:51:50,2026-03-14 17:43:28,343,16,9.0,Queda de energia,Bateria do nobreak,Média,24,,,Encerrado
4130,2026-03-14 05:36:41,,,89,8,,Atenuação alta,,Alta,8,1.55,5.3,Cancelado
4131,2026-03-14 07:21:47,2026-03-14 15:35:44,2026-03-14 16:05:47,349,14,3.0,Configuração,Atualização de firmware,Baixa,48,,,Encerrado
4132,2026-03-14 09:24:43,2026-03-15 07:18:09,2026-03-15 09:26:49,341,5,10.0,Atenuação alta,Curvatura excessiva,Baixa,48,1.09,8.8,Encerrado
4133,2026-03-14 10:42:49,2026-03-14 11:16:09,2026-03-14 12:08:39,127,16,15.0,Queda de energia,Disjuntor,Alta,8,,,Encerrado
4134,2026-03-14 15:56:38,2026-03-14 16:10:59,2026-03-14 19:31:04,72,7,11.0,Atenuação alta,Conector sujo,Crítica,4,3.72,4.2,Encerrado
4135,2026-03-14 18:10:49,2026-03-14 19:38:28,2026-03-14 22:39:40,248,12,6.0,Rompimento de fibra,Acidente de trânsito (poste),Alta,8,4.64,24.0,Encerrado
4136,2026-03-15 01:12:27,2026-03-15 04:37:14,2026-03-15 04:51:59,146,15,18.0,Configuração,Erro de configuração,Média,24,,,Encerrado
4137,2026-03-15 02:14:24,2026-03-15 03:11:48,2026-03-15 07:18:25,177,9,14.0,Furto/vandalismo de cabo,Vandalismo,Crítica,4,4.85,24.1,Encerrado
4138,2026-03-15 03:37:59,2026-03-15 04:27:42,2026-03-15 06:41:06,106,13,3.0,Atenuação alta,Emenda degradada,Alta,8,4.18,8.9,Encerrado
4139,2026-03-15 04:08:53,2026-03-15 07:49:28,2026-03-15 14:53:55,213,7,17.0,Rompimento de fibra,Roedores,Alta,8,7.07,36.9,Encerrado
4140,2026-03-15 04:21:52,2026-03-15 05:06:57,2026-03-15 09:44:59,135,1,10.0,Rompimento de fibra,Queda de árvore,Crítica,4,7.71,28.6,Encerrado
4141,2026-03-15 06:54:31,2026-03-15 07:25:26,2026-03-15 09:04:35,56,5,1.0,Falha de equipamento,Placa de interface,Crítica,4,,,Encerrado
4142,2026-03-15 11:29:15,2026-03-15 22:06:47,2026-03-16 00:06:46,29,10,5.0,Queda de energia,Bateria do nobreak,Média,24,,,Encerrado
4143,2026-03-15 12:29:17,2026-03-15 13:42:35,2026-03-15 16:07:48,67,10,2.0,Atenuação alta,Umidade na caixa de emenda,Crítica,4,2.16,4.7,Encerrado
4144,2026-03-15 13:57:35,2026-03-16 00:37:42,2026-03-16 03:25:33,47,8,2.0,Falha de equipamento,Fonte de alimentação,Alta,8,,,Encerrado
4145,2026-03-15 14:47:55,2026-03-15 15:47:37,2026-03-15 19:21:45,169,12,6.0,Rompimento de fibra,Roedores,Alta,8,2.3,32.4,Encerrado
4146,2026-03-15 16:03:51,2026-03-15 17:07:08,2026-03-15 18:20:00,192,1,13.0,Queda de energia,Disjuntor,Alta,8,,,Encerrado
4147,2026-03-15 18:09:25,2026-03-16 23:52:42,2026-03-17 02:16:28,287,16,6.0,Queda de energia,Falta de energia da concessionária,Média,24,,,Encerrado
4148,2026-03-15 18:23:03,2026-03-16 04:55:53,2026-03-16 06:57:59,380,11,6.0,Queda de energia,Bateria do nobreak,Baixa,48,,,Encerrado
4149,2026-03-15 18:58:48,2026-03-15 21:10:58,2026-03-15 22:55:13,347,13,15.0,Queda de energia,Bateria do nobreak,Alta,8,,,Encerrado
4150,2026-03-15 22:14:18,2026-03-16 00:20:21,2026-03-16 05:42:06,370,2,16.0,Rompimento de fibra,Obra de terceiros,Crítica,4,1.79,24.7,Encerrado
4151,2026-03-15 22:51:27,2026-03-17 02:10:28,2026-03-17 03:08:30,123,6,10.0,Queda de energia,Disjuntor,Baixa,48,,,Encerrado
4152,2026-03-16 03:47:52,2026-03-16 03:55:51,2026-03-16 07:24:36,381,7,11.0,Furto/vandalismo de cabo,Furto de cabo,Crítica,4,2.35,39.8,Encerrado
4153,2026-03-16 05:17:38,2026-03-16 09:39:42,2026-03-16 11:11:54,302,11,18.0,Queda de energia,Falta de energia da concessionária,Média,24,,,Encerrado
4154,2026-03-16 06:47:06,2026-03-16 10:12:00,2026-03-16 12:20:41,167,1,1.0,Rompimento de fibra,Roedores,Alta,8,3.02,32.7,Encerrado
4155,2026-03-16 10:00:36,2026-03-17 15:52:46,2026-03-17 16:31:26,309,16,3.0,Falha de equipamento,Switch,Baixa,48,,,Encerrado
4156,2026-03-16 10:40:59,2026-03-17 00:17:40,2026-03-17 01:33:22,277,4,4.0,Falha de equipamento,Switch,Média,24,,,Encerrado
4157,2026-03-16 14:07:55,2026-03-16 15:32:22,2026-03-16 21:24:25,112,9,17.0,Rompimento de fibra,Acidente de trânsito (poste),Crítica,4,3.58,37.6,Encerrado
4158,2026-03-16 14:10:50,2026-03-16 14:17:35,2026-03-16 15:44:22,55,8,8.0,Queda de energia,Falta de energia da concessionária,Crítica,4,,,Encerrado
4159,2026-03-16 20:29:05,2026-03-17 05:17:02,2026-03-17 07:56:20,290,16,6.0,Atenuação alta,Conector sujo,Média,24,0.91,6.7,Encerrado
4160,2026-03-17 02:34:30,2026-03-18 11:39:41,2026-03-18 15:54:29,364,16,15.0,Atenuação alta,Umidade na caixa de emenda,Baixa,48,4.72,7.3,Encerrado
4161,2026-03-17 02:45:13,2026-03-17 04:50:26,2026-03-17 13:46:05,46,11,12.0,Rompimento de fibra,Obra de terceiros,Crítica,4,8.45,30.6,Encerrado
4162,2026-03-17 04:46:05,2026-03-17 12:53:56,2026-03-17 17:20:33,6,1,4.0,Atenuação alta,Umidade na caixa de emenda,Média,24,3.63,3.9,Encerrado
4163,2026-03-17 07:05:58,2026-03-17 11:13:25,2026-03-17 13:17:39,230,13,15.0,Falha de equipamento,Módulo óptico (SFP/QSFP),Média,24,,,Encerrado
4164,2026-03-17 14:38:41,2026-03-17 16:28:50,2026-03-17 19:07:52,251,3,4.0,Rompimento de fibra,Queda de árvore,Alta,8,2.23,31.8,Encerrado
4165,2026-03-17 15:39:28,2026-03-18 03:16:14,2026-03-18 05:38:33,129,4,16.0,Falha de equipamento,Placa de interface,Média,24,,,Encerrado
4166,2026-03-17 16:19:25,2026-03-17 20:21:05,2026-03-18 11:25:19,240,8,11.0,Rompimento de fibra,Acidente de trânsito (poste),Alta,8,4.36,36.1,Encerrado
4167,2026-03-17 16:51:50,2026-03-17 20:30:43,2026-03-17 22:25:23,222,5,16.0,Atenuação alta,Conector sujo,Média,24,6.78,6.9,Encerrado
4168,2026-03-18 00:23:26,2026-03-18 01:14:45,2026-03-18 04:41:15,394,12,6.0,Rompimento de fibra,Queda de árvore,Crítica,4,5.03,27.0,Encerrado
4169,2026-03-18 02:50:57,2026-03-18 18:39:50,2026-03-18 21:06:53,124,6,7.0,Falha de equipamento,Placa de interface,Baixa,48,,,Encerrado
4170,2026-03-18 08:11:15,2026-03-18 09:04:35,2026-03-18 11:29:19,328,14,3.0,Falha de equipamento,Switch,Alta,8,,,Encerrado
4171,2026-03-18 09:51:17,2026-03-18 11:48:16,2026-03-18 12:30:26,30,13,18.0,Queda de energia,Falta de energia da concessionária,Média,24,,,Encerrado
4172,2026-03-18 11:57:26,2026-03-18 12:26:50,2026-03-18 14:01:47,77,5,16.0,Atenuação alta,Umidade na caixa de emenda,Crítica,4,2.02,3.2,Encerrado
4173,2026-03-18 12:15:56,2026-03-18 13:18:02,2026-03-18 15:05:12,162,2,13.0,Falha de equipamento,Fonte de alimentação,Alta,8,,,Encerrado
4174,2026-03-18 13:11:36,2026-03-18 17:48:53,2026-03-18 19:08:39,244,12,6.0,Falha de equipamento,Switch,Média,24,,,Encerrado
4175,2026-03-18 14:14:10,2026-03-18 16:43:28,2026-03-18 21:21:01,196,14,3.0,Atenuação alta,Umidade na caixa de emenda,Alta,8,4.79,3.4,Encerrado
4176,2026-03-18 17:13:41,2026-03-19 04:26:36,2026-03-19 06:16:46,309,16,18.0,Queda de energia,Disjuntor,Média,24,,,Encerrado
4177,2026-03-18 23:55:10,2026-03-20 05:38:19,2026-03-20 06:37:00,376,15,15.0,Queda de energia,Disjuntor,Média,24,,,Encerrado
4178,2026-03-19 05:13:29,2026-03-19 05:50:18,2026-03-19 08:01:10,354,7,17.0,Rompimento de fibra,Roedores,Crítica,4,4.72,23.0,Encerrado
4179,2026-03-19 05:23:47,2026-03-19 05:47:27,2026-03-19 07:58:45,328,14,6.0,Configuração,Erro de configuração,Alta,8,,,Encerrado
4180,2026-03-19 05:27:24,2026-03-19 12:35:34,2026-03-19 13:55:05,149,9,5.0,Atenuação alta,Conector sujo,Média,24,0.84,1.6,Encerrado
4181,2026-03-19 08:43:22,2026-03-19 09:18:39,2026-03-19 16:20:32,94,9,5.0,Rompimento de fibra,Acidente de trânsito (poste),Crítica,4,4.0,30.9,Encerrado
4182,2026-03-19 11:33:55,2026-03-19 13:12:32,2026-03-19 17:00:13,3,15,3.0,Atenuação alta,Curvatura excessiva,Alta,8,13.66,4.6,Encerrado
4183,2026-03-19 13:19:33,2026-03-19 13:30:52,2026-03-19 14:52:14,57,16,12.0,Queda de energia,Falta de energia da concessionária,Crítica,4,,,Encerrado
4184,2026-03-19 17:31:06,2026-03-19 21:37:10,2026-03-19 22:04:57,145,16,9.0,Queda de energia,Disjuntor,Média,24,,,Encerrado
4185,2026-03-19 19:44:10,2026-03-19 20:05:42,2026-03-19 22:55:20,209,15,15.0,Queda de energia,Falta de energia da concessionária,Alta,8,,,Encerrado
4186,2026-03-20 01:33:52,2026-03-20 02:26:27,2026-03-20 06:57:00,35,6,7.0,Rompimento de fibra,Roedores,Crítica,4,2.05,18.9,Encerrado
4187,2026-03-20 02:00:35,2026-03-20 03:02:53,2026-03-20 07:22:43,253,7,8.0,Rompimento de fibra,Acidente de trânsito (poste),Alta,8,0.68,37.0,Encerrado
4188,2026-03-20 03:29:57,2026-03-20 03:44:39,2026-03-20 09:24:39,94,9,2.0,Furto/vandalismo de cabo,Furto de cabo,Crítica,4,5.35,29.5,Encerrado
4189,2026-03-20 07:21:54,2026-03-20 10:31:05,2026-03-20 13:21:43,234,8,5.0,Queda de energia,Disjuntor,Média,24,,,Encerrado
4190,2026-03-20 08:05:52,2026-03-20 09:37:05,2026-03-20 19:04:32,188,14,3.0,Rompimento de fibra,Acidente de trânsito (poste),Alta,8,7.85,29.3,Encerrado
4191,2026-03-20 08:24:08,2026-03-20 19:42:36,2026-03-20 21:41:14,254,16,3.0,Falha de equipamento,Placa de interface,Baixa,48,,,Encerrado
4192,2026-03-20 11:02:40,2026-03-21 00:20:55,2026-03-21 00:40:44,365,2,10.0,Configuração,Erro de configuração,Baixa,48,,,Encerrado
4193,2026-03-20 11:40:48,2026-03-20 12:51:13,2026-03-21 01:11:14,149,9,17.0,Rompimento de fibra,Acidente de trânsito (poste),Alta,8,2.59,25.5,Encerrado
4194,2026-03-20 17:41:54,2026-03-20 20:44:30,2026-03-20 21:08:53,295,6,16.0,Atenuação alta,Umidade na caixa de emenda,Alta,8,2.85,8.1,Encerrado
4195,2026-03-20 19:16:18,2026-03-20 19:49:57,2026-03-20 20:01:31,155,11,18.0,Configuração,Atualização de firmware,Alta,8,,,Encerrado
4196,2026-03-21 01:06:14,2026-03-21 03:26:10,2026-03-21 05:49:00,330,11,9.0,Falha de equipamento,Placa de interface,Média,24,,,Encerrado
4197,2026-03-21 02:18:41,2026-03-21 03:23:37,2026-03-21 04:10:32,117,6,1.0,Queda de energia,Disjuntor,Alta,8,,,Encerrado
4198,2026-03-21 05:19:59,2026-03-21 07:10:35,2026-03-21 07:35:41,51,6,1.0,Queda de energia,Falta de energia da concessionária,Alta,8,,,Encerrado
4199,2026-03-21 06:22:29,2026-03-21 12:19:45,2026-03-21 15:11:25,96,5,4.0,Queda de energia,Falta de energia da concessionária,Média,24,,,Encerrado
4200,2026-03-21 07:20:39,2026-03-21 07:39:16,2026-03-21 11:09:33,278,15,18.0,Rompimento de fibra,Acidente de trânsito (poste),Crítica,4,2.51,34.8,Encerrado
4201,2026-03-21 07:24:39,2026-03-21 13:42:31,2026-03-21 15:09:36,247,3,13.0,Queda de energia,Bateria do nobreak,Baixa,48,,,Encerrado
4202,2026-03-21 07:39:01,2026-03-21 17:36:48,2026-03-21 18:11:38,394,12,12.0,QUEDA DE ENERGIA,Falta de energia da concessionária,Média,24,,,Encerrado
4203,2026-03-21 07:40:44,2026-03-21 09:02:48,2026-03-21 10:40:22,121,6,1.0,Rompimento de fibra,Acidente de trânsito (poste),Alta,8,1.0,26.8,Encerrado
4204,2026-03-21 08:10:07,2026-03-21 17:27:56,2026-03-21 18:14:53,311,6,13.0,Queda de energia,Falta de energia da concessionária,Média,24,,,Encerrado
4205,2026-03-21 08:55:03,2026-03-21 10:03:48,2026-03-21 13:52:37,76,11,6.0,Atenuação alta,Umidade na caixa de emenda,Crítica,4,4.12,6.9,Encerrado
4206,2026-03-21 14:40:36,2026-03-21 19:32:34,2026-03-21 20:42:51,29,10,5.0,Queda de energia,Falta de energia da concessionária,Alta,8,,,Encerrado
4207,2026-03-21 15:06:44,2026-03-21 23:50:21,2026-03-22 11:26:40,384,8,11.0,Atenuação alta,Curvatura excessiva,Média,24,5.26,4.7,Encerrado
4208,2026-03-21 15:26:31,2026-03-21 21:16:05,2026-03-21 22:14:35,172,16,3.0,Queda de energia,Bateria do nobreak,Média,24,,,Encerrado
4209,2026-03-21 16:11:34,2026-03-21 16:19:53,2026-03-21 23:49:03,388,12,15.0,Rompimento de fibra,Queda de árvore,Crítica,4,2.06,37.3,Encerrado
4210,2026-03-21 20:33:44,2026-03-22 00:49:15,2026-03-22 01:49:10,204,13,18.0,Configuração,Atualização de firmware,Alta,8,,,Encerrado
4211,2026-03-21 21:44:05,2026-03-22 23:42:00,2026-03-23 03:34:26,384,9,8.0,Queda de energia,Falta de energia da concessionária,Média,24,,,Encerrado
4212,2026-03-21 23:09:33,2026-03-22 00:09:54,2026-03-22 02:58:29,171,6,16.0,Atenuação alta,Emenda degradada,Média,24,3.44,2.7,Encerrado
4213,2026-03-22 02:25:20,2026-03-22 02:38:28,2026-03-22 05:06:08,288,10,2.0,Rompimento de fibra,Roedores,Crítica,4,9.35,36.9,Encerrado
4214,2026-03-22 07:50:21,2026-03-22 09:15:03,2026-03-22 12:14:01,253,9,14.0,Falha de equipamento,Switch,Alta,8,,,Encerrado
4215,2026-03-22 08:36:40,2026-03-22 09:09:57,2026-03-22 10:05:11,96,5,13.0,Queda de energia,Falta de energia da concessionária,Crítica,4,,,Encerrado
4216,2026-03-22 08:37:21,2026-03-22 09:05:08,2026-03-22 11:32:50,32,4,4.0,Falha de equipamento,Placa de interface,Crítica,4,,,Encerrado
4217,2026-03-22 09:42:07,2026-03-22 10:07:01,2026-03-22 16:44:03,79,8,17.0,Atenuação alta,Emenda degradada,Alta,8,0.99,5.1,Encerrado
4218,2026-03-22 11:03:43,2026-03-22 23:22:22,2026-03-23 02:06:35,369,4,7.0,Falha de equipamento,Fonte de alimentação,Média,24,,,Encerrado
4219,2026-03-22 15:44:01,2026-03-22 17:31:33,2026-03-22 17:58:01,32,3,16.0,Queda de energia,Falta de energia da concessionária,Crítica,4,,,Encerrado
4220,2026-03-22 21:54:03,2026-03-23 07:26:57,2026-03-23 19:25:54,232,10,11.0,Atenuação alta,Conector sujo,Média,24,6.63,5.3,Encerrado
4221,2026-03-22 22:28:44,2026-03-23 01:08:45,2026-03-23 02:28:41,15,6,10.0,Queda de energia,Bateria do nobreak,Alta,8,,,Encerrado
4222,2026-03-23 02:05:05,2026-03-23 05:14:00,2026-03-23 06:44:48,13,10,14.0,Falha de equipamento,Placa de interface,Alta,8,,,Encerrado
4223,2026-03-23 04:28:12,2026-03-23 05:01:49,2026-03-23 05:53:15,120,12,9.0,Queda de energia,Disjuntor,Crítica,4,,,Encerrado
4224,2026-03-23 06:40:40,2026-03-23 10:56:55,2026-03-23 14:38:39,66,7,5.0,Queda de energia,Bateria do nobreak,Média,24,,,Encerrado
4225,2026-03-23 07:39:31,2026-03-23 12:39:04,2026-03-23 15:11:33,247,4,4.0,Atenuação alta,Umidade na caixa de emenda,Média,24,3.29,3.1,Encerrado
4226,2026-03-23 11:19:06,2026-03-23 14:20:29,2026-03-23 16:16:08,368,5,1.0,Atenuação alta,Curvatura excessiva,Média,24,3.4,8.3,Encerrado
4227,2026-03-23 14:18:49,2026-03-23 18:36:13,2026-03-23 20:00:45,223,13,18.0,Falha de equipamento,Fonte de alimentação,Média,24,,,Encerrado
4228,2026-03-23 21:59:51,2026-03-24 00:34:12,2026-03-24 03:51:53,115,15,12.0,Falha de equipamento,Módulo óptico (SFP/QSFP),Média,24,,,Encerrado
4229,2026-03-24 02:43:57,2026-03-24 07:11:50,2026-03-24 08:53:13,202,14,3.0,Queda de energia,Disjuntor,Alta,8,,,Encerrado
4230,2026-03-24 03:10:13,2026-03-24 12:15:13,2026-03-24 15:02:03,233,15,3.0,Queda de energia,Bateria do nobreak,Média,24,,,Encerrado
4231,2026-03-24 07:39:08,2026-03-24 09:30:59,2026-03-24 11:04:21,123,6,10.0,Falha de equipamento,Módulo óptico (SFP/QSFP),Alta,8,,,Encerrado
4232,2026-03-24 14:46:24,2026-03-24 17:33:53,2026-03-24 21:06:25,377,12,9.0,Atenuação alta,Curvatura excessiva,Média,24,5.15,2.4,Encerrado
4233,2026-03-24 14:54:29,2026-03-24 17:01:14,2026-03-24 23:15:07,177,7,14.0,Rompimento de fibra,Roedores,Alta,8,7.76,26.8,Encerrado
4234,2026-03-24 18:52:23,2026-03-25 06:41:45,2026-03-25 09:12:40,191,9,17.0,Falha de equipamento,Módulo óptico (SFP/QSFP),Média,24,,,Encerrado
4235,2026-03-25 02:23:05,2026-03-25 12:00:49,2026-03-25 12:34:56,193,7,2.0,Configuração,Erro de configuração,Média,24,,,Encerrado
4236,2026-03-25 02:29:14,2026-03-25 07:32:45,2026-03-25 08:15:55,176,13,12.0,Queda de energia,Bateria do nobreak,Média,24,,,Encerrado
4237,2026-03-25 04:34:05,2026-03-25 04:52:03,2026-03-25 08:00:13,46,11,3.0,Rompimento de fibra,Queda de árvore,Crítica,4,3.22,31.4,Encerrado
4238,2026-03-25 06:55:27,2026-03-25 07:20:27,2026-03-25 09:15:41,354,9,2.0,Furto/vandalismo de cabo,Furto de cabo,Crítica,4,4.05,27.2,Encerrado
4239,2026-03-25 14:54:13,2026-03-25 16:41:29,2026-03-25 17:13:59,52,11,15.0,Queda de energia,Bateria do nobreak,Alta,8,,,Encerrado
4240,2026-03-25 15:12:41,2026-03-25 15:27:07,2026-03-25 20:51:32,72,8,2.0,Rompimento de fibra,Acidente de trânsito (poste),Crítica,4,0.77,28.1,Encerrado
4241,2026-03-25 15:36:42,2026-03-25 22:59:08,2026-03-26 01:53:10,271,5,10.0,Falha de equipamento,Switch,Média,24,,,Encerrado
4242,2026-03-25 17:47:24,2026-03-25 19:26:28,2026-03-25 21:39:05,136,5,1.0,Rompimento de fibra,Obra de terceiros,Alta,8,6.15,25.4,Encerrado
4243,2026-03-25 18:33:37,2026-03-26 01:50:32,2026-03-26 03:41:15,246,10,14.0,Atenuação alta,Conector sujo,Média,24,1.67,5.9,Encerrado
4244,2026-03-25 20:39:34,2026-03-25 22:02:08,2026-03-26 06:14:43,247,4,10.0,Furto/vandalismo de cabo,Furto de cabo,Alta,8,14.64,19.8,Encerrado
4245,2026-03-25 21:35:38,2026-03-26 05:35:01,2026-03-26 07:16:27,303,1,4.0,Atenuação alta,Umidade na caixa de emenda,Média,24,1.88,6.1,Encerrado
4246,2026-03-25 22:27:11,2026-03-26 03:25:19,2026-03-26 09:13:59,177,7,17.0,Furto/vandalismo de cabo,Vandalismo,Alta,8,3.22,27.7,Encerrado
4247,2026-03-26 00:21:37,2026-03-26 02:02:17,2026-03-26 08:56:07,205,15,9.0,Rompimento de fibra,Obra de terceiros,Crítica,4,2.4,20.6,Encerrado
4248,2026-03-26 04:33:46,2026-03-26 04:50:30,2026-03-26 07:35:09,242,12,3.0,Rompimento de fibra,Roedores,Crítica,4,3.29,34.6,Encerrado
4249,2026-03-26 04:42:46,2026-03-26 09:49:52,2026-03-26 13:33:50,149,7,17.0,Falha de equipamento,Módulo óptico (SFP/QSFP),Média,24,,,Encerrado
4250,2026-03-26 07:19:44,2026-03-26 08:41:20,2026-03-26 10:02:37,241,16,18.0,Queda de energia,Disjuntor,Média,24,,,Encerrado
4251,2026-03-26 08:59:14,2026-03-26 12:42:36,2026-03-26 13:51:03,322,12,15.0,Queda de energia,Disjuntor,Média,24,,,Encerrado
4252,2026-03-26 11:17:21,2026-03-26 17:12:28,2026-03-26 23:10:24,212,7,11.0,Atenuação alta,Conector sujo,Média,24,1.15,5.5,Encerrado
4253,2026-03-26 13:16:55,2026-03-26 23:33:31,2026-03-26 23:58:07,388,11,6.0,Queda de energia,Falta de energia da concessionária,Média,24,,,Encerrado
4254,2026-03-26 19:14:25,2026-03-26 23:45:19,2026-03-27 01:42:29,336,13,6.0,Atenuação alta,Umidade na caixa de emenda,Média,24,6.26,2.3,Encerrado
4255,2026-03-26 21:40:45,2026-03-27 01:47:51,2026-03-27 04:55:51,387,6,13.0,Atenuação alta,Conector sujo,Média,24,3.79,7.0,Encerrado
4256,2026-03-26 22:34:36,2026-03-27 13:40:31,2026-03-27 15:07:23,199,4,7.0,Queda de energia,Bateria do nobreak,Média,24,,,Encerrado
4257,2026-03-27 00:38:57,2026-03-27 01:24:03,2026-03-27 04:29:46,398,7,17.0,Rompimento de fibra,Acidente de trânsito (poste),Crítica,4,6.02,19.5,Encerrado
4258,2026-03-27 03:13:10,2026-03-27 17:40:52,2026-03-27 18:42:40,277,4,10.0,Queda de energia,Bateria do nobreak,Média,24,,,Encerrado
4259,2026-03-27 05:19:55,2026-03-27 06:58:55,2026-03-27 08:32:55,174,1,10.0,Rompimento de fibra,Queda de árvore,Alta,8,4.34,28.7,Encerrado
4260,2026-03-27 06:41:44,2026-03-27 06:59:45,2026-03-27 08:39:48,322,12,18.0,Furto/vandalismo de cabo,Vandalismo,Crítica,4,4.52,34.3,Encerrado
4261,2026-03-27 07:28:59,2026-03-27 17:06:17,2026-03-27 20:12:17,157,11,12.0,Falha de equipamento,Módulo óptico (SFP/QSFP),Média,24,,,Encerrado
4262,2026-03-27 08:02:23,2026-03-27 08:49:13,2026-03-27 11:54:56,23,12,9.0,Rompimento de fibra,Obra de terceiros,Crítica,4,5.35,25.6,Encerrado
4263,2026-03-27 09:12:19,2026-03-27 14:53:37,2026-03-27 16:30:40,192,2,10.0,Atenuação alta,Curvatura excessiva,Média,24,5.2,4.6,Encerrado
4264,2026-03-27 15:17:30,2026-03-27 16:14:45,2026-03-27 17:07:23,201,1,16.0,Atenuação alta,Umidade na caixa de emenda,Alta,8,0.47,4.4,Encerrado
4265,2026-03-27 19:16:37,2026-03-27 19:57:05,2026-03-28 02:07:09,55,7,11.0,Rompimento de fibra,Roedores,Crítica,4,0.83,30.3,Encerrado
4266,2026-03-27 21:40:54,2026-03-27 22:25:54,2026-03-28 08:51:54,247,3,13.0,Furto/vandalismo de cabo,Vandalismo,Crítica,4,2.36,28.8,Encerrado
4267,2026-03-28 02:15:55,2026-03-28 03:13:03,2026-03-28 09:38:29,353,2,16.0,Rompimento de fibra,Acidente de trânsito (poste),Crítica,4,10.29,27.5,Encerrado
4268,2026-03-28 03:34:31,2026-03-28 04:17:09,2026-03-28 06:26:21,94,8,11.0,Atenuação alta,Curvatura excessiva,Crítica,4,0.82,8.7,Encerrado
4269,2026-03-28 07:54:28,2026-03-28 09:31:22,2026-03-28 20:48:37,398,7,14.0,Rompimento de fibra,Roedores,Crítica,4,6.03,19.9,Encerrado
4270,2026-03-28 09:10:58,2026-03-28 09:56:36,2026-03-28 10:47:48,37,2,13.0,Configuração,Erro de configuração,Crítica,4,,,Encerrado
4271,2026-03-28 10:53:34,2026-03-29 03:31:07,2026-03-29 09:19:59,377,12,15.0,Atenuação alta,Conector sujo,Média,24,5.62,4.5,Encerrado
4272,2026-03-28 11:01:01,2026-03-28 15:59:21,2026-03-28 16:19:13,196,15,6.0,Configuração,Erro de configuração,Baixa,48,,,Encerrado
4273,2026-03-28 13:53:04,2026-03-29 03:05:59,2026-03-29 03:45:22,202,15,15.0,Queda de energia,Falta de energia da concessionária,Baixa,48,,,Encerrado
4274,2026-03-28 14:32:01,2026-03-28 14:39:12,2026-03-28 19:52:58,126,14,6.0,Rompimento de fibra,Roedores,Crítica,4,2.59,20.7,Encerrado
4275,2026-03-28 15:09:44,2026-03-29 11:07:07,2026-03-29 12:21:05,339,10,14.0,Queda de energia,Falta de energia da concessionária,Baixa,48,,,Encerrado
4276,2026-03-28 16:37:41,2026-03-29 02:50:04,2026-03-29 06:30:39,97,10,5.0,Queda de energia,Falta de energia da concessionária,Média,24,,,Encerrado
4277,2026-03-29 00:41:48,2026-03-29 02:11:08,2026-03-29 06:57:51,172,16,15.0,Atenuação alta,Umidade na caixa de emenda,Alta,8,2.32,7.4,Encerrado
4278,2026-03-29 02:14:18,2026-03-29 04:39:45,2026-03-29 06:10:16,160,1,13.0,Falha de equipamento,Switch,Alta,8,,,Encerrado
4279,2026-03-29 04:18:19,2026-03-29 06:49:42,2026-03-29 08:54:52,31,3,1.0,Atenuação alta,Emenda degradada,Alta,8,2.32,6.6,Encerrado
4280,2026-03-29 06:27:13,2026-03-29 06:45:46,2026-03-29 08:44:15,250,7,17.0,Atenuação alta,Emenda degradada,Alta,8,1.75,4.0,Encerrado
4281,2026-03-29 08:06:55,2026-03-29 08:58:21,2026-03-29 11:18:15,130,13,9.0,Rompimento de fibra,Acidente de trânsito (poste),Alta,8,6.38,22.4,Encerrado
4282,2026-03-29 09:17:34,2026-03-29 10:05:11,2026-03-29 16:24:44,141,14,3.0,Rompimento de fibra,Obra de terceiros,Alta,8,10.89,33.4,Encerrado
4283,2026-03-29 11:17:09,2026-03-29 11:21:56,2026-03-29 16:37:53,173,11,3.0,Rompimento de fibra,Acidente de trânsito (poste),Crítica,4,2.29,33.5,Encerrado
4284,2026-03-29 16:12:07,2026-03-29 23:07:43,2026-03-30 01:48:21,234,8,5.0,Queda de energia,Falta de energia da concessionária,Média,24,,,Encerrado
4285,2026-03-29 18:59:59,2026-03-29 19:59:15,2026-03-29 22:30:57,31,3,4.0,Atenuação alta,Emenda degradada,Alta,8,5.79,6.3,Encerrado
4286,2026-03-30 00:21:44,2026-03-30 03:51:40,2026-03-30 07:07:28,177,8,14.0,Rompimento de fibra,Obra de terceiros,Alta,8,2.86,39.1,Encerrado
4287,2026-03-30 07:40:44,2026-03-30 12:03:23,2026-03-30 16:42:21,366,13,12.0,Queda de energia,Disjuntor,Baixa,48,,,Encerrado
4288,2026-03-30 10:30:29,2026-03-30 14:58:48,2026-03-30 16:16:15,392,1,13.0,Falha de equipamento,Fonte de alimentação,Alta,8,,,Encerrado
4289,2026-03-30 17:04:12,2026-03-31 06:41:56,2026-03-31 07:28:13,272,16,9.0,Atenuação alta,Curvatura excessiva,Baixa,48,1.16,4.7,Encerrado
4290,2026-03-30 18:16:28,2026-03-31 00:36:49,2026-03-31 04:55:09,231,3,10.0,Atenuação alta,Umidade na caixa de emenda,Média,24,8.0,5.7,Encerrado
4291,2026-03-30 19:19:23,2026-03-30 19:44:52,2026-03-30 23:40:20,311,6,4.0,Falha de equipamento,Placa de interface,Média,24,,,Encerrado
4292,2026-03-30 23:18:55,2026-03-30 23:28:16,2026-03-31 10:09:42,96,5,4.0,Rompimento de fibra,Obra de terceiros,Crítica,4,0.81,21.3,Encerrado
4293,2026-03-30 23:41:48,2026-03-31 17:12:04,2026-03-31 19:28:54,184,5,7.0,Atenuação alta,Umidade na caixa de emenda,Média,24,2.38,3.4,Encerrado
4294,2026-03-31 05:25:35,2026-03-31 06:00:19,2026-03-31 09:46:04,103,3,13.0,Rompimento de fibra,Acidente de trânsito (poste),Crítica,4,2.89,34.8,Encerrado
4295,2026-03-31 05:33:42,2026-03-31 06:20:11,2026-03-31 07:45:41,14,2,10.0,Falha de equipamento,Fonte de alimentação,Crítica,4,,,Encerrado
4296,2026-03-31 06:40:59,2026-03-31 07:14:20,2026-03-31 09:15:56,73,1,16.0,Rompimento de fibra,Acidente de trânsito (poste),Crítica,4,6.15,33.8,Encerrado
4297,2026-03-31 11:07:54,2026-03-31 11:59:11,2026-03-31 14:58:11,344,11,18.0,Rompimento de fibra,Roedores,Alta,8,5.38,36.9,Encerrado
4298,2026-03-31 14:48:59,2026-03-31 15:05:11,2026-03-31 16:32:09,398,7,14.0,Rompimento de fibra,Roedores,Alta,8,3.79,25.9,Encerrado
4299,2026-03-31 15:24:54,2026-03-31 15:39:41,2026-03-31 20:42:42,118,4,16.0,Rompimento de fibra,Queda de árvore,Crítica,4,2.11,32.8,Encerrado
4300,2026-03-31 15:40:55,2026-03-31 16:04:37,2026-04-01 00:45:48,25,8,8.0,Rompimento de fibra,Queda de árvore,Crítica,4,0.98,19.2,Encerrado
4301,2026-03-31 17:17:33,2026-03-31 17:40:17,2026-04-01 05:13:59,370,2,10.0,Rompimento de fibra,Obra de terceiros,Crítica,4,5.28,27.6,Encerrado
4302,2026-03-31 21:58:18,2026-04-01 01:47:22,2026-04-01 05:24:39,66,8,5.0,Atenuação alta,Conector sujo,Média,24,14.9,6.4,Encerrado
4303,2026-03-31 23:36:23,2026-04-01 00:57:33,2026-04-01 03:45:41,8,7,17.0,Queda de energia,Bateria do nobreak,Crítica,4,,,Encerrado
4304,2026-04-01 00:08:19,2026-04-01 08:55:12,2026-04-01 09:46:58,224,3,16.0,Configuração,Erro de configuração,Baixa,48,,,Encerrado
4305,2026-04-01 00:17:38,2026-04-01 14:00:49,2026-04-01 14:30:28,160,1,4.0,Queda de energia,Bateria do nobreak,Baixa,48,,,Encerrado
4306,2026-04-01 02:42:09,2026-04-01 04:06:52,2026-04-01 14:32:42,8,9,17.0,Atenuação alta,Umidade na caixa de emenda,Crítica,4,9.69,8.9,Encerrado
4307,2026-04-01 04:46:29,2026-04-01 04:51:34,2026-04-01 08:13:27,191,8,17.0,Rompimento de fibra,Acidente de trânsito (poste),Crítica,4,3.97,27.4,Encerrado
4308,2026-04-01 06:50:51,2026-04-01 10:25:09,2026-04-01 11:42:39,133,3,13.0,Queda de energia,Bateria do nobreak,Alta,8,,,Encerrado
4309,2026-04-01 07:41:52,2026-04-01 09:16:46,2026-04-01 11:38:14,380,11,6.0,Falha de equipamento,Fonte de alimentação,Alta,8,,,Encerrado
4310,2026-04-01 13:36:36,2026-04-01 13:49:47,2026-04-01 15:17:28,6,1,7.0,Rompimento de fibra,Roedores,Crítica,4,5.83,23.8,Encerrado
4311,2026-04-01 21:53:42,2026-04-02 00:44:44,2026-04-02 05:46:43,238,15,9.0,Atenuação alta,Emenda degradada,Média,24,4.16,2.4,Encerrado
4312,2026-04-02 00:05:09,2026-04-02 06:55:03,2026-04-02 10:51:54,154,10,8.0,Falha de equipamento,Fonte de alimentação,Baixa,48,,,Encerrado
4313,2026-04-02 05:01:19,2026-04-02 07:23:47,2026-04-02 09:38:22,313,1,13.0,Falha de equipamento,Placa de interface,Média,24,,,Encerrado
4314,2026-04-02 06:07:42,2026-04-02 08:07:51,2026-04-02 13:57:13,213,9,11.0,Atenuação alta,Curvatura excessiva,Alta,8,2.63,6.9,Encerrado
4315,2026-04-02 14:13:19,2026-04-02 15:24:00,2026-04-02 16:37:10,150,8,11.0,Furto/vandalismo de cabo,Furto de cabo,Crítica,4,0.72,23.8,Encerrado
4316,2026-04-02 15:22:24,2026-04-02 16:53:37,2026-04-02 18:30:17,182,11,6.0,Rompimento de fibra,Queda de árvore,Alta,8,2.24,30.7,Encerrado
4317,2026-04-02 19:44:38,2026-04-02 20:54:16,2026-04-02 21:32:45,247,4,16.0,Queda de energia,Disjuntor,Média,24,,,Encerrado
4318,2026-04-02 20:11:02,2026-04-02 21:17:48,2026-04-02 22:18:56,111,6,7.0,Falha de equipamento,Placa de interface,Crítica,4,,,Encerrado
4319,2026-04-02 23:44:47,2026-04-03 00:15:32,2026-04-03 02:00:36,156,5,1.0,Rompimento de fibra,Acidente de trânsito (poste),Alta,8,3.34,23.7,Encerrado
4320,2026-04-03 03:18:19,2026-04-03 03:49:26,2026-04-03 05:18:21,400,5,4.0,Queda de energia,Bateria do nobreak,Baixa,48,,,Encerrado
4321,2026-04-03 04:42:10,2026-04-03 10:53:53,2026-04-03 22:29:32,131,10,2.0,Furto/vandalismo de cabo,Vandalismo,Alta,8,3.28,31.3,Encerrado
4322,2026-04-03 18:23:36,2026-04-03 19:21:50,2026-04-03 21:54:40,98,1,10.0,Falha de equipamento,Módulo óptico (SFP/QSFP),Crítica,4,,,Encerrado
4323,2026-04-03 19:10:07,2026-04-03 21:28:51,2026-04-03 22:47:44,306,13,9.0,Queda de energia,Bateria do nobreak,Alta,8,,,Encerrado
4324,2026-04-03 21:10:53,2026-04-04 01:16:42,2026-04-04 02:32:13,370,1,10.0,Queda de energia,Falta de energia da concessionária,Alta,8,,,Encerrado
4325,2026-04-04 02:33:20,2026-04-04 17:25:21,2026-04-04 22:26:01,205,14,6.0,Atenuação alta,Umidade na caixa de emenda,Baixa,48,8.29,8.8,Encerrado
4326,2026-04-04 04:31:27,,,52,11,,Configuração,,Crítica,4,,,Cancelado
4327,2026-04-04 10:43:00,2026-04-04 12:03:38,2026-04-04 12:46:10,55,7,17.0,Configuração,Atualização de firmware,Crítica,4,,,Encerrado
4328,2026-04-04 13:44:59,2026-04-04 15:18:20,2026-04-04 18:34:34,276,13,3.0,Rompimento de fibra,Queda de árvore,Alta,8,8.9,36.1,Encerrado
4329,2026-04-04 17:37:50,2026-04-04 23:05:31,2026-04-05 02:18:44,313,2,7.0,Rompimento de fibra,Queda de árvore,Crítica,4,3.04,39.2,Encerrado
4330,2026-04-04 18:31:52,2026-04-04 18:50:37,2026-04-04 20:38:28,61,14,6.0,Rompimento de fibra,Obra de terceiros,Crítica,4,5.27,39.8,Encerrado
4331,2026-04-04 21:17:20,2026-04-04 21:59:55,2026-04-05 03:22:39,276,13,15.0,Furto/vandalismo de cabo,Vandalismo,Crítica,4,0.97,25.1,Encerrado
4332,2026-04-04 21:54:02,2026-04-05 00:09:38,2026-04-05 03:09:57,179,14,18.0,Rompimento de fibra,Obra de terceiros,Alta,8,6.03,25.7,Encerrado
4333,2026-04-04 22:48:11,2026-04-04 23:05:08,2026-04-05 04:25:10,94,8,8.0,Furto/vandalismo de cabo,Furto de cabo,Crítica,4,2.07,29.0,Encerrado
4334,2026-04-05 00:32:38,2026-04-05 12:42:54,2026-04-05 13:35:21,397,5,1.0,Configuração,Atualização de firmware,Baixa,48,,,Encerrado
4335,2026-04-05 05:17:00,2026-04-05 09:49:49,2026-04-05 10:24:53,396,2,10.0,Configuração,Atualização de firmware,Alta,8,,,Encerrado
4336,2026-04-05 05:22:37,2026-04-05 11:15:59,2026-04-05 12:03:34,148,1,16.0,Atenuação alta,Conector sujo,Média,24,1.29,8.2,Encerrado
4337,2026-04-05 05:52:41,2026-04-05 07:21:03,2026-04-05 07:46:27,72,8,2.0,Queda de energia,Disjuntor,Alta,8,,,Encerrado
4338,2026-04-05 07:11:19,2026-04-05 11:26:08,2026-04-05 12:31:35,208,14,18.0,Falha de equipamento,Módulo óptico (SFP/QSFP),Média,24,,,Encerrado
4339,2026-04-05 07:34:18,2026-04-05 11:11:58,2026-04-05 12:01:35,231,3,10.0,Falha de equipamento,Módulo óptico (SFP/QSFP),Média,24,,,Encerrado
4340,2026-04-05 08:42:35,2026-04-05 11:45:54,2026-04-06 00:33:41,279,5,7.0,Rompimento de fibra,Acidente de trânsito (poste),Alta,8,0.56,19.5,Encerrado
4341,2026-04-05 11:22:18,2026-04-05 15:30:36,2026-04-05 17:47:35,174,2,13.0,Atenuação alta,Conector sujo,Média,24,4.06,4.6,Encerrado
4342,2026-04-05 11:50:16,2026-04-05 17:02:13,2026-04-05 18:14:57,162,1,4.0,Atenuação alta,Umidade na caixa de emenda,Média,24,5.8,3.9,Encerrado
4343,2026-04-05 13:59:32,2026-04-05 14:51:12,2026-04-05 15:44:19,337,15,3.0,Configuração,Atualização de firmware,Alta,8,,,Encerrado
4344,2026-04-05 20:44:41,2026-04-07 21:20:57,2026-04-07 21:53:11,313,1,4.0,Configuração,Erro de configuração,Baixa,48,,,Encerrado
4345,2026-04-05 21:50:24,2026-04-06 04:15:03,2026-04-06 05:07:52,365,2,10.0,Configuração,Erro de configuração,Média,24,,,Encerrado
4346,2026-04-06 00:53:14,2026-04-06 02:51:05,2026-04-06 03:38:49,52,12,15.0,Falha de equipamento,Fonte de alimentação,Crítica,4,,,Encerrado
4347,2026-04-06 04:21:21,2026-04-06 17:58:16,2026-04-06 19:30:11,328,14,6.0,Queda de energia,Bateria do nobreak,Baixa,48,,,Encerrado
4348,2026-04-06 07:06:34,2026-04-06 10:18:08,2026-04-06 12:09:28,246,10,5.0,Falha de equipamento,Placa de interface,Baixa,48,,,Encerrado
4349,2026-04-06 07:48:51,2026-04-07 05:28:51,2026-04-07 11:34:57,392,1,4.0,Atenuação alta,Emenda degradada,Baixa,48,0.85,2.4,Encerrado
4350,2026-04-06 10:54:43,2026-04-06 16:34:57,2026-04-06 18:09:14,395,10,14.0,Falha de equipamento,Switch,Média,24,,,Encerrado
4351,2026-04-06 11:38:14,2026-04-06 17:37:01,2026-04-06 18:28:20,168,1,16.0,Configuração,Atualização de firmware,Média,24,,,Encerrado
4352,2026-04-06 19:51:15,2026-04-06 20:14:08,2026-04-07 01:05:05,143,6,4.0,Furto/vandalismo de cabo,Vandalismo,Crítica,4,9.03,24.6,Encerrado
4353,2026-04-06 21:23:08,2026-04-06 21:44:37,2026-04-06 23:11:48,255,4,10.0,Falha de equipamento,Módulo óptico (SFP/QSFP),Alta,8,,,Encerrado
4354,2026-04-06 22:26:21,2026-04-07 12:59:06,2026-04-07 14:12:30,218,13,9.0,Falha de equipamento,Fonte de alimentação,Média,24,,,Encerrado
4355,2026-04-07 00:50:33,2026-04-07 12:47:08,2026-04-07 13:57:26,63,13,3.0,Configuração,Erro de configuração,Média,24,,,Encerrado
4356,2026-04-07 04:33:32,2026-04-08 04:22:38,2026-04-08 10:31:25,309,16,9.0,Atenuação alta,Umidade na caixa de emenda,Baixa,48,2.25,7.6,Encerrado
4357,2026-04-07 17:46:59,2026-04-07 18:15:00,2026-04-08 04:04:24,3,15,15.0,Rompimento de fibra,Acidente de trânsito (poste),Crítica,4,4.46,29.9,Encerrado
4358,2026-04-07 18:52:04,2026-04-07 20:08:50,2026-04-07 20:29:42,318,15,12.0,Atenuação alta,Umidade na caixa de emenda,Alta,8,2.29,5.5,Encerrado
4359,2026-04-07 20:34:33,2026-04-08 02:50:53,2026-04-08 04:00:51,333,11,12.0,Atenuação alta,Emenda degradada,Média,24,1.87,7.5,Encerrado
4360,2026-04-07 22:08:59,2026-04-08 02:25:42,2026-04-08 03:01:59,155,12,18.0,Atenuação alta,Emenda degradada,Alta,8,1.13,8.4,Encerrado
4361,2026-04-07 22:25:55,2026-04-08 02:48:39,2026-04-08 08:17:22,394,11,3.0,Rompimento de fibra,Obra de terceiros,Alta,8,4.31,20.4,Encerrado
4362,2026-04-07 22:44:41,2026-04-09 01:13:37,2026-04-09 02:52:34,274,14,9.0,Falha de equipamento,Fonte de alimentação,Média,24,,,Encerrado
4363,2026-04-07 22:58:52,2026-04-08 01:35:27,2026-04-08 04:15:07,314,2,10.0,Rompimento de fibra,Roedores,Alta,8,4.38,19.1,Encerrado
4364,2026-04-08 00:02:34,2026-04-08 01:42:05,2026-04-08 05:50:35,84,12,15.0,Rompimento de fibra,Acidente de trânsito (poste),Crítica,4,2.52,30.4,Encerrado
4365,2026-04-08 02:14:42,2026-04-08 05:23:46,2026-04-08 06:06:41,380,11,18.0,Falha de equipamento,Switch,Média,24,,,Encerrado
4366,2026-04-08 03:23:37,2026-04-08 05:12:07,2026-04-08 11:48:56,283,14,12.0,Furto/vandalismo de cabo,Furto de cabo,Alta,8,10.75,33.8,Encerrado
4367,2026-04-08 04:58:39,2026-04-08 09:30:01,2026-04-08 12:39:05,195,6,10.0,Rompimento de fibra,Roedores,Alta,8,1.02,24.8,Encerrado
4368,2026-04-08 06:50:58,2026-04-08 07:08:58,2026-04-08 11:45:39,229,13,3.0,Rompimento de fibra,Obra de terceiros,Crítica,4,1.47,22.1,Encerrado
4369,2026-04-08 11:20:12,2026-04-08 11:40:02,2026-04-08 15:42:25,55,7,17.0,Rompimento de fibra,Obra de terceiros,Crítica,4,1.26,26.8,Encerrado
4370,2026-04-08 12:10:07,2026-04-08 13:37:45,2026-04-08 18:40:45,395,10,8.0,Falha de equipamento,Módulo óptico (SFP/QSFP),Alta,8,,,Encerrado
4371,2026-04-08 15:31:01,2026-04-09 03:47:48,2026-04-09 05:11:11,311,6,1.0,Queda de energia,Bateria do nobreak,Média,24,,,Encerrado
4372,2026-04-08 16:33:11,2026-04-09 02:42:17,2026-04-09 03:28:13,277,4,7.0,Falha de equipamento,Placa de interface,Média,24,,,Encerrado
4373,2026-04-08 16:50:57,2026-04-08 20:10:57,2026-04-08 21:45:58,333,12,6.0,Furto/vandalismo de cabo,Vandalismo,Alta,8,0.33,34.9,Encerrado
4374,2026-04-08 16:58:49,2026-04-08 19:50:41,2026-04-08 21:58:53,231,4,4.0,Atenuação alta,Curvatura excessiva,Alta,8,3.93,5.1,Encerrado
4375,2026-04-08 20:20:51,2026-04-09 09:37:23,2026-04-09 10:30:19,388,12,6.0,Falha de equipamento,Módulo óptico (SFP/QSFP),Média,24,,,Encerrado
4376,2026-04-08 22:09:12,2026-04-09 08:45:51,2026-04-09 09:46:23,162,2,1.0,Configuração,Erro de configuração,Média,24,,,Encerrado
4377,2026-04-08 22:17:39,2026-04-09 00:26:15,2026-04-09 06:05:45,116,12,9.0,Furto/vandalismo de cabo,Furto de cabo,Crítica,4,6.78,29.5,Encerrado
4378,2026-04-08 23:51:19,2026-04-09 07:38:30,2026-04-09 08:31:50,46,11,12.0,Configuração,Erro de configuração,Média,24,,,Encerrado
4379,2026-04-09 01:29:53,2026-04-09 09:44:10,2026-04-09 15:20:31,312,10,17.0,Furto/vandalismo de cabo,Vandalismo,Alta,8,9.14,38.7,Encerrado
4380,2026-04-09 04:53:32,2026-04-09 11:49:12,2026-04-09 17:01:01,264,15,9.0,Atenuação alta,Emenda degradada,Média,24,3.77,3.3,Encerrado
4381,2026-04-09 05:09:42,2026-04-09 05:48:37,2026-04-09 14:06:39,109,3,7.0,Furto/vandalismo de cabo,Vandalismo,Crítica,4,7.19,26.2,Encerrado
4382,2026-04-09 06:32:34,2026-04-09 07:05:13,2026-04-09 12:33:03,188,14,6.0,Rompimento de fibra,Queda de árvore,Crítica,4,7.54,32.8,Encerrado
4383,2026-04-09 06:58:40,2026-04-09 20:35:52,2026-04-09 21:41:49,373,16,9.0,Falha de equipamento,Switch,Baixa,48,,,Encerrado
4384,2026-04-09 10:36:49,2026-04-09 10:50:24,2026-04-09 11:24:39,333,11,15.0,Configuração,Atualização de firmware,Alta,8,,,Encerrado
4385,2026-04-09 11:06:40,2026-04-09 11:36:43,2026-04-09 12:18:17,57,16,18.0,Configuração,Atualização de firmware,Crítica,4,,,Encerrado
4386,2026-04-09 12:40:14,2026-04-09 19:03:20,2026-04-09 22:35:01,131,10,2.0,Falha de equipamento,Módulo óptico (SFP/QSFP),Média,24,,,Encerrado
4387,2026-04-09 13:42:18,2026-04-09 18:23:24,2026-04-09 19:03:04,168,1,13.0,Falha de equipamento,Módulo óptico (SFP/QSFP),Baixa,48,,,Encerrado
4388,2026-04-09 13:42:50,2026-04-09 21:46:44,2026-04-10 00:49:33,255,3,4.0,Atenuação alta,Curvatura excessiva,Média,24,1.82,7.9,Encerrado
4389,2026-04-09 15:39:43,2026-04-09 16:57:55,2026-04-09 17:58:00,235,11,9.0,Rompimento de fibra,Queda de árvore,Alta,8,7.96,28.3,Encerrado
4390,2026-04-09 16:15:04,2026-04-09 16:27:06,2026-04-09 17:28:34,344,11,3.0,Rompimento de fibra,Obra de terceiros,Crítica,4,3.81,24.6,Encerrado
4391,2026-04-09 16:25:06,2026-04-09 17:48:41,2026-04-09 18:45:14,126,14,6.0,Atenuação alta,Conector sujo,Alta,8,0.28,3.1,Encerrado
4392,2026-04-09 16:59:26,2026-04-09 20:48:49,2026-04-09 21:29:56,381,8,2.0,Queda de energia,Falta de energia da concessionária,Baixa,48,,,Encerrado
4393,2026-04-09 17:24:28,2026-04-09 20:18:19,2026-04-10 03:10:26,98,2,16.0,Atenuação alta,Emenda degradada,Alta,8,3.93,3.7,Encerrado
4394,2026-04-09 18:24:06,,,191,9,,Rompimento de fibra,,Alta,8,0.89,33.5,Cancelado
4395,2026-04-09 21:31:18,2026-04-09 22:53:16,2026-04-10 05:20:13,202,14,9.0,Furto/vandalismo de cabo,Furto de cabo,Crítica,4,0.97,39.6,Encerrado
4396,2026-04-09 22:24:13,2026-04-10 00:25:39,2026-04-10 04:38:48,120,11,6.0,Rompimento de fibra,Queda de árvore,Crítica,4,2.32,38.8,Encerrado
4397,2026-04-10 00:42:24,2026-04-10 05:47:39,2026-04-10 06:13:34,381,9,8.0,Configuração,Erro de configuração,Alta,8,,,Encerrado
4398,2026-04-10 07:30:05,2026-04-10 07:36:53,2026-04-10 10:31:21,87,16,18.0,Rompimento de fibra,Queda de árvore,Crítica,4,5.73,21.2,Encerrado
4399,2026-04-10 10:39:35,,,316,13,,Atenuação alta,,Média,24,1.08,7.6,Cancelado
4400,2026-04-10 11:11:01,,,214,16,,Atenuação alta,,Baixa,48,1.73,7.3,Cancelado
4401,2026-04-10 12:33:54,2026-04-10 13:43:06,2026-04-10 18:05:21,87,16,6.0,Atenuação alta,Emenda degradada,Alta,8,8.05,7.5,Encerrado
4402,2026-04-10 17:15:32,2026-04-10 21:54:39,2026-04-11 01:36:29,148,2,4.0,Atenuação alta,Umidade na caixa de emenda,Baixa,48,3.3,8.8,Encerrado
4403,2026-04-10 23:55:45,2026-04-11 08:12:08,2026-04-11 09:06:24,212,9,17.0,Queda de energia,Disjuntor,Baixa,48,,,Encerrado
4404,2026-04-11 02:49:25,2026-04-11 04:28:42,2026-04-11 08:24:16,209,15,9.0,Rompimento de fibra,Obra de terceiros,Crítica,4,1.31,22.3,Encerrado
4405,2026-04-11 08:06:10,2026-04-11 11:41:42,2026-04-11 13:24:02,47,9,2.0,Configuração,Erro de configuração,Alta,8,,,Encerrado
4406,2026-04-11 18:14:41,2026-04-11 23:00:01,2026-04-11 23:54:38,265,14,12.0,Falha de equipamento,Fonte de alimentação,Alta,8,,,Encerrado
4407,2026-04-11 18:19:09,2026-04-13 09:17:05,2026-04-13 10:26:36,165,6,4.0,Queda de energia,Falta de energia da concessionária,Média,24,,,Encerrado
4408,2026-04-11 22:34:46,2026-04-11 23:59:27,2026-04-12 01:39:35,146,15,9.0,Furto/vandalismo de cabo,Furto de cabo,Crítica,4,8.2,20.8,Encerrado
4409,2026-04-11 23:08:14,2026-04-12 00:44:33,2026-04-12 08:22:00,135,2,1.0,Furto/vandalismo de cabo,Vandalismo,Alta,8,3.66,25.2,Encerrado
4410,2026-04-12 01:37:25,2026-04-12 06:36:31,2026-04-12 07:51:54,212,9,11.0,Configuração,Erro de configuração,Média,24,,,Encerrado
4411,2026-04-12 03:32:24,2026-04-12 03:48:24,2026-04-12 05:19:22,47,9,17.0,Rompimento de fibra,Roedores,Crítica,4,3.26,35.1,Encerrado
4412,2026-04-12 06:45:04,2026-04-13 12:24:44,2026-04-13 15:45:02,396,1,13.0,Atenuação alta,Curvatura excessiva,Baixa,48,3.98,2.0,Encerrado
4413,2026-04-12 07:00:07,2026-04-12 07:04:58,2026-04-12 09:24:19,59,6,1.0,Rompimento de fibra,Roedores,Crítica,4,0.52,39.2,Encerrado
4414,2026-04-12 09:32:34,2026-04-12 13:37:53,2026-04-12 16:25:20,351,15,15.0,Queda de energia,Bateria do nobreak,Média,24,,,Encerrado
4415,2026-04-12 10:53:17,2026-04-13 08:34:59,2026-04-13 09:41:38,132,3,4.0,Configuração,Atualização de firmware,Média,24,,,Encerrado
4416,2026-04-12 12:46:42,2026-04-12 13:24:28,2026-04-12 19:45:12,19,9,17.0,Furto/vandalismo de cabo,Vandalismo,Crítica,4,3.38,37.8,Encerrado
4417,2026-04-12 17:24:18,2026-04-12 17:45:39,2026-04-12 20:57:25,240,8,11.0,Rompimento de fibra,Acidente de trânsito (poste),Crítica,4,6.42,19.7,Encerrado
4418,2026-04-12 19:49:50,2026-04-13 03:36:15,2026-04-13 04:14:58,190,5,7.0,Queda de energia,Bateria do nobreak,Baixa,48,,,Encerrado
4419,2026-04-13 01:57:55,2026-04-13 02:15:58,2026-04-13 02:34:08,207,3,16.0,Rompimento de fibra,Queda de árvore,Crítica,4,2.09,31.0,Encerrado
4420,2026-04-13 08:45:36,2026-04-13 10:32:09,2026-04-13 12:08:29,54,11,15.0,Configuração,Erro de configuração,Alta,8,,,Encerrado
4421,2026-04-13 11:48:44,2026-04-14 04:51:54,2026-04-14 08:04:54,275,16,12.0,Atenuação alta,Curvatura excessiva,Média,24,0.6,2.2,Encerrado
4422,2026-04-13 12:35:45,,,177,7,,Furto/vandalismo de cabo,,Alta,8,0.94,34.2,Cancelado
4423,2026-04-13 14:24:16,2026-04-13 15:21:43,2026-04-13 16:47:00,286,16,3.0,Configuração,Atualização de firmware,Média,24,,,Encerrado
4424,2026-04-13 16:24:24,2026-04-13 16:30:52,2026-04-13 21:37:24,176,13,15.0,Rompimento de fibra,Queda de árvore,Crítica,4,8.11,38.6,Encerrado
4425,2026-04-13 23:01:44,2026-04-14 14:42:38,2026-04-14 16:39:51,267,5,16.0,Atenuação alta,Emenda degradada,Média,24,6.34,7.6,Encerrado
4426,2026-04-14 04:21:39,2026-04-14 07:53:29,2026-04-14 10:57:55,216,9,5.0,Furto/vandalismo de cabo,Vandalismo,Alta,8,3.35,27.8,Encerrado
4427,2026-04-14 06:11:16,2026-04-14 13:09:08,2026-04-14 14:06:20,154,10,5.0,Queda de energia,Disjuntor,Média,24,,,Encerrado
4428,2026-04-14 11:30:01,2026-04-14 13:37:33,2026-04-14 20:36:39,392,1,16.0,Rompimento de fibra,Acidente de trânsito (poste),Alta,8,3.25,35.2,Encerrado
4429,2026-04-14 15:10:45,2026-04-14 15:18:58,2026-04-14 17:27:21,196,14,9.0,Falha de equipamento,Switch,Alta,8,,,Encerrado
4430,2026-04-14 19:07:09,2026-04-14 21:25:37,2026-04-15 01:54:47,21,4,1.0,Falha de equipamento,Módulo óptico (SFP/QSFP),Alta,8,,,Encerrado
4431,2026-04-15 00:36:21,2026-04-15 09:21:45,2026-04-15 14:21:54,354,9,17.0,Atenuação alta,Emenda degradada,Média,24,14.21,6.4,Encerrado
4432,2026-04-15 01:05:22,2026-04-15 02:26:31,2026-04-15 04:43:37,301,15,18.0,Rompimento de fibra,Obra de terceiros,Crítica,4,8.43,26.5,Encerrado
4433,2026-04-15 03:06:10,2026-04-15 05:39:41,2026-04-15 08:33:33,92,5,16.0,Rompimento de fibra,Roedores,Crítica,4,11.56,22.9,Encerrado
4434,2026-04-15 06:17:51,2026-04-15 08:16:05,2026-04-15 11:12:47,334,15,18.0,Rompimento de fibra,Acidente de trânsito (poste),Alta,8,6.15,21.0,Encerrado
4435,2026-04-15 15:08:10,2026-04-15 15:48:58,2026-04-15 18:20:13,55,9,14.0,Rompimento de fibra,Roedores,Crítica,4,1.22,20.1,Encerrado
4436,2026-04-15 15:27:39,2026-04-15 16:37:11,2026-04-15 19:22:44,2,11,6.0,Rompimento de fibra,Queda de árvore,Crítica,4,3.67,21.4,Encerrado
4437,2026-04-15 18:44:36,2026-04-15 18:50:45,2026-04-15 21:27:14,71,12,15.0,Queda de energia,Falta de energia da concessionária,Crítica,4,,,Encerrado
4438,2026-04-15 19:43:10,2026-04-15 20:03:34,2026-04-15 22:42:49,269,14,12.0,Rompimento de fibra,Obra de terceiros,Alta,8,5.09,34.0,Encerrado
4439,2026-04-15 22:23:29,2026-04-16 01:22:38,2026-04-16 03:22:15,117,6,16.0,Queda de energia,Disjuntor,Média,24,,,Encerrado
4440,2026-04-16 05:30:30,2026-04-16 06:00:28,2026-04-16 09:13:47,103,4,10.0,Falha de equipamento,Switch,Alta,8,,,Encerrado
4441,2026-04-16 05:31:29,2026-04-16 05:38:07,2026-04-16 09:34:22,195,6,4.0,Rompimento de fibra,Acidente de trânsito (poste),Crítica,4,10.52,36.6,Encerrado
4442,2026-04-16 16:42:20,2026-04-16 16:59:59,2026-04-16 23:10:03,189,16,12.0,Furto/vandalismo de cabo,Furto de cabo,Alta,8,4.94,27.3,Encerrado
4443,2026-04-16 16:48:06,2026-04-16 17:44:22,2026-04-17 02:44:40,313,1,16.0,Rompimento de fibra,Obra de terceiros,Crítica,4,2.23,25.1,Encerrado
4444,2026-04-16 22:12:34,2026-04-17 00:53:34,2026-04-17 02:27:24,260,15,6.0,Rompimento de fibra,Roedores,Crítica,4,7.73,35.2,Encerrado
4445,2026-04-17 00:04:18,2026-04-17 04:23:17,2026-04-17 08:39:29,191,9,5.0,Atenuação alta,Curvatura excessiva,Média,24,7.67,2.6,Encerrado
4446,2026-04-17 03:41:07,2026-04-17 04:24:56,2026-04-17 05:52:15,43,11,3.0,Configuração,Erro de configuração,Crítica,4,,,Encerrado
4447,2026-04-17 04:46:47,2026-04-17 08:39:47,2026-04-17 11:28:12,219,16,18.0,Atenuação alta,Conector sujo,Alta,8,7.75,7.4,Encerrado
4448,2026-04-17 10:38:31,2026-04-17 22:38:55,2026-04-18 00:22:57,244,12,18.0,Configuração,Erro de configuração,Baixa,48,,,Encerrado
4449,2026-04-17 16:28:55,2026-04-17 16:57:47,2026-04-17 21:16:16,125,13,12.0,Furto/vandalismo de cabo,Furto de cabo,Crítica,4,5.12,39.2,Encerrado
4450,2026-04-17 19:19:19,2026-04-17 20:38:56,2026-04-18 02:54:08,17,1,7.0,Rompimento de fibra,Queda de árvore,Crítica,4,7.71,27.2,Encerrado
4451,2026-04-17 19:32:40,2026-04-17 21:36:59,2026-04-18 01:51:49,82,6,1.0,Falha de equipamento,Placa de interface,Crítica,4,,,Encerrado
4452,2026-04-17 21:26:47,2026-04-18 03:40:36,2026-04-18 05:02:43,84,11,6.0,CONFIGURAÇÃO,Atualização de firmware,Média,24,,,Encerrado
4453,2026-04-17 23:04:18,2026-04-17 23:09:38,2026-04-18 09:03:18,177,8,8.0,Rompimento de fibra,Obra de terceiros,Crítica,4,4.44,28.8,Encerrado
4454,2026-04-18 00:09:58,2026-04-18 02:14:38,2026-04-18 03:13:31,71,12,18.0,Falha de equipamento,Fonte de alimentação,Alta,8,,,Encerrado
4455,2026-04-18 02:00:21,2026-04-18 03:42:08,2026-04-18 05:41:52,203,10,17.0,Rompimento de fibra,Obra de terceiros,Crítica,4,4.32,24.4,Encerrado
4456,2026-04-18 02:31:50,2026-04-18 03:57:38,2026-04-18 06:01:40,311,6,16.0,Falha de equipamento,Fonte de alimentação,Alta,8,,,Encerrado
4457,2026-04-18 03:02:55,2026-04-18 06:52:07,2026-04-18 08:45:19,121,6,16.0,Configuração,Erro de configuração,Alta,8,,,Encerrado
4458,2026-04-18 03:36:55,2026-04-18 12:05:21,2026-04-18 15:42:14,119,14,12.0,Atenuação alta,Conector sujo,Média,24,9.49,5.3,Encerrado
4459,2026-04-18 06:40:54,2026-04-19 08:50:22,2026-04-19 10:48:29,290,16,12.0,Falha de equipamento,Switch,Baixa,48,,,Encerrado
4460,2026-04-18 11:40:11,2026-04-18 12:02:12,2026-04-18 16:40:32,94,7,2.0,Queda de energia,Disjuntor,Crítica,4,,,Encerrado
4461,2026-04-18 11:51:12,2026-04-19 04:26:54,2026-04-19 09:00:25,360,4,1.0,Falha de equipamento,Placa de interface,Média,24,,,Encerrado
4462,2026-04-18 15:08:14,2026-04-18 16:31:49,2026-04-18 20:26:07,21,3,10.0,Rompimento de fibra,Obra de terceiros,Crítica,4,1.81,36.2,Encerrado
4463,2026-04-18 15:31:32,2026-04-18 18:48:25,2026-04-19 02:22:16,332,10,14.0,Rompimento de fibra,Obra de terceiros,Crítica,4,0.4,37.6,Encerrado
4464,2026-04-18 17:21:33,2026-04-19 03:49:08,2026-04-19 04:59:05,169,12,12.0,Queda de energia,Disjuntor,Média,24,,,Encerrado
4465,2026-04-18 20:23:01,2026-04-19 10:39:35,2026-04-19 11:42:28,188,15,15.0,Atenuação alta,Curvatura excessiva,Média,24,6.59,6.5,Encerrado
4466,2026-04-18 20:26:31,2026-04-19 09:39:19,2026-04-19 10:55:48,230,13,18.0,Atenuação alta,Emenda degradada,Média,24,4.2,8.4,Encerrado
4467,2026-04-18 21:06:15,2026-04-18 23:54:58,2026-04-19 02:00:06,13,10,11.0,Furto/vandalismo de cabo,Furto de cabo,Crítica,4,1.32,27.1,Encerrado
4468,2026-04-19 01:35:48,2026-04-19 02:39:58,2026-04-19 05:11:33,25,8,14.0,Queda de energia,Bateria do nobreak,Crítica,4,,,Encerrado
4469,2026-04-19 01:39:02,2026-04-20 04:32:14,2026-04-20 06:38:49,248,11,6.0,Atenuação alta,Curvatura excessiva,Baixa,48,7.7,7.9,Encerrado
4470,2026-04-19 06:45:32,2026-04-19 12:52:25,2026-04-19 16:30:50,1,3,16.0,Atenuação alta,Umidade na caixa de emenda,Média,24,1.37,5.7,Encerrado
4471,2026-04-19 10:36:30,2026-04-19 11:08:30,2026-04-19 14:27:04,19,9,8.0,Rompimento de fibra,Roedores,Crítica,4,2.24,30.8,Encerrado
4472,2026-04-19 14:37:13,2026-04-19 18:18:56,2026-04-19 19:38:17,207,3,16.0,Falha de equipamento,Placa de interface,Média,24,,,Encerrado
4473,2026-04-19 17:46:54,,,242,12,,Queda de energia,,Média,24,,,Cancelado
4474,2026-04-19 18:00:11,2026-04-20 07:03:11,2026-04-20 10:37:16,353,2,4.0,Queda de energia,Falta de energia da concessionária,Média,24,,,Encerrado
4475,2026-04-19 18:15:02,2026-04-19 19:04:10,2026-04-19 21:33:14,1,3,1.0,Rompimento de fibra,Obra de terceiros,Crítica,4,2.2,22.6,Encerrado
4476,2026-04-19 18:41:32,2026-04-19 20:31:08,2026-04-19 22:36:48,261,16,18.0,Rompimento de fibra,Obra de terceiros,Crítica,4,2.47,36.7,Encerrado
4477,2026-04-19 21:35:58,2026-04-20 00:18:08,2026-04-20 01:26:02,171,6,13.0,Rompimento de fibra,Roedores,Alta,8,6.9,22.0,Encerrado
4478,2026-04-20 00:47:44,2026-04-20 02:18:20,2026-04-20 05:36:00,207,3,10.0,Falha de equipamento,Placa de interface,Alta,8,,,Encerrado
4479,2026-04-20 03:13:19,2026-04-20 04:40:19,2026-04-20 06:31:28,233,14,15.0,Rompimento de fibra,Acidente de trânsito (poste),Alta,8,1.63,24.7,Encerrado
4480,2026-04-20 03:53:09,2026-04-20 05:04:29,2026-04-20 09:58:28,6,2,7.0,Rompimento de fibra,Queda de árvore,Crítica,4,1.17,32.4,Encerrado
4481,2026-04-20 12:39:25,2026-04-20 15:16:35,2026-04-20 17:06:16,173,12,3.0,Queda de energia,Disjuntor,Média,24,,,Encerrado
4482,2026-04-20 13:54:18,,,340,16,,Queda de energia,,Baixa,48,,,Cancelado
4483,2026-04-20 15:43:51,2026-04-20 21:40:04,2026-04-20 23:59:26,296,6,1.0,Atenuação alta,Emenda degradada,Média,24,2.94,5.3,Encerrado
4484,2026-04-20 18:36:13,2026-04-20 18:51:39,2026-04-20 19:35:21,267,5,1.0,Rompimento de fibra,Acidente de trânsito (poste),Crítica,4,3.09,37.7,Encerrado
4485,2026-04-21 02:20:01,2026-04-21 03:59:08,2026-04-21 09:50:56,203,10,17.0,Rompimento de fibra,Roedores,Crítica,4,1.99,25.7,Encerrado
4486,2026-04-21 02:29:23,2026-04-21 07:46:38,2026-04-21 10:37:06,356,6,10.0,Queda de energia,Bateria do nobreak,Baixa,48,,,Encerrado
4487,2026-04-21 02:51:26,2026-04-21 03:00:46,2026-04-21 09:21:39,309,16,15.0,Rompimento de fibra,Queda de árvore,Crítica,4,6.71,27.8,Encerrado
4488,2026-04-21 03:36:28,2026-04-21 06:12:59,2026-04-21 09:18:27,70,16,6.0,Configuração,Erro de configuração,Alta,8,,,Encerrado
4489,2026-04-21 06:09:31,2026-04-21 07:01:04,2026-04-21 08:32:28,169,11,9.0,Rompimento de fibra,Roedores,Crítica,4,4.03,30.3,Encerrado
4490,2026-04-21 06:17:45,2026-04-21 09:30:53,2026-04-21 10:44:07,334,15,6.0,Falha de equipamento,Módulo óptico (SFP/QSFP),Média,24,,,Encerrado
4491,2026-04-21 08:48:07,2026-04-21 19:26:27,2026-04-21 19:42:50,333,11,15.0,Configuração,Erro de configuração,Média,24,,,Encerrado
4492,2026-04-21 11:12:14,2026-04-21 19:12:28,2026-04-21 22:58:45,305,13,6.0,Atenuação alta,Curvatura excessiva,Média,24,5.65,5.0,Encerrado
4493,2026-04-21 14:39:39,2026-04-21 15:20:40,2026-04-21 18:07:43,314,1,10.0,Atenuação alta,Conector sujo,Alta,8,1.98,2.5,Encerrado
4494,2026-04-21 14:46:43,2026-04-21 15:33:41,2026-04-21 19:29:02,17,2,7.0,Rompimento de fibra,Roedores,Crítica,4,2.46,35.5,Encerrado
4495,2026-04-21 16:07:13,2026-04-21 18:08:52,2026-04-22 05:06:25,232,10,17.0,Rompimento de fibra,Queda de árvore,Alta,8,6.74,27.0,Encerrado
4496,2026-04-21 16:46:58,2026-04-21 17:01:44,2026-04-21 19:29:30,96,5,4.0,Rompimento de fibra,Queda de árvore,Crítica,4,5.75,29.6,Encerrado
4497,2026-04-21 17:22:32,2026-04-21 17:44:06,2026-04-21 19:02:31,47,9,11.0,Queda de energia,Falta de energia da concessionária,Crítica,4,,,Encerrado
4498,2026-04-21 20:07:05,2026-04-22 04:35:04,2026-04-22 05:48:26,328,14,3.0,Configuração,Atualização de firmware,Média,24,,,Encerrado
4499,2026-04-21 20:16:40,2026-04-21 23:09:11,2026-04-22 09:38:43,279,5,16.0,Atenuação alta,Umidade na caixa de emenda,Alta,8,0.27,2.2,Encerrado
4500,2026-04-22 02:24:12,2026-04-22 08:43:15,2026-04-22 16:19:08,261,16,12.0,Rompimento de fibra,Acidente de trânsito (poste),Alta,8,9.97,36.8,Encerrado
4501,2026-04-22 03:54:14,2026-04-22 04:35:23,2026-04-22 06:02:35,112,7,5.0,Rompimento de fibra,Obra de terceiros,Crítica,4,3.17,24.8,Encerrado
4502,2026-04-22 06:44:34,2026-04-22 07:14:48,2026-04-22 13:21:02,284,10,17.0,Rompimento de fibra,Acidente de trânsito (poste),Alta,8,6.33,35.3,Encerrado
4503,2026-04-22 12:13:36,2026-04-22 14:20:05,2026-04-22 21:06:05,295,6,16.0,Furto/vandalismo de cabo,Vandalismo,Crítica,4,7.54,38.8,Encerrado
4504,2026-04-22 15:43:42,2026-04-22 16:29:10,2026-04-22 19:28:05,379,2,10.0,Atenuação alta,Conector sujo,Alta,8,1.69,3.6,Encerrado
4505,2026-04-22 18:00:34,2026-04-22 18:10:47,2026-04-22 19:43:40,27,3,13.0,Falha de equipamento,Módulo óptico (SFP/QSFP),Alta,8,,,Encerrado
4506,2026-04-22 18:03:03,2026-04-22 21:04:21,2026-04-22 22:33:14,4,5,7.0,Atenuação alta,Emenda degradada,Alta,8,1.02,6.5,Encerrado
4507,2026-04-22 18:25:12,2026-04-23 03:01:19,2026-04-23 03:47:17,240,9,17.0,Queda de energia,Falta de energia da concessionária,Média,24,,,Encerrado
4508,2026-04-22 18:56:56,2026-04-23 06:36:08,2026-04-23 08:21:33,148,1,4.0,Atenuação alta,Emenda degradada,Média,24,4.93,2.4,Encerrado
4509,2026-04-22 21:03:08,2026-04-23 20:11:19,2026-04-23 20:35:01,207,3,4.0,Queda de energia,Disjuntor,Baixa,48,,,Encerrado
4510,2026-04-22 22:28:44,2026-04-22 23:18:29,2026-04-23 01:14:34,224,4,4.0,Falha de equipamento,Switch,Alta,8,,,Encerrado
4511,2026-04-22 23:20:01,2026-04-23 20:27:19,2026-04-23 22:05:26,149,9,11.0,Queda de energia,Disjuntor,Média,24,,,Encerrado
4512,2026-04-23 00:11:45,2026-04-23 01:29:36,2026-04-23 03:23:31,79,9,11.0,Rompimento de fibra,Roedores,Crítica,4,13.39,33.7,Encerrado
4513,2026-04-23 00:16:14,2026-04-23 01:20:59,2026-04-23 06:00:16,127,16,9.0,Rompimento de fibra,Queda de árvore,Crítica,4,6.09,18.5,Encerrado
4514,2026-04-23 00:27:39,2026-04-23 13:47:14,2026-04-23 15:49:15,289,10,5.0,Queda de energia,Bateria do nobreak,Baixa,48,,,Encerrado
4515,2026-04-23 00:44:12,2026-04-23 01:35:12,2026-04-23 02:40:22,235,12,6.0,Rompimento de fibra,Queda de árvore,Alta,8,8.49,20.2,Encerrado
4516,2026-04-23 07:54:24,2026-04-23 09:41:56,2026-04-23 11:17:00,35,6,7.0,Falha de equipamento,Switch,Alta,8,,,Encerrado
4517,2026-04-23 18:11:45,2026-04-23 23:19:18,2026-04-24 01:25:11,291,5,7.0,Falha de equipamento,Switch,Média,24,,,Encerrado
4518,2026-04-23 19:37:59,2026-04-23 20:54:05,2026-04-24 03:27:04,91,4,10.0,Furto/vandalismo de cabo,Furto de cabo,Crítica,4,3.11,23.9,Encerrado
4519,2026-04-24 00:22:10,2026-04-24 09:17:41,2026-04-24 11:57:15,339,10,14.0,Atenuação alta,Umidade na caixa de emenda,Média,24,1.36,1.7,Encerrado
4520,2026-04-24 02:06:49,2026-04-24 02:21:35,2026-04-24 13:00:05,202,14,15.0,Rompimento de fibra,Roedores,Crítica,4,8.02,37.1,Encerrado
4521,2026-04-24 05:19:20,2026-04-24 06:50:29,2026-04-24 11:57:32,236,10,8.0,Rompimento de fibra,Queda de árvore,Alta,8,0.17,36.0,Encerrado
4522,2026-04-24 06:09:47,2026-04-24 20:22:52,2026-04-24 22:11:46,295,6,4.0,Falha de equipamento,Fonte de alimentação,Baixa,48,,,Encerrado
4523,2026-04-24 08:18:28,2026-04-24 12:13:44,2026-04-24 15:05:58,251,4,16.0,Falha de equipamento,Fonte de alimentação,Média,24,,,Encerrado
4524,2026-04-24 11:09:44,2026-04-24 11:53:12,2026-04-24 15:36:01,352,1,16.0,Atenuação alta,Curvatura excessiva,Alta,8,8.38,1.6,Encerrado
4525,2026-04-24 15:09:01,2026-04-24 16:37:03,2026-04-24 19:12:13,202,14,12.0,Rompimento de fibra,Obra de terceiros,Crítica,4,1.1,39.3,Encerrado
4526,2026-04-24 20:08:40,2026-04-24 20:43:19,2026-04-24 22:54:56,108,3,16.0,Falha de equipamento,Fonte de alimentação,Crítica,4,,,Encerrado
4527,2026-04-24 21:44:22,2026-04-25 01:15:19,2026-04-25 04:46:46,331,15,12.0,Rompimento de fibra,Acidente de trânsito (poste),Alta,8,3.16,21.0,Encerrado
4528,2026-04-24 22:44:38,2026-04-25 11:15:20,2026-04-25 12:42:44,216,8,2.0,Atenuação alta,Conector sujo,Baixa,48,5.17,6.1,Encerrado
4529,2026-04-25 00:12:56,2026-04-25 02:26:05,2026-04-25 05:30:10,184,5,13.0,Furto/vandalismo de cabo,Vandalismo,Alta,8,2.56,23.6,Encerrado
4530,2026-04-25 02:47:03,2026-04-25 23:11:20,2026-04-26 00:37:08,247,4,1.0,Atenuação alta,Conector sujo,Média,24,2.89,8.8,Encerrado
4531,2026-04-25 03:43:20,2026-04-25 05:09:09,2026-04-25 08:23:53,51,6,10.0,Falha de equipamento,Placa de interface,Alta,8,,,Encerrado
4532,2026-04-25 05:58:26,2026-04-25 06:50:51,2026-04-25 10:12:26,76,12,3.0,Rompimento de fibra,Queda de árvore,Crítica,4,2.82,21.7,Encerrado
4533,2026-04-25 08:35:53,2026-04-25 09:17:03,2026-04-25 10:13:37,89,7,11.0,Queda de energia,Falta de energia da concessionária,Crítica,4,,,Encerrado
4534,2026-04-25 10:25:41,2026-04-26 20:45:31,2026-04-26 21:46:55,209,14,15.0,Queda de energia,Bateria do nobreak,Baixa,48,,,Encerrado
4535,2026-04-25 14:15:22,2026-04-25 15:06:14,2026-04-25 16:48:42,89,9,2.0,Falha de equipamento,Switch,Crítica,4,,,Encerrado
4536,2026-04-25 16:05:00,2026-04-26 03:43:23,2026-04-26 06:01:36,333,12,9.0,Falha de equipamento,Switch,Média,24,,,Encerrado
4537,2026-04-25 19:33:10,2026-04-26 17:15:42,2026-04-26 18:12:08,188,14,9.0,Queda de energia,Bateria do nobreak,Baixa,48,,,Encerrado
4538,2026-04-25 23:38:47,2026-04-26 01:55:34,2026-04-26 03:35:15,63,13,9.0,Atenuação alta,Emenda degradada,Alta,8,1.94,2.2,Encerrado
4539,2026-04-25 23:50:20,2026-04-26 04:57:22,2026-04-26 05:58:58,76,12,3.0,Falha de equipamento,Módulo óptico (SFP/QSFP),Alta,8,,,Encerrado
4540,2026-04-26 05:41:41,2026-04-26 08:49:41,2026-04-26 12:27:41,200,1,13.0,Queda de energia,Bateria do nobreak,Alta,8,,,Encerrado
4541,2026-04-26 09:29:45,2026-04-26 09:53:55,2026-04-26 10:37:23,115,14,12.0,Queda de energia,Falta de energia da concessionária,Crítica,4,,,Encerrado
4542,2026-04-26 09:35:18,,,194,4,,Queda de energia,,Baixa,48,,,Cancelado
4543,2026-04-26 23:29:28,2026-04-27 01:33:39,2026-04-27 06:49:07,384,7,5.0,Rompimento de fibra,Obra de terceiros,Alta,8,3.22,21.5,Encerrado
4544,2026-04-27 03:34:06,2026-04-27 04:16:35,2026-04-27 10:22:04,295,6,1.0,Furto/vandalismo de cabo,Vandalismo,Alta,8,2.38,24.2,Encerrado
4545,2026-04-27 05:04:32,2026-04-27 15:56:08,2026-04-27 16:13:43,386,14,18.0,Configuração,Erro de configuração,Baixa,48,,,Encerrado
4546,2026-04-27 18:10:23,2026-04-27 18:44:32,2026-04-27 20:12:57,19,7,17.0,Atenuação alta,Umidade na caixa de emenda,Alta,8,10.56,4.0,Encerrado
4547,2026-04-27 20:49:38,2026-04-28 02:31:48,2026-04-28 06:42:44,353,1,16.0,Atenuação alta,Conector sujo,Média,24,1.37,3.3,Encerrado
4548,2026-04-27 21:06:33,2026-04-28 02:38:44,2026-04-28 04:23:54,310,5,10.0,Atenuação alta,Curvatura excessiva,Média,24,2.29,4.9,Encerrado
4549,2026-04-27 21:30:07,2026-04-28 03:39:28,2026-04-28 06:34:55,157,12,9.0,Atenuação alta,Umidade na caixa de emenda,Média,24,5.74,3.8,Encerrado
4550,2026-04-28 04:54:25,2026-04-28 11:32:25,2026-04-28 14:02:19,394,11,18.0,Falha de equipamento,Módulo óptico (SFP/QSFP),Alta,8,,,Encerrado
4551,2026-04-28 07:48:29,2026-04-28 08:11:08,2026-04-28 10:50:22,103,3,16.0,Queda de energia,Disjuntor,Crítica,4,,,Encerrado
4552,2026-04-28 09:30:32,2026-04-28 09:56:58,2026-04-28 11:40:31,334,15,12.0,Rompimento de fibra,Acidente de trânsito (poste),Crítica,4,7.74,36.7,Encerrado
4553,2026-04-28 10:01:48,2026-04-28 11:09:29,2026-04-28 15:01:03,363,6,16.0,Rompimento de fibra,Acidente de trânsito (poste),Crítica,4,6.72,23.3,Encerrado
4554,2026-04-28 10:17:22,,,199,4,,Rompimento de fibra,,Alta,8,3.49,20.6,Cancelado
4555,2026-04-28 11:56:44,2026-04-28 13:00:50,2026-04-28 14:01:29,155,11,15.0,Falha de equipamento,Switch,Alta,8,,,Encerrado
4556,2026-04-28 15:32:07,2026-04-28 16:41:58,2026-04-28 22:09:19,191,8,11.0,Rompimento de fibra,Acidente de trânsito (poste),Crítica,4,6.54,21.8,Encerrado
4557,2026-04-28 18:09:08,2026-04-29 02:51:46,2026-04-29 05:18:53,174,1,13.0,Atenuação alta,Emenda degradada,Média,24,2.42,2.7,Encerrado
4558,2026-04-28 19:02:37,,,398,7,,Atenuação alta,,Alta,8,5.84,4.7,Cancelado
4559,2026-04-29 03:47:00,2026-04-29 07:41:17,2026-04-29 08:48:21,261,16,18.0,Atenuação alta,Conector sujo,Média,24,5.72,5.3,Encerrado
4560,2026-04-29 06:14:39,2026-04-29 07:20:34,2026-04-29 11:26:34,32,3,16.0,Rompimento de fibra,Obra de terceiros,Crítica,4,0.87,25.1,Encerrado
4561,2026-04-29 07:47:56,2026-04-29 07:57:11,2026-04-29 10:27:15,182,12,6.0,Rompimento de fibra,Obra de terceiros,Crítica,4,0.61,24.8,Encerrado
4562,2026-04-29 11:14:44,2026-04-29 11:58:10,2026-04-29 17:49:08,248,12,15.0,Rompimento de fibra,Queda de árvore,Crítica,4,12.85,25.1,Encerrado
4563,2026-04-29 11:16:31,2026-04-29 22:34:50,2026-04-30 03:56:38,25,7,17.0,Falha de equipamento,Módulo óptico (SFP/QSFP),Média,24,,,Encerrado
4564,2026-04-29 12:50:00,2026-04-29 19:37:23,2026-04-29 23:39:36,335,1,1.0,Rompimento de fibra,Roedores,Alta,8,1.4,35.8,Encerrado
4565,2026-04-29 14:02:23,2026-04-29 14:27:22,2026-04-29 16:07:38,15,6,13.0,Furto/vandalismo de cabo,Vandalismo,Crítica,4,1.2,30.3,Encerrado
4566,2026-04-29 15:17:04,2026-04-29 17:08:30,2026-04-29 17:41:29,344,11,3.0,Rompimento de fibra,Acidente de trânsito (poste),Alta,8,4.91,37.4,Encerrado
4567,2026-04-29 15:41:28,2026-04-29 16:08:13,2026-04-29 20:31:38,98,2,10.0,Rompimento de fibra,Queda de árvore,Crítica,4,7.4,35.5,Encerrado
4568,2026-04-29 15:42:56,2026-04-29 16:50:01,2026-04-29 19:37:19,361,13,6.0,Rompimento de fibra,Obra de terceiros,Crítica,4,8.15,28.0,Encerrado
4569,2026-04-29 19:18:49,2026-04-29 19:55:00,2026-04-30 01:04:32,94,8,14.0,Rompimento de fibra,Roedores,Crítica,4,1.47,37.5,Encerrado
4570,2026-04-30 00:19:18,,,398,7,,Falha de equipamento,,Alta,8,,,Cancelado
4571,2026-04-30 05:52:30,2026-04-30 11:58:36,2026-04-30 14:27:43,205,15,18.0,Atenuação alta,Emenda degradada,Média,24,1.24,6.9,Encerrado
4572,2026-04-30 06:25:11,2026-04-30 08:27:33,2026-04-30 09:31:01,115,15,12.0,Atenuação alta,Curvatura excessiva,Alta,8,1.04,4.6,Encerrado
4573,2026-04-30 09:18:51,2026-04-30 09:55:48,2026-04-30 20:58:09,113,10,2.0,Rompimento de fibra,Acidente de trânsito (poste),Crítica,4,2.64,33.7,Encerrado
4574,2026-04-30 16:16:09,2026-04-30 19:37:28,2026-04-30 22:45:21,200,2,1.0,Rompimento de fibra,Roedores,Alta,8,12.28,19.0,Encerrado
4575,2026-04-30 18:38:16,2026-05-01 07:04:26,2026-05-01 07:14:44,201,2,7.0,Falha de equipamento,Placa de interface,Média,24,,,Encerrado
4576,2026-04-30 20:02:27,2026-05-01 01:04:37,2026-05-01 01:38:37,75,10,14.0,Atenuação alta,Emenda degradada,Alta,8,3.35,5.1,Encerrado
4577,2026-04-30 22:45:04,2026-04-30 23:31:41,2026-05-01 03:14:15,148,1,7.0,Rompimento de fibra,Acidente de trânsito (poste),Crítica,4,0.84,36.0,Encerrado
4578,2026-05-01 00:44:55,2026-05-01 02:33:59,2026-05-01 06:23:50,93,6,13.0,Rompimento de fibra,Queda de árvore,Crítica,4,7.97,18.2,Encerrado
4579,2026-05-01 00:44:57,2026-05-01 03:56:40,2026-05-01 05:45:38,233,15,12.0,Falha de equipamento,Fonte de alimentação,Alta,8,,,Encerrado
4580,2026-05-01 01:25:07,2026-05-01 02:55:26,2026-05-01 05:24:36,63,13,9.0,Rompimento de fibra,Queda de árvore,Crítica,4,1.45,29.0,Encerrado
4581,2026-05-01 01:57:14,2026-05-01 12:01:05,2026-05-01 17:30:45,362,16,15.0,Atenuação alta,Conector sujo,Baixa,48,0.8,3.8,Encerrado
4582,2026-05-01 03:21:59,2026-05-01 04:18:37,2026-05-01 06:57:59,103,3,16.0,Falha de equipamento,Módulo óptico (SFP/QSFP),Alta,8,,,Encerrado
4583,2026-05-01 04:01:13,2026-05-01 15:02:06,2026-05-01 18:32:37,333,11,18.0,Atenuação alta,Umidade na caixa de emenda,Baixa,48,5.83,6.0,Encerrado
4584,2026-05-01 04:57:22,2026-05-01 06:49:37,2026-05-01 08:11:32,6,2,7.0,Queda de energia,Bateria do nobreak,Alta,8,,,Encerrado
4585,2026-05-01 05:09:54,2026-05-01 12:00:50,2026-05-01 13:42:48,169,12,9.0,Atenuação alta,Curvatura excessiva,Média,24,2.6,2.9,Encerrado
4586,2026-05-01 05:41:55,2026-05-01 08:33:08,2026-05-01 15:49:51,398,9,17.0,Atenuação alta,Conector sujo,Média,24,5.23,8.2,Encerrado
4587,2026-05-01 08:28:21,2026-05-01 21:34:10,2026-05-01 22:59:19,234,7,5.0,Queda de energia,Falta de energia da concessionária,Baixa,48,,,Encerrado
4588,2026-05-01 08:35:47,2026-05-01 13:28:43,2026-05-01 15:36:35,129,4,10.0,Falha de equipamento,Fonte de alimentação,Média,24,,,Encerrado
4589,2026-05-01 09:45:26,2026-05-01 10:46:13,2026-05-01 11:48:30,375,1,10.0,Atenuação alta,Curvatura excessiva,Alta,8,1.68,7.6,Encerrado
4590,2026-05-01 10:26:26,2026-05-01 21:07:39,2026-05-01 22:21:55,129,4,7.0,Falha de equipamento,Fonte de alimentação,Média,24,,,Encerrado
4591,2026-05-02 04:05:49,2026-05-02 04:16:00,2026-05-02 06:19:13,311,6,16.0,Rompimento de fibra,Obra de terceiros,Crítica,4,6.26,26.6,Encerrado
4592,2026-05-02 04:52:29,2026-05-02 08:43:11,2026-05-02 09:28:09,227,13,6.0,Configuração,Erro de configuração,Média,24,,,Encerrado
4593,2026-05-02 06:00:42,2026-05-02 06:37:37,2026-05-02 07:32:31,246,10,14.0,Configuração,Erro de configuração,Média,24,,,Encerrado
4594,2026-05-02 09:59:11,2026-05-02 12:53:48,2026-05-02 13:32:47,347,13,15.0,Queda de energia,Disjuntor,Média,24,,,Encerrado
4595,2026-05-02 11:02:59,2026-05-02 12:26:41,2026-05-02 14:58:28,1,4,13.0,Atenuação alta,Umidade na caixa de emenda,Alta,8,0.19,1.5,Encerrado
4596,2026-05-02 12:07:51,2026-05-03 12:35:44,2026-05-03 13:40:45,201,1,13.0,Falha de equipamento,Switch,Baixa,48,,,Encerrado
4597,2026-05-02 12:30:29,2026-05-02 13:56:27,2026-05-02 15:00:20,79,8,5.0,Falha de equipamento,Placa de interface,Crítica,4,,,Encerrado
4598,2026-05-02 17:29:02,2026-05-03 12:08:01,2026-05-03 12:20:40,335,1,16.0,Configuração,Erro de configuração,Média,24,,,Encerrado
4599,2026-05-02 18:58:27,2026-05-02 22:07:23,2026-05-02 22:48:32,54,12,15.0,Falha de equipamento,Placa de interface,Alta,8,,,Encerrado
4600,2026-05-02 21:55:44,2026-05-02 23:08:55,2026-05-03 01:40:36,70,16,3.0,FALHA DE EQUIPAMENTO,Placa de interface,Alta,8,,,Encerrado
4601,2026-05-02 22:22:43,2026-05-03 00:57:29,2026-05-03 03:31:55,277,3,16.0,Rompimento de fibra,Obra de terceiros,Crítica,4,10.01,39.9,Encerrado
4602,2026-05-03 06:48:20,2026-05-03 08:44:13,2026-05-03 12:56:18,146,14,15.0,Rompimento de fibra,Acidente de trânsito (poste),Crítica,4,3.66,38.2,Encerrado
4603,2026-05-03 07:29:44,2026-05-04 11:05:33,2026-05-04 12:54:07,330,11,3.0,Queda de energia,Disjuntor,Baixa,48,,,Encerrado
4604,2026-05-03 10:25:50,2026-05-03 11:39:45,2026-05-03 19:39:21,97,10,8.0,Atenuação alta,Umidade na caixa de emenda,Alta,8,9.83,5.2,Encerrado
4605,2026-05-03 13:17:39,2026-05-03 14:21:45,2026-05-03 18:03:12,200,2,10.0,Rompimento de fibra,Queda de árvore,Crítica,4,5.11,34.2,Encerrado
4606,2026-05-03 18:49:38,2026-05-03 19:48:53,2026-05-04 06:25:44,193,9,8.0,Rompimento de fibra,Roedores,Crítica,4,7.6,32.3,Encerrado
4607,2026-05-03 19:55:42,2026-05-04 00:44:13,2026-05-04 02:33:30,343,16,15.0,Rompimento de fibra,Roedores,Alta,8,17.24,25.0,Encerrado
4608,2026-05-03 20:03:09,2026-05-03 20:24:02,2026-05-03 23:37:55,112,8,11.0,Rompimento de fibra,Roedores,Crítica,4,0.47,28.8,Encerrado
4609,2026-05-03 20:29:08,2026-05-03 21:40:03,2026-05-04 02:48:27,264,15,9.0,Rompimento de fibra,Queda de árvore,Crítica,4,1.64,32.4,Encerrado
4610,2026-05-03 21:15:35,2026-05-03 22:57:10,2026-05-04 04:12:48,233,14,9.0,Rompimento de fibra,Roedores,Alta,8,1.9,20.9,Encerrado
4611,2026-05-03 22:30:14,2026-05-04 09:07:44,2026-05-04 11:35:45,66,8,14.0,Atenuação alta,,Média,24,4.11,6.9,Encerrado
4612,2026-05-04 00:29:56,2026-05-04 07:37:15,2026-05-04 11:58:31,321,16,12.0,Atenuação alta,Curvatura excessiva,Média,24,7.36,5.9,Encerrado
4613,2026-05-04 01:58:46,2026-05-04 04:19:46,2026-05-04 08:08:20,354,7,17.0,Furto/vandalismo de cabo,Furto de cabo,Alta,8,6.11,21.1,Encerrado
4614,2026-05-04 03:06:32,2026-05-04 05:58:22,2026-05-04 12:14:40,138,11,12.0,Rompimento de fibra,Roedores,Alta,8,12.82,33.9,Encerrado
4615,2026-05-04 06:31:23,2026-05-04 08:50:48,2026-05-04 09:10:49,201,2,1.0,Atenuação alta,Umidade na caixa de emenda,Média,24,0.94,6.6,Encerrado
4616,2026-05-04 09:36:35,2026-05-04 12:54:51,2026-05-04 15:48:39,396,1,13.0,Atenuação alta,Conector sujo,Baixa,48,2.28,4.4,Encerrado
4617,2026-05-04 12:09:35,2026-05-04 14:38:09,2026-05-04 17:35:01,375,1,10.0,Rompimento de fibra,Acidente de trânsito (poste),Alta,8,1.53,30.9,Encerrado
4618,2026-05-04 12:28:05,2026-05-04 21:22:04,2026-05-04 22:25:47,311,6,1.0,Falha de equipamento,Fonte de alimentação,Média,24,,,Encerrado
4619,2026-05-04 13:51:44,2026-05-04 20:41:43,2026-05-04 21:57:07,377,11,9.0,Atenuação alta,Curvatura excessiva,Média,24,4.49,5.1,Encerrado
4620,2026-05-04 18:05:46,2026-05-04 18:41:10,2026-05-05 01:38:28,360,4,7.0,Rompimento de fibra,Queda de árvore,Crítica,4,1.9,25.5,Encerrado
4621,2026-05-04 19:28:15,2026-05-04 20:46:15,2026-05-04 21:21:42,301,14,9.0,Atenuação alta,Emenda degradada,Alta,8,3.17,5.0,Encerrado
4622,2026-05-04 21:05:13,,,2,11,,Atenuação alta,,Crítica,4,3.62,1.9,Cancelado
4623,2026-05-05 01:16:10,2026-05-05 02:21:24,2026-05-05 07:53:09,377,11,18.0,Furto/vandalismo de cabo,Furto de cabo,Crítica,4,3.83,39.8,Encerrado
4624,2026-05-05 02:21:05,2026-05-05 03:58:29,2026-05-05 07:34:22,313,1,7.0,Furto/vandalismo de cabo,Vandalismo,Crítica,4,15.0,20.0,Encerrado
4625,2026-05-05 04:49:57,2026-05-05 10:40:51,2026-05-05 13:11:36,194,4,1.0,Atenuação alta,Conector sujo,Média,24,3.04,3.5,Encerrado
4626,2026-05-05 09:27:04,2026-05-05 13:25:12,2026-05-05 15:22:43,354,7,2.0,Rompimento de fibra,Acidente de trânsito (poste),Alta,8,0.87,19.6,Encerrado
4627,2026-05-05 12:29:44,2026-05-05 13:04:07,2026-05-05 16:55:23,76,11,9.0,Rompimento de fibra,Roedores,Crítica,4,1.22,33.6,Encerrado
4628,2026-05-05 12:36:44,2026-05-05 13:15:43,2026-05-05 15:26:15,54,12,9.0,Rompimento de fibra,Roedores,Crítica,4,8.99,21.7,Encerrado
4629,2026-05-05 17:02:16,2026-05-05 19:00:29,2026-05-05 23:34:40,80,14,9.0,Atenuação alta,Curvatura excessiva,Alta,8,4.67,3.4,Encerrado
4630,2026-05-05 19:16:05,2026-05-05 20:56:07,2026-05-05 22:02:43,121,6,16.0,Queda de energia,Bateria do nobreak,Alta,8,,,Encerrado
4631,2026-05-05 20:30:15,2026-05-05 22:43:57,2026-05-06 00:06:43,240,8,5.0,Atenuação alta,Curvatura excessiva,Alta,8,4.06,7.7,Encerrado
4632,2026-05-05 23:18:23,2026-05-06 01:05:35,2026-05-06 02:34:51,80,14,18.0,Queda de energia,Falta de energia da concessionária,Alta,8,,,Encerrado
4633,2026-05-06 03:04:38,,,37,1,,Queda de energia,,Alta,8,,,Cancelado
4634,2026-05-06 03:33:24,2026-05-06 03:39:57,2026-05-06 09:02:35,209,14,3.0,Rompimento de fibra,Acidente de trânsito (poste),Crítica,4,1.55,23.0,Encerrado
4635,2026-05-06 03:43:45,2026-05-06 04:22:53,2026-05-06 09:19:13,55,9,8.0,Furto/vandalismo de cabo,Furto de cabo,Crítica,4,4.17,35.1,Encerrado
4636,2026-05-06 04:19:00,2026-05-06 05:53:52,2026-05-06 13:07:00,324,11,18.0,Rompimento de fibra,Acidente de trânsito (poste),Crítica,4,6.67,37.3,Encerrado
4637,2026-05-06 06:39:29,2026-05-06 07:22:22,2026-05-06 08:50:52,2,12,18.0,Rompimento de fibra,Roedores,Crítica,4,7.34,23.5,Encerrado
4638,2026-05-06 09:31:26,2026-05-06 16:07:40,2026-05-06 16:40:12,325,3,13.0,Configuração,Atualização de firmware,Média,24,,,Encerrado
4639,2026-05-06 10:05:09,2026-05-06 10:11:01,2026-05-06 12:00:47,369,3,13.0,Queda de energia,Falta de energia da concessionária,Alta,8,,,Encerrado
4640,2026-05-06 21:55:29,2026-05-06 22:32:25,2026-05-07 07:10:35,234,7,8.0,Falha de equipamento,Módulo óptico (SFP/QSFP),Alta,8,,,Encerrado
4641,2026-05-07 00:37:58,2026-05-08 17:18:35,2026-05-08 18:06:16,199,4,4.0,Falha de equipamento,Fonte de alimentação,Baixa,48,,,Encerrado
4642,2026-05-07 04:07:08,2026-05-07 05:32:48,2026-05-07 08:41:15,66,7,11.0,Furto/vandalismo de cabo,Furto de cabo,Crítica,4,5.32,24.1,Encerrado
4643,2026-05-07 05:31:56,2026-05-07 07:48:59,2026-05-07 08:31:22,194,4,16.0,Falha de equipamento,Switch,Média,24,,,Encerrado
4644,2026-05-07 09:09:08,2026-05-07 11:31:16,2026-05-07 17:09:04,395,10,8.0,Atenuação alta,Conector sujo,Média,24,6.35,5.6,Encerrado
4645,2026-05-07 12:29:34,2026-05-07 19:05:59,2026-05-07 20:40:47,21,3,1.0,Queda de energia,Disjuntor,Média,24,,,Encerrado
4646,2026-05-07 16:32:07,2026-05-07 20:07:54,2026-05-07 21:35:35,19,7,17.0,Queda de energia,Bateria do nobreak,Alta,8,,,Encerrado
4647,2026-05-07 16:40:28,2026-05-07 17:09:40,2026-05-07 20:08:05,316,13,6.0,Rompimento de fibra,Obra de terceiros,Crítica,4,8.34,33.4,Encerrado
4648,2026-05-07 19:13:29,2026-05-07 19:42:18,2026-05-08 01:23:07,398,7,11.0,Atenuação alta,Umidade na caixa de emenda,Alta,8,2.27,6.0,Encerrado
4649,2026-05-08 03:53:02,2026-05-08 06:10:44,2026-05-08 06:37:20,259,10,2.0,Furto/vandalismo de cabo,Furto de cabo,Alta,8,5.18,26.2,Encerrado
4650,2026-05-08 06:46:32,2026-05-08 10:44:04,2026-05-08 10:58:27,29,10,14.0,Atenuação alta,Emenda degradada,Alta,8,9.54,5.8,Encerrado
4651,2026-05-08 07:30:44,2026-05-08 11:13:26,2026-05-08 17:36:35,367,5,7.0,Atenuação alta,Umidade na caixa de emenda,Média,24,1.81,3.5,Encerrado
4652,2026-05-08 08:58:28,2026-05-08 10:42:33,2026-05-08 12:01:40,44,1,4.0,Queda de energia,Disjuntor,Alta,8,,,Encerrado
4653,2026-05-08 16:02:46,2026-05-08 18:50:37,2026-05-08 20:56:36,108,4,7.0,Atenuação alta,Emenda degradada,Média,24,1.25,2.2,Encerrado
4654,2026-05-08 16:40:08,2026-05-08 17:12:57,2026-05-08 17:48:18,191,7,8.0,Configuração,Atualização de firmware,Média,24,,,Encerrado
4655,2026-05-08 23:36:13,2026-05-09 00:43:02,2026-05-09 04:10:41,23,11,9.0,Rompimento de fibra,Queda de árvore,Crítica,4,2.05,35.1,Encerrado
4656,2026-05-08 23:56:25,2026-05-09 05:35:30,2026-05-09 06:14:35,381,8,5.0,Atenuação alta,Conector sujo,Média,24,1.72,6.7,Encerrado
4657,2026-05-09 03:02:34,2026-05-09 03:57:24,2026-05-09 08:04:41,149,7,11.0,Queda de energia,Bateria do nobreak,Alta,8,,,Encerrado
4658,2026-05-09 07:00:47,2026-05-09 22:51:44,2026-05-10 01:25:26,234,9,8.0,Falha de equipamento,Módulo óptico (SFP/QSFP),Média,24,,,Encerrado
4659,2026-05-09 12:46:36,2026-05-10 02:59:52,2026-05-10 04:14:37,208,14,9.0,Falha de equipamento,Módulo óptico (SFP/QSFP),Baixa,48,,,Encerrado
4660,2026-05-09 14:29:00,2026-05-09 15:00:48,2026-05-09 16:23:23,87,16,18.0,Rompimento de fibra,Acidente de trânsito (poste),Crítica,4,5.42,21.2,Encerrado
4661,2026-05-09 15:33:31,2026-05-09 17:10:32,2026-05-09 19:11:22,19,7,14.0,Configuração,Atualização de firmware,Alta,8,,,Encerrado
4662,2026-05-09 15:45:52,2026-05-09 16:00:51,2026-05-09 18:17:11,292,16,9.0,Rompimento de fibra,Roedores,Crítica,4,4.62,29.7,Encerrado
4663,2026-05-09 19:00:24,2026-05-10 03:30:09,2026-05-10 04:25:18,296,6,13.0,Falha de equipamento,Switch,Média,24,,,Encerrado
4664,2026-05-09 20:50:03,2026-05-10 10:03:18,2026-05-10 13:57:45,341,5,4.0,Atenuação alta,Curvatura excessiva,Média,24,1.05,5.4,Encerrado
4665,2026-05-09 21:04:52,2026-05-09 23:17:59,2026-05-10 00:34:15,234,9,11.0,Falha de equipamento,Switch,Alta,8,,,Encerrado
4666,2026-05-10 02:37:32,2026-05-10 22:06:33,2026-05-10 22:49:28,326,5,7.0,Queda de energia,Bateria do nobreak,Baixa,48,,,Encerrado
4667,2026-05-10 07:47:11,2026-05-10 10:11:24,2026-05-10 11:16:27,155,11,6.0,Configuração,Atualização de firmware,Média,24,,,Encerrado
4668,2026-05-10 10:59:26,2026-05-10 11:30:01,2026-05-10 14:25:53,46,11,6.0,Furto/vandalismo de cabo,Furto de cabo,Crítica,4,3.25,26.6,Encerrado
4669,2026-05-10 12:09:06,2026-05-10 20:18:41,2026-05-10 22:04:15,4,5,10.0,Queda de energia,Disjuntor,Média,24,,,Encerrado
4670,2026-05-10 12:28:34,2026-05-10 16:23:48,2026-05-10 17:37:46,216,9,14.0,Queda de energia,Disjuntor,Alta,8,,,Encerrado
4671,2026-05-10 13:00:15,2026-05-10 14:24:05,2026-05-10 15:23:42,322,12,6.0,Configuração,Erro de configuração,Alta,8,,,Encerrado
4672,2026-05-10 16:34:36,2026-05-11 00:12:11,2026-05-11 03:18:42,357,5,4.0,Rompimento de fibra,Queda de árvore,Alta,8,6.29,32.9,Encerrado
4673,2026-05-10 21:13:18,2026-05-10 23:22:33,2026-05-11 01:15:08,79,9,11.0,Queda de energia,Bateria do nobreak,Crítica,4,,,Encerrado
4674,2026-05-10 21:39:16,2026-05-11 15:41:30,2026-05-11 18:46:36,139,13,3.0,Queda de energia,Falta de energia da concessionária,Média,24,,,Encerrado
4675,2026-05-10 22:43:55,2026-05-11 05:47:29,2026-05-11 06:25:47,173,12,12.0,Atenuação alta,Conector sujo,Média,24,2.35,2.3,Encerrado
4676,2026-05-11 02:07:28,2026-05-11 03:27:42,2026-05-11 05:09:57,70,16,3.0,Configuração,Atualização de firmware,Crítica,4,,,Encerrado
4677,2026-05-11 04:29:20,2026-05-11 07:03:26,2026-05-11 10:01:10,212,7,11.0,Falha de equipamento,Módulo óptico (SFP/QSFP),Alta,8,,,Encerrado
4678,2026-05-11 05:33:57,2026-05-11 06:39:23,2026-05-11 15:36:18,200,1,7.0,Atenuação alta,Curvatura excessiva,Média,24,2.93,3.7,Encerrado
4679,2026-05-11 09:27:37,2026-05-11 09:56:36,2026-05-11 14:55:11,58,11,6.0,Rompimento de fibra,Queda de árvore,Crítica,4,16.89,23.1,Encerrado
4680,2026-05-11 09:34:19,2026-05-11 11:12:17,2026-05-11 12:39:14,71,11,12.0,Atenuação alta,Conector sujo,Alta,8,0.97,5.0,Encerrado
4681,2026-05-11 17:15:23,2026-05-11 20:39:34,2026-05-11 22:33:34,196,15,6.0,Atenuação alta,Emenda degradada,Média,24,2.86,2.9,Encerrado
4682,2026-05-11 17:24:39,2026-05-12 01:47:18,2026-05-12 04:25:55,268,13,3.0,Atenuação alta,Curvatura excessiva,Média,24,4.81,9.0,Encerrado
4683,2026-05-11 17:48:02,2026-05-11 18:18:25,2026-05-11 19:05:11,49,4,1.0,Queda de energia,Falta de energia da concessionária,Alta,8,,,Encerrado
4684,2026-05-11 21:29:11,2026-05-12 04:28:17,2026-05-12 06:32:10,239,5,16.0,Falha de equipamento,Fonte de alimentação,Média,24,,,Encerrado
4685,2026-05-11 23:08:29,2026-05-12 20:48:50,2026-05-12 23:22:12,219,16,6.0,Atenuação alta,Umidade na caixa de emenda,Média,24,11.44,7.4,Encerrado
4686,2026-05-11 23:32:44,2026-05-12 00:27:48,2026-05-12 04:58:52,212,9,17.0,Atenuação alta,Emenda degradada,Alta,8,12.02,6.5,Encerrado
4687,2026-05-12 03:26:23,2026-05-12 05:23:53,2026-05-12 06:57:51,116,12,18.0,Atenuação alta,Umidade na caixa de emenda,Alta,8,5.04,4.2,Encerrado
4688,2026-05-12 05:52:11,2026-05-12 06:18:07,2026-05-12 08:26:43,177,9,5.0,Rompimento de fibra,Roedores,Alta,8,2.89,23.6,Encerrado
4689,2026-05-12 06:18:15,2026-05-12 09:53:43,2026-05-12 14:46:20,149,7,8.0,Rompimento de fibra,Queda de árvore,Alta,8,4.31,29.8,Encerrado
4690,2026-05-12 07:47:22,2026-05-12 12:15:48,2026-05-12 12:53:23,283,14,12.0,Queda de energia,Falta de energia da concessionária,Média,24,,,Encerrado
4691,2026-05-12 15:18:43,2026-05-12 16:40:27,2026-05-12 21:44:40,150,8,11.0,Rompimento de fibra,Roedores,Alta,8,2.14,20.2,Encerrado
4692,2026-05-12 16:28:19,2026-05-12 16:58:27,2026-05-12 20:19:27,149,8,8.0,Rompimento de fibra,Queda de árvore,Crítica,4,5.16,35.6,Encerrado
4693,2026-05-12 19:43:29,2026-05-12 21:45:38,2026-05-12 23:11:39,391,13,6.0,Atenuação alta,Umidade na caixa de emenda,Alta,8,2.26,4.9,Encerrado
4694,2026-05-12 23:13:09,2026-05-13 05:12:47,2026-05-13 08:15:12,330,11,12.0,Atenuação alta,Conector sujo,Média,24,2.54,9.0,Encerrado
4695,2026-05-13 00:25:21,2026-05-13 01:33:50,2026-05-13 05:02:44,235,11,12.0,Furto/vandalismo de cabo,Vandalismo,Crítica,4,2.36,26.2,Encerrado
4696,2026-05-13 04:14:23,2026-05-13 06:54:32,2026-05-13 11:41:35,11,6,16.0,Queda de energia,Falta de energia da concessionária,Alta,8,,,Encerrado
4697,2026-05-13 05:33:55,2026-05-13 08:05:38,2026-05-13 10:03:11,381,7,17.0,Rompimento de fibra,Queda de árvore,Alta,8,9.07,25.8,Encerrado
4698,2026-05-13 09:17:17,2026-05-13 11:03:28,2026-05-13 15:02:07,349,14,18.0,Rompimento de fibra,Roedores,Alta,8,3.49,25.6,Encerrado
4699,2026-05-13 09:41:51,2026-05-13 15:18:17,2026-05-13 17:07:02,168,1,13.0,Falha de equipamento,Switch,Média,24,,,Encerrado
4700,2026-05-13 15:46:27,2026-05-14 05:53:56,2026-05-14 10:11:10,192,2,7.0,Falha de equipamento,Módulo óptico (SFP/QSFP),Média,24,,,Encerrado
4701,2026-05-13 17:10:13,2026-05-14 01:15:43,2026-05-14 01:48:37,329,13,18.0,Configuração,Atualização de firmware,Média,24,,,Encerrado
4702,2026-05-13 21:29:47,2026-05-14 14:54:08,2026-05-14 19:54:52,360,4,10.0,Atenuação alta,Umidade na caixa de emenda,Média,24,4.95,8.2,Encerrado
4703,2026-05-13 22:00:27,2026-05-13 22:34:03,2026-05-14 00:58:42,67,10,8.0,Queda de energia,Bateria do nobreak,Alta,8,,,Encerrado
4704,2026-05-13 22:19:15,,,340,16,,Rompimento de fibra,,Alta,8,1.98,37.5,Cancelado
4705,2026-05-13 22:55:23,2026-05-14 02:54:21,2026-05-14 03:55:46,264,15,3.0,Configuração,Erro de configuração,Média,24,,,Encerrado
4706,2026-05-14 01:49:19,2026-05-14 02:17:19,2026-05-14 06:50:36,349,14,3.0,Furto/vandalismo de cabo,Furto de cabo,Crítica,4,5.68,26.1,Encerrado
4707,2026-05-14 05:10:36,2026-05-14 06:27:39,2026-05-14 10:46:58,49,4,16.0,Atenuação alta,Emenda degradada,Alta,8,3.92,7.6,Encerrado
4708,2026-05-14 06:53:14,2026-05-14 07:45:27,2026-05-14 11:29:18,222,5,4.0,Rompimento de fibra,Obra de terceiros,Alta,8,2.19,28.2,Encerrado
4709,2026-05-14 07:19:34,2026-05-14 08:09:29,2026-05-14 13:49:02,376,15,12.0,Rompimento de fibra,Obra de terceiros,Crítica,4,2.1,31.7,Encerrado
4710,2026-05-14 08:54:42,2026-05-14 10:13:31,2026-05-14 12:51:40,44,2,4.0,Queda de energia,Falta de energia da concessionária,Alta,8,,,Encerrado
4711,2026-05-14 09:28:28,2026-05-14 09:55:32,2026-05-14 12:17:24,363,6,1.0,Rompimento de fibra,Obra de terceiros,Crítica,4,7.99,28.9,Encerrado
4712,2026-05-14 10:55:38,,,51,6,,Configuração,,Média,24,,,Cancelado
4713,2026-05-14 11:34:55,2026-05-14 12:51:00,2026-05-14 15:41:47,72,8,8.0,Falha de equipamento,Placa de interface,Média,24,,,Encerrado
4714,2026-05-14 11:46:41,2026-05-14 13:47:32,2026-05-14 16:02:22,110,10,5.0,Atenuação alta,Umidade na caixa de emenda,Alta,8,1.94,6.3,Encerrado
4715,2026-05-14 16:16:29,2026-05-14 19:58:40,2026-05-14 22:17:02,327,16,18.0,Atenuação alta,Emenda degradada,Alta,8,1.46,1.9,Encerrado
4716,2026-05-14 21:23:19,2026-05-14 22:20:31,2026-05-15 03:02:13,254,16,15.0,Rompimento de fibra,Acidente de trânsito (poste),Alta,8,1.16,39.1,Encerrado
4717,2026-05-14 22:29:52,2026-05-14 23:23:28,2026-05-15 02:46:24,43,12,15.0,Furto/vandalismo de cabo,Vandalismo,Crítica,4,2.91,36.7,Encerrado
4718,2026-05-14 23:30:12,2026-05-15 05:13:19,2026-05-15 11:34:02,179,15,18.0,Rompimento de fibra,Roedores,Alta,8,7.04,23.2,Encerrado
4719,2026-05-14 23:34:57,2026-05-15 00:46:50,2026-05-15 09:38:08,120,12,18.0,Rompimento de fibra,Roedores,Crítica,4,8.59,37.7,Encerrado
4720,2026-05-15 01:12:44,2026-05-16 00:19:34,2026-05-16 02:14:40,291,5,13.0,Falha de equipamento,Módulo óptico (SFP/QSFP),Baixa,48,,,Encerrado
4721,2026-05-15 02:19:48,2026-05-15 09:42:01,2026-05-15 11:33:13,339,10,5.0,Falha de equipamento,Módulo óptico (SFP/QSFP),Média,24,,,Encerrado
4722,2026-05-15 04:47:51,2026-05-15 08:28:32,2026-05-15 13:22:19,80,14,9.0,Furto/vandalismo de cabo,Furto de cabo,Crítica,4,5.79,33.0,Encerrado
4723,2026-05-15 05:20:39,2026-05-15 07:19:48,2026-05-15 13:15:45,284,10,14.0,Atenuação alta,Conector sujo,Alta,8,1.88,1.7,Encerrado
4724,2026-05-15 05:37:04,2026-05-15 05:41:59,2026-05-15 07:38:32,98,2,7.0,Furto/vandalismo de cabo,Vandalismo,Crítica,4,0.43,26.9,Encerrado
4725,2026-05-15 14:31:21,2026-05-16 06:29:41,2026-05-16 07:32:47,275,16,6.0,Falha de equipamento,Placa de interface,Média,24,,,Encerrado
4726,2026-05-15 17:46:35,2026-05-15 18:06:14,2026-05-15 20:25:05,123,6,13.0,Falha de equipamento,Fonte de alimentação,Alta,8,,,Encerrado
4727,2026-05-15 19:41:26,2026-05-15 22:54:13,2026-05-15 23:29:52,266,8,2.0,Atenuação alta,Umidade na caixa de emenda,Média,24,2.34,2.7,Encerrado
4728,2026-05-15 20:10:43,2026-05-15 21:54:14,2026-05-16 01:14:24,214,16,3.0,Rompimento de fibra,Acidente de trânsito (poste),Crítica,4,5.14,36.4,Encerrado
4729,2026-05-15 23:28:35,2026-05-16 01:16:33,2026-05-16 03:46:05,379,1,4.0,Atenuação alta,Emenda degradada,Média,24,2.86,6.7,Encerrado
4730,2026-05-16 05:24:46,2026-05-16 09:16:27,2026-05-16 11:05:46,146,15,12.0,Queda de energia,Bateria do nobreak,Média,24,,,Encerrado
4731,2026-05-16 08:01:07,2026-05-16 08:56:15,2026-05-16 11:45:13,61,14,9.0,Falha de equipamento,Módulo óptico (SFP/QSFP),Crítica,4,,,Encerrado
4732,2026-05-16 12:26:25,2026-05-18 01:19:00,2026-05-18 01:46:10,144,15,3.0,Configuração,Erro de configuração,Baixa,48,,,Encerrado
4733,2026-05-16 13:09:16,2026-05-16 14:18:29,2026-05-16 21:46:46,207,3,16.0,Furto/vandalismo de cabo,Furto de cabo,Alta,8,6.61,33.9,Encerrado
4734,2026-05-16 18:34:58,2026-05-16 21:00:47,2026-05-16 22:37:56,227,13,12.0,Furto/vandalismo de cabo,Furto de cabo,Alta,8,2.11,20.0,Encerrado
4735,2026-05-16 19:01:19,,,361,13,,Atenuação alta,,Alta,8,5.09,7.2,Cancelado
4736,2026-05-17 00:08:39,2026-05-17 02:41:49,2026-05-17 12:24:39,162,1,7.0,Rompimento de fibra,Roedores,Alta,8,1.63,27.8,Encerrado
4737,2026-05-17 00:11:54,,,152,10,,Falha de equipamento,,Alta,8,,,Cancelado
4738,2026-05-17 04:43:42,2026-05-17 07:52:21,2026-05-17 11:05:58,203,10,2.0,Furto/vandalismo de cabo,Furto de cabo,Alta,8,15.15,39.1,Encerrado
4739,2026-05-17 12:16:18,2026-05-17 13:20:34,2026-05-17 16:00:11,72,7,2.0,Falha de equipamento,Switch,Alta,8,,,Encerrado
4740,2026-05-17 14:10:36,2026-05-18 01:11:21,2026-05-18 06:04:38,137,5,1.0,Atenuação alta,Curvatura excessiva,Média,24,2.41,4.7,Encerrado
4741,2026-05-17 16:06:23,2026-05-17 16:16:17,2026-05-18 02:10:16,13,10,11.0,Rompimento de fibra,Obra de terceiros,Crítica,4,8.18,27.0,Encerrado
4742,2026-05-17 16:27:12,2026-05-17 17:50:26,2026-05-18 02:53:18,47,7,14.0,Furto/vandalismo de cabo,Furto de cabo,Crítica,4,5.2,34.5,Encerrado
4743,2026-05-17 17:28:47,2026-05-17 18:46:24,2026-05-18 03:35:35,191,8,17.0,Rompimento de fibra,Acidente de trânsito (poste),Crítica,4,2.48,18.8,Encerrado
4744,2026-05-17 21:49:06,2026-05-17 22:13:49,2026-05-17 23:30:55,342,1,7.0,Falha de equipamento,Placa de interface,Alta,8,,,Encerrado
4745,2026-05-18 02:30:29,2026-05-19 07:17:40,2026-05-19 08:30:57,261,16,6.0,Configuração,Erro de configuração,Baixa,48,,,Encerrado
4746,2026-05-18 05:51:56,,,102,16,,Rompimento de fibra,,Crítica,4,1.99,25.7,Cancelado
4747,2026-05-18 07:58:19,2026-05-18 10:04:12,2026-05-18 15:24:23,271,5,4.0,Rompimento de fibra,Acidente de trânsito (poste),Alta,8,3.88,21.5,Encerrado
4748,2026-05-18 09:27:44,2026-05-18 11:59:14,2026-05-18 13:04:59,61,14,18.0,Atenuação alta,Emenda degradada,Alta,8,3.74,6.5,Encerrado
4749,2026-05-18 13:22:09,2026-05-18 13:49:16,2026-05-18 23:26:00,226,10,14.0,Rompimento de fibra,Roedores,Crítica,4,3.96,23.4,Encerrado
4750,2026-05-18 15:28:40,2026-05-19 00:08:52,2026-05-19 03:29:35,110,10,17.0,Atenuação alta,Umidade na caixa de emenda,Média,24,1.4,3.5,Encerrado
4751,2026-05-18 20:25:09,2026-05-18 20:52:53,2026-05-19 00:33:34,42,6,13.0,Rompimento de fibra,Obra de terceiros,Crítica,4,2.85,31.4,Encerrado
4752,2026-05-19 07:42:41,2026-05-19 13:21:51,2026-05-19 13:58:17,350,5,10.0,Falha de equipamento,Fonte de alimentação,Baixa,48,,,Encerrado
4753,2026-05-19 14:50:34,2026-05-20 03:01:05,2026-05-20 05:04:52,212,9,5.0,Falha de equipamento,Placa de interface,Média,24,,,Encerrado
4754,2026-05-19 18:14:07,2026-05-19 19:19:38,2026-05-19 23:38:11,79,8,14.0,Atenuação alta,Emenda degradada,Alta,8,4.71,6.6,Encerrado
4755,2026-05-19 18:48:02,2026-05-19 19:13:59,2026-05-19 21:03:39,100,3,4.0,Atenuação alta,Umidade na caixa de emenda,Alta,8,6.1,6.1,Encerrado
4756,2026-05-20 03:42:41,2026-05-20 05:31:05,2026-05-20 17:14:17,212,8,14.0,Rompimento de fibra,Obra de terceiros,Alta,8,2.99,25.9,Encerrado
4757,2026-05-20 05:44:46,2026-05-20 11:26:23,2026-05-20 12:37:53,242,12,3.0,Queda de energia,Bateria do nobreak,Média,24,,,Encerrado
4758,2026-05-20 08:04:16,2026-05-20 10:40:46,2026-05-20 17:37:43,138,12,6.0,Rompimento de fibra,Obra de terceiros,Alta,8,5.42,36.4,Encerrado
4759,2026-05-20 11:11:46,2026-05-20 12:28:29,2026-05-20 19:43:42,343,16,9.0,Furto/vandalismo de cabo,Vandalismo,Alta,8,3.39,26.5,Encerrado
4760,2026-05-20 16:24:28,2026-05-20 19:20:15,2026-05-20 21:32:59,285,16,6.0,Atenuação alta,Conector sujo,Média,24,2.23,7.6,Encerrado
4761,2026-05-20 18:22:03,2026-05-20 20:26:05,2026-05-20 20:41:32,150,7,2.0,Queda de energia,Bateria do nobreak,Alta,8,,,Encerrado
4762,2026-05-21 00:16:53,2026-05-23 08:35:08,2026-05-23 16:43:03,387,6,4.0,Atenuação alta,Conector sujo,Baixa,48,3.22,6.1,Encerrado
4763,2026-05-21 01:28:31,2026-05-21 02:40:01,2026-05-21 10:18:17,381,9,2.0,Furto/vandalismo de cabo,Vandalismo,Crítica,4,1.15,20.2,Encerrado
4764,2026-05-21 02:07:18,2026-05-21 07:34:56,2026-05-21 08:29:07,175,3,13.0,Falha de equipamento,Placa de interface,Baixa,48,,,Encerrado
4765,2026-05-21 02:10:41,2026-05-21 10:17:37,2026-05-21 11:54:35,269,14,18.0,Queda de energia,Disjuntor,Média,24,,,Encerrado
4766,2026-05-21 03:14:46,2026-05-22 01:29:41,2026-05-22 02:40:48,95,10,14.0,Configuração,Atualização de firmware,Média,24,,,Encerrado
4767,2026-05-21 04:51:26,2026-05-21 10:51:14,2026-05-21 11:28:42,315,1,4.0,Queda de energia,Bateria do nobreak,Média,24,,,Encerrado
4768,2026-05-21 06:18:47,2026-05-21 07:53:57,2026-05-21 14:06:15,377,12,9.0,Rompimento de fibra,Queda de árvore,Crítica,4,5.98,30.8,Encerrado
4769,2026-05-21 13:11:34,2026-05-21 13:47:16,2026-05-21 20:42:03,242,12,9.0,Atenuação alta,Conector sujo,Alta,8,0.55,7.4,Encerrado
4770,2026-05-21 14:21:09,2026-05-21 15:50:55,2026-05-21 17:23:41,80,15,6.0,Falha de equipamento,Placa de interface,Alta,8,,,Encerrado
4771,2026-05-21 15:28:12,2026-05-21 17:46:04,2026-05-21 18:32:49,89,9,2.0,Queda de energia,Falta de energia da concessionária,Crítica,4,,,Encerrado
4772,2026-05-21 18:45:12,2026-05-21 19:39:37,2026-05-21 23:59:37,110,10,8.0,Atenuação alta,Curvatura excessiva,Crítica,4,7.15,7.0,Encerrado
4773,2026-05-21 22:23:37,2026-05-21 22:45:28,2026-05-22 04:17:32,45,13,3.0,Atenuação alta,Curvatura excessiva,Crítica,4,3.67,4.7,Encerrado
4774,2026-05-21 23:22:53,2026-05-22 02:48:13,2026-05-22 05:05:11,210,1,10.0,Queda de energia,Falta de energia da concessionária,Média,24,,,Encerrado
4775,2026-05-22 00:19:58,2026-05-22 03:11:22,2026-05-22 05:38:16,375,2,10.0,Furto/vandalismo de cabo,Furto de cabo,Crítica,4,7.26,30.8,Encerrado
4776,2026-05-22 00:42:59,2026-05-22 02:32:25,2026-05-22 09:29:54,199,3,16.0,Furto/vandalismo de cabo,Vandalismo,Alta,8,1.1,23.4,Encerrado
4777,2026-05-22 00:50:31,2026-05-22 01:28:34,2026-05-22 01:31:13,37,1,10.0,Falha de equipamento,Placa de interface,Crítica,4,,,Encerrado
4778,2026-05-22 02:44:42,2026-05-22 06:06:16,2026-05-22 11:43:01,312,10,14.0,Rompimento de fibra,Acidente de trânsito (poste),Alta,8,12.57,37.3,Encerrado
4779,2026-05-22 08:41:11,2026-05-22 09:20:08,2026-05-22 12:17:35,135,2,10.0,Atenuação alta,Emenda degradada,Alta,8,1.4,3.3,Encerrado
4780,2026-05-22 11:22:36,2026-05-23 17:58:02,2026-05-23 19:43:01,397,5,1.0,Atenuação alta,Conector sujo,Baixa,48,0.65,6.0,Encerrado
4781,2026-05-22 12:57:26,2026-05-22 14:25:54,2026-05-22 19:23:32,97,10,5.0,Falha de equipamento,Switch,Alta,8,,,Encerrado
4782,2026-05-22 13:15:50,2026-05-22 17:16:52,2026-05-22 19:08:28,112,7,2.0,Queda de energia,Bateria do nobreak,Alta,8,,,Encerrado
4783,2026-05-22 14:06:40,2026-05-22 21:00:53,2026-05-22 22:24:37,354,8,2.0,Queda de energia,Falta de energia da concessionária,Média,24,,,Encerrado
4784,2026-05-22 14:40:39,2026-05-23 01:45:25,2026-05-23 07:04:53,235,11,6.0,Atenuação alta,Curvatura excessiva,Média,24,14.92,2.9,Encerrado
4785,2026-05-22 18:08:31,2026-05-22 23:23:39,2026-05-23 00:11:01,8,8,14.0,Queda de energia,Disjuntor,Média,24,,,Encerrado
4786,2026-05-22 18:42:13,2026-05-22 19:03:12,2026-05-22 21:17:32,51,6,10.0,Atenuação alta,Umidade na caixa de emenda,Crítica,4,3.99,6.3,Encerrado
4787,2026-05-22 21:33:36,2026-05-22 22:36:53,2026-05-23 04:04:10,116,12,3.0,Furto/vandalismo de cabo,Vandalismo,Crítica,4,2.86,37.3,Encerrado
4788,2026-05-22 21:52:40,2026-05-22 22:22:30,2026-05-22 23:16:46,349,15,6.0,Queda de energia,Falta de energia da concessionária,Alta,8,,,Encerrado
4789,2026-05-23 00:04:33,2026-05-23 07:57:15,2026-05-23 08:47:19,210,1,10.0,Queda de energia,Disjuntor,Média,24,,,Encerrado
4790,2026-05-23 00:51:06,2026-05-23 02:32:00,2026-05-23 04:10:22,372,14,18.0,Furto/vandalismo de cabo,Vandalismo,Crítica,4,1.56,31.4,Encerrado
4791,2026-05-23 01:26:04,2026-05-23 21:09:58,2026-05-24 00:38:24,179,15,6.0,Atenuação alta,Emenda degradada,Baixa,48,2.22,6.9,Encerrado
4792,2026-05-23 09:55:00,2026-05-23 10:41:46,2026-05-23 12:29:26,358,13,18.0,Rompimento de fibra,Queda de árvore,Crítica,4,1.95,32.9,Encerrado
4793,2026-05-23 11:03:39,2026-05-23 12:50:58,2026-05-23 19:51:06,71,12,15.0,Atenuação alta,Emenda degradada,Média,24,3.33,6.8,Encerrado
4794,2026-05-23 11:18:11,2026-05-23 12:03:56,2026-05-23 14:46:38,20,16,12.0,Atenuação alta,Curvatura excessiva,Alta,8,2.74,8.5,Encerrado
4795,2026-05-23 14:35:14,2026-05-23 16:15:23,2026-05-23 20:15:23,129,4,10.0,Rompimento de fibra,Roedores,Alta,8,1.07,24.0,Encerrado
4796,2026-05-23 17:59:24,2026-05-23 19:04:40,2026-05-23 21:14:11,117,6,16.0,Atenuação alta,Curvatura excessiva,Crítica,4,2.34,1.6,Encerrado
4797,2026-05-23 22:06:54,,,132,3,,Atenuação alta,,Média,24,1.07,6.8,Cancelado
4798,2026-05-24 02:12:53,2026-05-24 04:54:30,2026-05-24 05:25:24,125,13,18.0,Queda de energia,Disjuntor,Baixa,48,,,Encerrado
4799,2026-05-24 02:45:11,2026-05-24 03:21:41,2026-05-24 03:41:06,221,16,15.0,Queda de energia,Bateria do nobreak,Média,24,,,Encerrado
4800,2026-05-24 05:33:12,2026-05-24 10:34:39,2026-05-24 16:55:48,391,13,9.0,Atenuação alta,Umidade na caixa de emenda,Alta,8,3.77,3.6,Encerrado
4801,2026-05-24 08:20:45,2026-05-24 11:35:07,2026-05-24 12:57:16,7,6,16.0,Atenuação alta,Curvatura excessiva,Alta,8,1.78,3.2,Encerrado
4802,2026-05-24 10:05:35,2026-05-26 02:37:30,2026-05-26 03:47:46,152,10,11.0,Queda de energia,Bateria do nobreak,Baixa,48,,,Encerrado
4803,2026-05-24 13:43:16,2026-05-24 14:19:53,2026-05-24 17:03:45,394,12,3.0,Rompimento de fibra,Obra de terceiros,Crítica,4,1.73,23.5,Encerrado
4804,2026-05-24 16:53:11,2026-05-24 18:00:38,2026-05-24 20:43:45,265,15,15.0,Rompimento de fibra,Obra de terceiros,Alta,8,0.72,37.0,Encerrado
4805,2026-05-24 19:40:26,2026-05-25 08:53:12,2026-05-25 11:01:52,132,3,1.0,Falha de equipamento,Módulo óptico (SFP/QSFP),Média,24,,,Encerrado
4806,2026-05-24 19:40:35,2026-05-24 21:11:09,2026-05-24 22:25:35,51,6,7.0,Queda de energia,Falta de energia da concessionária,Alta,8,,,Encerrado
4807,2026-05-24 20:30:59,2026-05-25 03:28:00,2026-05-25 05:15:49,172,16,15.0,Falha de equipamento,Switch,Média,24,,,Encerrado
4808,2026-05-24 20:39:09,2026-05-24 20:41:13,2026-05-24 22:13:05,182,11,15.0,Atenuação alta,Curvatura excessiva,Alta,8,1.56,8.6,Encerrado
4809,2026-05-24 22:43:56,2026-05-25 02:56:35,2026-05-25 11:38:30,79,7,11.0,Atenuação alta,Emenda degradada,Alta,8,13.58,5.1,Encerrado
4810,2026-05-25 01:18:14,2026-05-25 17:39:27,2026-05-25 18:10:49,330,11,18.0,Queda de energia,Falta de energia da concessionária,Média,24,,,Encerrado
4811,2026-05-25 10:28:02,2026-05-25 11:25:41,2026-05-25 17:35:22,391,13,9.0,Falha de equipamento,Placa de interface,Alta,8,,,Encerrado
4812,2026-05-25 15:07:20,2026-05-26 11:03:32,2026-05-26 11:47:25,381,7,11.0,Queda de energia,Disjuntor,Média,24,,,Encerrado
4813,2026-05-25 17:05:26,2026-05-25 19:01:25,2026-05-25 19:56:49,205,15,3.0,Configuração,Atualização de firmware,Média,24,,,Encerrado
4814,2026-05-25 17:17:55,2026-05-25 20:54:00,2026-05-25 21:47:41,147,5,13.0,Queda de energia,Bateria do nobreak,Média,24,,,Encerrado
4815,2026-05-25 18:56:26,2026-05-25 23:23:32,2026-05-26 01:19:42,386,14,3.0,Queda de energia,Disjuntor,Alta,8,,,Encerrado
4816,2026-05-25 23:31:21,2026-05-26 00:50:13,2026-05-26 02:31:40,94,9,17.0,Queda de energia,Falta de energia da concessionária,Alta,8,,,Encerrado
4817,2026-05-25 23:40:38,2026-05-26 01:49:22,2026-05-26 02:36:29,394,11,15.0,Queda de energia,Disjuntor,Alta,8,,,Encerrado
4818,2026-05-26 00:34:27,2026-05-26 03:37:37,2026-05-26 06:13:09,380,12,6.0,Atenuação alta,Umidade na caixa de emenda,Baixa,48,1.63,6.7,Encerrado
4819,2026-05-26 02:24:08,2026-05-26 02:50:13,2026-05-26 11:21:43,72,9,5.0,Furto/vandalismo de cabo,Furto de cabo,Crítica,4,0.97,29.7,Encerrado
4820,2026-05-26 02:24:33,2026-05-26 04:01:12,2026-05-26 11:50:29,44,2,10.0,Rompimento de fibra,Acidente de trânsito (poste),Crítica,4,1.22,18.5,Encerrado
4821,2026-05-26 12:55:49,2026-05-27 02:36:16,2026-05-27 03:40:57,222,5,7.0,Configuração,Erro de configuração,Média,24,,,Encerrado
4822,2026-05-26 14:02:00,2026-05-26 14:19:53,2026-05-26 19:48:21,398,7,14.0,Rompimento de fibra,Queda de árvore,Alta,8,2.95,18.0,Encerrado
4823,2026-05-26 17:07:12,2026-05-26 17:21:36,2026-05-26 20:44:13,14,2,1.0,Atenuação alta,Umidade na caixa de emenda,Crítica,4,0.91,8.3,Encerrado
4824,2026-05-26 18:09:38,2026-05-26 18:21:01,2026-05-26 20:54:07,116,12,15.0,Atenuação alta,Umidade na caixa de emenda,Crítica,4,8.02,3.6,Encerrado
4825,2026-05-26 19:20:31,2026-05-26 19:59:00,2026-05-26 22:24:54,213,7,2.0,Rompimento de fibra,Acidente de trânsito (poste),Alta,8,2.98,30.9,Encerrado
4826,2026-05-26 22:25:38,2026-05-26 23:15:32,2026-05-27 05:24:45,235,11,15.0,Rompimento de fibra,Roedores,Alta,8,3.24,34.5,Encerrado
4827,2026-05-27 04:51:13,2026-05-27 06:32:51,2026-05-27 07:38:08,66,9,8.0,Falha de equipamento,Fonte de alimentação,Alta,8,,,Encerrado
4828,2026-05-27 07:40:07,2026-05-27 08:42:50,2026-05-27 16:47:03,327,16,6.0,Rompimento de fibra,Queda de árvore,Alta,8,0.66,19.1,Encerrado
4829,2026-05-27 07:47:35,2026-05-27 09:29:20,2026-05-27 11:39:57,379,1,16.0,Falha de equipamento,Placa de interface,Alta,8,,,Encerrado
4830,2026-05-27 08:04:22,2026-05-27 18:44:55,2026-05-27 19:38:21,193,7,17.0,Configuração,Atualização de firmware,Média,24,,,Encerrado
4831,2026-05-27 08:46:27,2026-05-27 12:25:58,2026-05-27 16:33:11,272,16,9.0,Falha de equipamento,Módulo óptico (SFP/QSFP),Média,24,,,Encerrado
4832,2026-05-27 09:19:29,2026-05-27 10:04:33,2026-05-27 19:53:23,251,4,4.0,Rompimento de fibra,Acidente de trânsito (poste),Crítica,4,6.28,19.7,Encerrado
4833,2026-05-27 10:02:06,2026-05-27 15:41:23,2026-05-27 18:21:15,189,16,9.0,Falha de equipamento,Fonte de alimentação,Média,24,,,Encerrado
4834,2026-05-27 10:25:29,2026-05-27 10:40:57,2026-05-27 13:29:26,108,3,4.0,Rompimento de fibra,Roedores,Crítica,4,3.17,20.9,Encerrado
4835,2026-05-27 14:15:58,2026-05-28 02:06:14,2026-05-28 03:25:01,183,16,3.0,Configuração,Atualização de firmware,Média,24,,,Encerrado
4836,2026-05-27 14:16:50,2026-05-27 16:31:44,2026-05-27 17:39:56,72,8,14.0,Queda de energia,Disjuntor,Alta,8,,,Encerrado
4837,2026-05-27 19:15:12,2026-05-28 01:47:25,2026-05-28 04:00:10,344,12,18.0,Falha de equipamento,Módulo óptico (SFP/QSFP),Média,24,,,Encerrado
4838,2026-05-27 19:21:52,2026-05-27 23:33:24,2026-05-28 03:41:54,270,13,6.0,Atenuação alta,Conector sujo,Média,24,4.79,2.1,Encerrado
4839,2026-05-27 19:43:54,,,177,9,,Furto/vandalismo de cabo,,Alta,8,4.07,21.2,Cancelado
4840,2026-05-28 03:57:56,2026-05-28 11:03:24,2026-05-28 13:53:27,177,9,11.0,Atenuação alta,Curvatura excessiva,Média,24,7.17,1.7,Encerrado
4841,2026-05-28 07:05:31,2026-05-28 09:41:46,2026-05-28 10:36:55,342,2,13.0,Configuração,Atualização de firmware,Média,24,,,Encerrado
4842,2026-05-28 07:43:59,2026-05-28 08:46:04,2026-05-28 14:40:06,328,14,18.0,Furto/vandalismo de cabo,Furto de cabo,Alta,8,8.31,25.4,Encerrado
4843,2026-05-28 08:43:34,2026-05-28 09:46:20,2026-05-28 12:57:26,384,8,14.0,Rompimento de fibra,Roedores,Alta,8,6.61,33.2,Encerrado
4844,2026-05-28 12:09:36,2026-05-28 14:45:01,2026-05-28 18:26:39,47,8,14.0,Atenuação alta,Emenda degradada,Alta,8,7.62,3.3,Encerrado
4845,2026-05-28 22:02:19,2026-05-29 02:28:31,2026-05-29 06:15:39,182,12,15.0,Atenuação alta,Curvatura excessiva,Média,24,1.01,7.7,Encerrado
4846,2026-05-28 22:28:02,2026-05-29 01:15:49,2026-05-29 02:25:09,382,15,18.0,Falha de equipamento,Fonte de alimentação,Média,24,,,Encerrado
4847,2026-05-28 23:57:10,2026-05-29 00:36:15,2026-05-29 02:29:32,230,13,18.0,Falha de equipamento,Fonte de alimentação,Alta,8,,,Encerrado
4848,2026-05-29 00:20:51,2026-05-29 11:01:15,2026-05-29 12:43:02,308,6,1.0,Falha de equipamento,Módulo óptico (SFP/QSFP),Média,24,,,Encerrado
4849,2026-05-29 03:11:33,2026-05-29 04:08:40,2026-05-29 07:12:48,351,15,6.0,Atenuação alta,Conector sujo,Alta,8,8.77,2.3,Encerrado
4850,2026-05-29 04:35:36,2026-05-30 02:14:42,2026-05-30 02:36:29,375,2,7.0,Queda de energia,Falta de energia da concessionária,Média,24,,,Encerrado
4851,2026-05-29 04:50:33,2026-05-29 06:43:27,2026-05-29 09:59:45,344,11,15.0,Falha de equipamento,Fonte de alimentação,Alta,8,,,Encerrado
4852,2026-05-29 09:25:16,2026-05-29 11:57:18,2026-05-29 14:49:34,250,7,11.0,Queda de energia,Bateria do nobreak,Média,24,,,Encerrado
4853,2026-05-29 11:33:52,2026-05-29 13:27:12,2026-05-29 20:47:47,23,12,18.0,Furto/vandalismo de cabo,Furto de cabo,Crítica,4,7.08,28.7,Encerrado
4854,2026-05-29 12:10:17,2026-05-30 01:02:25,2026-05-30 03:05:34,360,4,16.0,Atenuação alta,Conector sujo,Média,24,1.57,5.1,Encerrado
4855,2026-05-29 13:12:33,2026-05-29 15:58:38,2026-05-29 19:02:38,105,13,3.0,Falha de equipamento,Placa de interface,Alta,8,,,Encerrado
4856,2026-05-29 14:32:19,2026-05-30 09:48:16,2026-05-30 12:00:02,311,6,10.0,Queda de energia,Disjuntor,Baixa,48,,,Encerrado
4857,2026-05-29 17:07:38,2026-05-30 11:53:17,2026-05-30 13:58:14,354,9,5.0,Atenuação alta,Curvatura excessiva,Baixa,48,4.12,8.8,Encerrado
4858,2026-05-29 21:38:23,2026-05-29 21:53:45,2026-05-30 00:21:06,135,2,4.0,Furto/vandalismo de cabo,Vandalismo,Crítica,4,6.92,23.0,Encerrado
4859,2026-05-29 22:00:08,2026-05-30 03:09:31,2026-05-30 04:42:55,141,14,9.0,Queda de energia,Disjuntor,Média,24,,,Encerrado
4860,2026-05-30 01:27:12,2026-05-30 03:28:18,2026-05-30 06:25:14,86,6,16.0,Furto/vandalismo de cabo,Furto de cabo,Crítica,4,2.33,19.3,Encerrado
4861,2026-05-30 02:32:53,2026-05-30 05:17:57,2026-05-30 08:41:56,23,11,6.0,Atenuação alta,Conector sujo,Alta,8,2.93,7.8,Encerrado
4862,2026-05-30 02:33:56,2026-05-30 05:19:41,2026-05-30 06:19:57,126,14,15.0,Queda de energia,Bateria do nobreak,Média,24,,,Encerrado
4863,2026-05-30 06:45:46,2026-05-30 07:08:28,2026-05-30 09:57:46,47,9,17.0,Falha de equipamento,Módulo óptico (SFP/QSFP),Crítica,4,,,Encerrado
4864,2026-05-30 07:05:40,2026-05-30 09:44:25,2026-05-30 14:44:20,146,14,6.0,Rompimento de fibra,Obra de terceiros,Alta,8,5.95,25.2,Encerrado
4865,2026-05-30 07:23:20,2026-05-30 09:20:41,2026-05-30 11:51:34,333,11,9.0,Furto/vandalismo de cabo,Vandalismo,Alta,8,1.54,22.8,Encerrado
4866,2026-05-30 08:18:28,2026-05-31 09:41:38,2026-05-31 10:37:34,134,2,1.0,Falha de equipamento,Placa de interface,Baixa,48,,,Encerrado
4867,2026-05-30 09:29:03,2026-05-30 10:11:40,2026-05-30 20:58:12,233,15,15.0,Rompimento de fibra,Obra de terceiros,Crítica,4,3.86,26.2,Encerrado
4868,2026-05-30 10:04:54,2026-05-30 12:20:56,2026-05-30 15:57:14,23,12,15.0,Rompimento de fibra,Queda de árvore,Crítica,4,1.22,22.1,Encerrado
4869,2026-05-30 13:18:44,2026-05-30 15:10:08,2026-05-30 17:39:04,16,3,10.0,Atenuação alta,Emenda degradada,Alta,8,3.62,3.6,Encerrado
4870,2026-05-31 01:21:20,2026-05-31 21:17:40,2026-05-31 22:17:36,186,15,12.0,Atenuação alta,Emenda degradada,Média,24,5.99,3.7,Encerrado
4871,2026-05-31 06:11:24,2026-05-31 08:12:36,2026-05-31 10:34:36,363,6,1.0,Atenuação alta,Umidade na caixa de emenda,Baixa,48,1.11,4.3,Encerrado
4872,2026-05-31 07:36:58,2026-05-31 12:31:52,2026-05-31 12:48:31,274,15,6.0,Configuração,Atualização de firmware,Média,24,,,Encerrado
4873,2026-05-31 09:22:46,2026-05-31 09:38:23,2026-05-31 13:21:41,83,5,13.0,Rompimento de fibra,Acidente de trânsito (poste),Crítica,4,1.72,37.3,Encerrado
4874,2026-05-31 09:44:58,2026-06-01 02:04:37,2026-06-01 04:12:28,233,15,12.0,Queda de energia,Disjuntor,Baixa,48,,,Encerrado
4875,2026-05-31 12:31:00,2026-05-31 19:34:16,2026-05-31 20:33:11,106,13,3.0,Configuração,Erro de configuração,Alta,8,,,Encerrado
4876,2026-05-31 13:55:28,2026-05-31 17:16:49,2026-05-31 19:38:34,200,1,7.0,Atenuação alta,Umidade na caixa de emenda,Alta,8,10.19,6.0,Encerrado
4877,2026-05-31 14:24:41,2026-05-31 15:51:06,2026-05-31 20:32:01,273,5,1.0,Rompimento de fibra,Acidente de trânsito (poste),Crítica,4,1.64,37.2,Encerrado
4878,2026-05-31 15:27:52,2026-05-31 17:11:17,2026-05-31 20:41:26,37,1,4.0,Atenuação alta,Curvatura excessiva,Crítica,4,2.29,5.4,Encerrado
4879,2026-05-31 15:41:31,2026-05-31 22:50:31,2026-06-01 06:19:19,398,8,5.0,Furto/vandalismo de cabo,,Alta,8,5.43,26.3,Encerrado
4880,2026-05-31 16:26:39,2026-05-31 16:57:15,2026-05-31 18:00:25,141,14,12.0,Rompimento de fibra,Obra de terceiros,Crítica,4,3.73,22.0,Encerrado
4881,2026-05-31 19:05:37,2026-05-31 20:05:35,2026-05-31 23:12:34,54,11,9.0,Atenuação alta,Emenda degradada,Alta,8,9.52,2.7,Encerrado
4882,2026-06-01 03:03:15,2026-06-01 03:25:18,2026-06-01 05:21:29,91,4,1.0,Falha de equipamento,Switch,Crítica,4,,,Encerrado
4883,2026-06-01 06:05:07,2026-06-01 06:56:23,2026-06-01 09:34:49,379,1,10.0,Rompimento de fibra,Obra de terceiros,Alta,8,1.77,24.3,Encerrado
4884,2026-06-01 11:26:41,2026-06-01 13:15:28,2026-06-01 13:59:25,215,10,17.0,Atenuação alta,Conector sujo,Alta,8,2.72,8.1,Encerrado
4885,2026-06-01 13:01:14,2026-06-01 13:24:04,2026-06-01 15:43:58,220,6,10.0,Rompimento de fibra,Obra de terceiros,Crítica,4,3.49,32.5,Encerrado
4886,2026-06-01 14:34:30,2026-06-01 21:27:48,2026-06-01 22:34:56,296,6,10.0,Queda de energia,Falta de energia da concessionária,Média,24,,,Encerrado
4887,2026-06-01 16:15:47,2026-06-01 16:50:04,2026-06-01 19:37:37,168,2,10.0,Falha de equipamento,Switch,Alta,8,,,Encerrado
4888,2026-06-01 19:15:36,2026-06-02 04:16:21,2026-06-02 04:55:47,262,10,14.0,Queda de energia,Bateria do nobreak,Média,24,,,Encerrado
4889,2026-06-02 03:12:28,2026-06-02 13:59:36,2026-06-02 14:29:33,173,12,12.0,Queda de energia,Bateria do nobreak,Baixa,48,,,Encerrado
4890,2026-06-02 03:47:32,2026-06-02 04:48:26,2026-06-02 09:32:14,36,7,2.0,Rompimento de fibra,Obra de terceiros,Crítica,4,6.62,24.6,Encerrado
4891,2026-06-02 06:20:43,2026-06-02 07:44:30,2026-06-02 09:51:02,384,9,8.0,Furto/vandalismo de cabo,Vandalismo,Alta,8,1.61,39.5,Encerrado
4892,2026-06-02 07:03:37,2026-06-02 08:13:18,2026-06-02 09:38:13,21,3,4.0,Atenuação alta,Umidade na caixa de emenda,Crítica,4,0.56,7.2,Encerrado
4893,2026-06-02 07:11:19,2026-06-02 19:25:19,2026-06-02 22:08:45,370,2,1.0,Atenuação alta,Curvatura excessiva,Baixa,48,3.39,4.1,Encerrado
4894,2026-06-02 14:27:28,2026-06-02 15:00:59,2026-06-02 18:17:22,253,9,2.0,Rompimento de fibra,Roedores,Crítica,4,2.1,34.2,Encerrado
4895,2026-06-02 16:18:36,2026-06-02 22:02:14,2026-06-03 06:10:32,232,10,17.0,Atenuação alta,Umidade na caixa de emenda,Média,24,7.43,4.4,Encerrado
4896,2026-06-02 18:27:30,2026-06-02 19:43:41,2026-06-02 21:10:11,3,14,15.0,Rompimento de fibra,Obra de terceiros,Crítica,4,16.36,21.5,Encerrado
4897,2026-06-02 20:06:52,2026-06-03 03:57:46,2026-06-03 04:36:47,349,15,3.0,Configuração,Erro de configuração,Média,24,,,Encerrado
4898,2026-06-02 22:35:51,2026-06-03 02:40:01,2026-06-03 07:05:33,47,9,5.0,Falha de equipamento,Módulo óptico (SFP/QSFP),Alta,8,,,Encerrado
4899,2026-06-03 05:00:25,2026-06-03 06:14:07,2026-06-03 14:00:54,370,2,7.0,Rompimento de fibra,Queda de árvore,Alta,8,2.1,19.9,Encerrado
4900,2026-06-03 09:52:23,2026-06-03 20:04:38,2026-06-03 21:01:45,154,10,14.0,Configuração,Atualização de firmware,Média,24,,,Encerrado
4901,2026-06-03 10:03:12,2026-06-03 12:55:54,2026-06-03 13:33:14,348,11,18.0,Queda de energia,Disjuntor,Alta,8,,,Encerrado
4902,2026-06-03 13:26:26,2026-06-03 18:04:27,2026-06-03 21:45:08,211,6,10.0,Atenuação alta,Emenda degradada,Baixa,48,4.35,3.9,Encerrado
4903,2026-06-03 13:26:59,2026-06-04 07:12:00,2026-06-04 08:21:44,162,1,1.0,Atenuação alta,Umidade na caixa de emenda,Baixa,48,7.31,2.9,Encerrado
4904,2026-06-03 15:21:45,2026-06-03 19:16:58,2026-06-03 22:06:53,288,10,5.0,Atenuação alta,Emenda degradada,Média,24,1.75,3.1,Encerrado
4905,2026-06-03 16:26:45,2026-06-03 17:04:26,2026-06-03 18:39:13,318,14,12.0,Rompimento de fibra,Roedores,Alta,8,2.43,39.2,Encerrado
4906,2026-06-03 19:19:04,2026-06-03 19:41:56,2026-06-04 01:35:17,8,8,5.0,Rompimento de fibra,Obra de terceiros,Crítica,4,11.66,39.5,Encerrado
4907,2026-06-03 20:32:54,2026-06-03 22:13:15,2026-06-04 00:33:38,16,3,10.0,Queda de energia,Falta de energia da concessionária,Alta,8,,,Encerrado
4908,2026-06-04 04:39:58,2026-06-04 04:52:02,2026-06-04 06:35:14,344,12,9.0,Furto/vandalismo de cabo,Furto de cabo,Crítica,4,2.44,27.0,Encerrado
4909,2026-06-04 07:21:56,2026-06-04 09:45:47,2026-06-04 12:46:13,84,12,9.0,Queda de energia,Disjuntor,Alta,8,,,Encerrado
4910,2026-06-04 12:24:53,2026-06-04 15:00:26,2026-06-04 15:56:00,154,10,17.0,Rompimento de fibra,Roedores,Alta,8,3.46,28.4,Encerrado
4911,2026-06-04 12:58:32,2026-06-04 13:40:07,2026-06-04 14:49:19,95,10,8.0,Queda de energia,Falta de energia da concessionária,Alta,8,,,Encerrado
4912,2026-06-04 14:11:59,2026-06-04 14:38:47,2026-06-04 16:00:50,63,13,6.0,Rompimento de fibra,Acidente de trânsito (poste),Crítica,4,3.79,23.3,Encerrado
4913,2026-06-04 16:07:25,2026-06-04 16:22:32,2026-06-04 20:19:18,156,5,7.0,Rompimento de fibra,Queda de árvore,Crítica,4,7.55,38.1,Encerrado
4914,2026-06-04 20:49:57,2026-06-05 05:47:40,2026-06-05 07:43:41,196,15,3.0,Falha de equipamento,Placa de interface,Média,24,,,Encerrado
4915,2026-06-04 23:30:26,2026-06-05 01:01:12,2026-06-05 05:32:09,1,4,16.0,Rompimento de fibra,Queda de árvore,Crítica,4,12.33,39.5,Encerrado
4916,2026-06-04 23:36:04,2026-06-04 23:57:23,2026-06-05 03:32:32,8,8,11.0,Falha de equipamento,Fonte de alimentação,Crítica,4,,,Encerrado
4917,2026-06-04 23:54:08,2026-06-06 01:35:07,2026-06-06 07:25:37,258,10,17.0,Atenuação alta,Emenda degradada,Baixa,48,1.04,4.0,Encerrado
4918,2026-06-05 05:13:40,2026-06-05 05:51:28,2026-06-05 08:08:35,398,7,14.0,Rompimento de fibra,Obra de terceiros,Alta,8,7.93,27.6,Encerrado
4919,2026-06-05 05:53:01,2026-06-05 06:01:07,2026-06-05 15:49:35,388,11,15.0,Rompimento de fibra,Roedores,Crítica,4,0.74,18.4,Encerrado
4920,2026-06-05 11:31:26,2026-06-06 13:27:21,2026-06-06 13:32:18,137,5,7.0,Configuração,Atualização de firmware,Baixa,48,,,Encerrado
4921,2026-06-05 14:43:57,2026-06-06 05:12:27,2026-06-06 06:44:43,253,8,11.0,Queda de energia,Falta de energia da concessionária,Média,24,,,Encerrado
4922,2026-06-05 15:07:53,2026-06-05 16:44:42,2026-06-05 19:05:44,260,14,18.0,Rompimento de fibra,Queda de árvore,Crítica,4,1.57,39.5,Encerrado
4923,2026-06-05 16:01:29,2026-06-05 16:53:32,2026-06-05 22:13:09,119,15,3.0,Falha de equipamento,Placa de interface,Alta,8,,,Encerrado
4924,2026-06-05 16:09:12,2026-06-05 16:28:31,2026-06-05 19:46:22,334,15,12.0,Atenuação alta,Curvatura excessiva,Alta,8,1.7,2.4,Encerrado
4925,2026-06-05 16:37:02,2026-06-06 03:24:39,2026-06-06 08:40:55,362,16,15.0,Atenuação alta,Conector sujo,Média,24,3.44,7.4,Encerrado
4926,2026-06-05 22:50:28,2026-06-06 16:21:36,2026-06-06 18:42:10,255,4,13.0,Falha de equipamento,Módulo óptico (SFP/QSFP),Baixa,48,,,Encerrado
4927,2026-06-05 23:25:40,2026-06-05 23:49:18,2026-06-06 00:07:00,104,4,16.0,Configuração,Atualização de firmware,Crítica,4,,,Encerrado
4928,2026-06-06 01:37:41,2026-06-06 22:07:57,2026-06-06 23:13:48,199,4,4.0,Falha de equipamento,Módulo óptico (SFP/QSFP),Baixa,48,,,Encerrado
4929,2026-06-06 01:43:08,2026-06-06 04:02:48,2026-06-06 06:32:07,57,16,18.0,Queda de energia,Falta de energia da concessionária,Alta,8,,,Encerrado
4930,2026-06-06 03:23:36,2026-06-06 05:47:44,2026-06-06 10:17:26,93,6,13.0,Rompimento de fibra,Roedores,Crítica,4,1.06,28.8,Encerrado
4931,2026-06-06 04:47:14,2026-06-06 05:39:39,2026-06-06 08:30:06,101,1,16.0,Rompimento de fibra,Acidente de trânsito (poste),Crítica,4,6.18,29.9,Encerrado
4932,2026-06-06 05:07:17,2026-06-06 15:31:15,2026-06-06 17:00:44,273,5,7.0,Queda de energia,Falta de energia da concessionária,Média,24,,,Encerrado
4933,2026-06-06 05:08:31,2026-06-06 05:17:42,2026-06-06 06:39:02,47,7,14.0,Queda de energia,Falta de energia da concessionária,Crítica,4,,,Encerrado
4934,2026-06-06 09:41:43,2026-06-06 20:01:56,2026-06-06 21:16:04,369,3,7.0,Queda de energia,Disjuntor,Média,24,,,Encerrado
4935,2026-06-06 11:51:04,2026-06-07 11:52:52,2026-06-07 12:18:17,278,15,9.0,Queda de energia,Falta de energia da concessionária,Baixa,48,,,Encerrado
4936,2026-06-06 14:14:49,2026-06-06 15:53:32,2026-06-06 22:11:55,149,7,2.0,Atenuação alta,Umidade na caixa de emenda,Alta,8,6.14,5.3,Encerrado
4937,2026-06-06 14:56:56,2026-06-06 15:37:31,2026-06-07 03:02:25,266,8,11.0,Rompimento de fibra,Roedores,Alta,8,3.64,26.9,Encerrado
4938,2026-06-06 15:33:32,2026-06-06 15:58:55,2026-06-07 02:36:17,87,16,15.0,Rompimento de fibra,Acidente de trânsito (poste),Crítica,4,0.65,28.5,Encerrado
4939,2026-06-06 15:43:19,2026-06-07 17:42:54,2026-06-07 18:23:55,157,11,6.0,Queda de energia,Disjuntor,Baixa,48,,,Encerrado
4940,2026-06-06 16:44:57,2026-06-06 19:58:38,2026-06-07 01:29:09,160,1,1.0,Furto/vandalismo de cabo,Vandalismo,Alta,8,12.8,34.9,Encerrado
4941,2026-06-06 18:26:59,2026-06-06 19:17:55,2026-06-06 23:19:24,199,4,1.0,Furto/vandalismo de cabo,Furto de cabo,Crítica,4,2.76,36.0,Encerrado
4942,2026-06-06 21:24:20,2026-06-06 21:51:21,2026-06-07 00:04:06,118,3,10.0,Furto/vandalismo de cabo,Furto de cabo,Crítica,4,3.56,39.7,Encerrado
4943,2026-06-07 01:46:45,2026-06-07 04:36:43,2026-06-07 08:10:47,42,6,4.0,Atenuação alta,Conector sujo,Alta,8,2.61,5.8,Encerrado
4944,2026-06-07 06:08:54,2026-06-07 07:17:47,2026-06-07 10:24:26,160,2,10.0,Rompimento de fibra,Obra de terceiros,Alta,8,1.23,37.8,Encerrado
4945,2026-06-07 06:36:04,2026-06-07 06:50:06,2026-06-07 07:31:52,39,14,3.0,Rompimento de fibra,Roedores,Crítica,4,6.11,27.7,Encerrado
4946,2026-06-07 07:18:28,2026-06-07 08:06:33,2026-06-07 11:41:11,48,6,7.0,Falha de equipamento,Switch,Crítica,4,,,Encerrado
4947,2026-06-07 10:36:43,2026-06-07 11:42:19,2026-06-07 14:40:04,23,12,6.0,Falha de equipamento,Módulo óptico (SFP/QSFP),Crítica,4,,,Encerrado
4948,2026-06-07 11:17:50,2026-06-07 11:53:09,2026-06-07 16:59:41,68,10,11.0,Rompimento de fibra,Obra de terceiros,Crítica,4,1.09,23.3,Encerrado
4949,2026-06-07 15:06:31,2026-06-08 00:49:40,2026-06-08 01:42:25,322,12,15.0,Queda de energia,Falta de energia da concessionária,Média,24,,,Encerrado
4950,2026-06-07 16:13:12,2026-06-08 00:31:43,2026-06-08 03:28:01,266,8,11.0,Falha de equipamento,Switch,Média,24,,,Encerrado
4951,2026-06-07 16:22:39,2026-06-07 19:43:44,2026-06-07 19:55:08,102,16,3.0,Queda de energia,Disjuntor,Média,24,,,Encerrado
4952,2026-06-07 16:24:42,2026-06-10 10:17:52,2026-06-10 10:54:32,173,12,6.0,Queda de energia,Disjuntor,Baixa,48,,,Encerrado
4953,2026-06-07 17:26:08,2026-06-07 21:34:32,2026-06-08 03:43:54,255,4,10.0,Rompimento de fibra,Queda de árvore,Alta,8,4.83,26.4,Encerrado
4954,2026-06-07 18:45:48,2026-06-08 06:45:57,2026-06-08 07:39:11,253,9,11.0,Falha de equipamento,Módulo óptico (SFP/QSFP),Baixa,48,,,Encerrado
4955,2026-06-07 18:53:25,2026-06-07 20:32:42,2026-06-07 21:18:29,25,8,5.0,Atenuação alta,Curvatura excessiva,Crítica,4,4.94,2.7,Encerrado
4956,2026-06-07 18:55:36,2026-06-07 19:34:42,2026-06-07 23:26:40,30,13,18.0,ROMPIMENTO DE FIBRA,Roedores,Crítica,4,1.44,20.4,Encerrado
4957,2026-06-07 23:16:38,2026-06-08 12:53:40,2026-06-08 14:03:45,132,4,7.0,Falha de equipamento,Switch,Média,24,,,Encerrado
4958,2026-06-08 01:13:15,2026-06-08 05:49:56,2026-06-08 07:01:30,84,11,18.0,Rompimento de fibra,Roedores,Crítica,4,6.52,35.1,Encerrado
4959,2026-06-08 06:20:15,2026-06-08 07:38:44,2026-06-08 07:56:28,116,11,15.0,Queda de energia,Disjuntor,Alta,8,,,Encerrado
4960,2026-06-08 06:51:32,2026-06-08 08:57:09,2026-06-08 12:53:31,246,10,14.0,Rompimento de fibra,Queda de árvore,Alta,8,2.15,32.6,Encerrado
4961,2026-06-08 14:51:05,2026-06-08 16:54:31,2026-06-08 22:23:40,375,1,16.0,Rompimento de fibra,Acidente de trânsito (poste),Alta,8,4.7,22.0,Encerrado
4962,2026-06-08 15:08:48,2026-06-08 15:22:30,2026-06-08 22:35:35,393,13,3.0,Furto/vandalismo de cabo,Furto de cabo,Crítica,4,1.58,38.5,Encerrado
4963,2026-06-08 15:21:35,2026-06-08 16:57:23,2026-06-08 18:29:45,1,3,7.0,Falha de equipamento,Módulo óptico (SFP/QSFP),Alta,8,,,Encerrado
4964,2026-06-09 02:33:24,2026-06-09 09:22:53,2026-06-09 10:43:09,369,3,1.0,Falha de equipamento,Placa de interface,Média,24,,,Encerrado
4965,2026-06-09 04:20:01,2026-06-09 04:56:42,2026-06-09 11:29:09,365,2,1.0,Rompimento de fibra,Obra de terceiros,Alta,8,1.32,37.7,Encerrado
4966,2026-06-09 14:08:15,2026-06-09 15:01:11,2026-06-09 16:12:57,72,9,17.0,Atenuação alta,Curvatura excessiva,Alta,8,12.13,3.3,Encerrado
4967,2026-06-09 14:17:29,2026-06-09 14:35:06,2026-06-09 20:02:05,381,7,5.0,Rompimento de fibra,Roedores,Crítica,4,1.3,39.3,Encerrado
4968,2026-06-09 15:38:43,2026-06-09 21:12:57,2026-06-10 03:55:36,244,12,3.0,Falha de equipamento,Módulo óptico (SFP/QSFP),Baixa,48,,,Encerrado
4969,2026-06-09 15:48:50,2026-06-09 16:18:13,2026-06-09 18:19:37,354,9,5.0,Rompimento de fibra,Obra de terceiros,Alta,8,0.74,31.7,Encerrado
4970,2026-06-09 17:11:39,2026-06-09 18:38:05,2026-06-09 21:09:17,381,8,8.0,Rompimento de fibra,Roedores,Crítica,4,8.68,29.9,Encerrado
4971,2026-06-10 01:13:29,2026-06-10 02:39:24,2026-06-10 04:40:05,55,8,17.0,Furto/vandalismo de cabo,Vandalismo,Crítica,4,7.64,24.4,Encerrado
4972,2026-06-10 03:17:49,2026-06-10 10:55:59,2026-06-10 14:10:27,325,4,16.0,Falha de equipamento,Placa de interface,Baixa,48,,,Encerrado
4973,2026-06-10 07:46:42,2026-06-10 07:58:17,2026-06-10 11:34:52,226,10,8.0,Rompimento de fibra,Roedores,Alta,8,3.29,34.5,Encerrado
4974,2026-06-10 07:49:01,,,286,16,,Falha de equipamento,,Baixa,48,,,Cancelado
4975,2026-06-10 08:19:55,2026-06-10 08:55:55,2026-06-10 12:43:34,328,15,18.0,Furto/vandalismo de cabo,Furto de cabo,Alta,8,7.21,39.9,Encerrado
4976,2026-06-10 10:44:56,2026-06-10 14:34:02,2026-06-10 18:03:23,299,13,15.0,Atenuação alta,Conector sujo,Média,24,3.55,2.2,Encerrado
4977,2026-06-10 11:41:09,2026-06-10 19:33:17,2026-06-10 21:19:06,388,11,12.0,Queda de energia,Bateria do nobreak,Média,24,,,Encerrado
4978,2026-06-10 13:40:57,2026-06-10 17:26:28,2026-06-10 22:04:22,129,3,1.0,Rompimento de fibra,Roedores,Alta,8,11.82,32.9,Encerrado
4979,2026-06-10 14:31:50,2026-06-12 01:04:42,2026-06-12 01:23:31,149,7,2.0,Configuração,Erro de configuração,Baixa,48,,,Encerrado
4980,2026-06-10 15:08:35,2026-06-10 18:24:52,2026-06-10 23:32:49,208,15,9.0,Falha de equipamento,Fonte de alimentação,Média,24,,,Encerrado
4981,2026-06-10 15:47:09,2026-06-12 02:02:42,2026-06-12 03:02:12,192,2,1.0,Queda de energia,Falta de energia da concessionária,Baixa,48,,,Encerrado
4982,2026-06-10 17:41:18,2026-06-10 18:02:33,2026-06-10 21:04:27,19,9,2.0,Rompimento de fibra,Queda de árvore,Crítica,4,0.91,32.8,Encerrado
4983,2026-06-10 19:10:27,2026-06-10 20:40:04,2026-06-10 23:48:44,376,15,6.0,Falha de equipamento,Switch,Média,24,,,Encerrado
4984,2026-06-10 19:57:03,2026-06-10 21:05:17,2026-06-10 23:57:40,274,15,18.0,Rompimento de fibra,Roedores,Alta,8,1.93,37.6,Encerrado
4985,2026-06-10 20:31:17,2026-06-10 22:08:11,2026-06-11 01:28:59,296,6,4.0,Rompimento de fibra,Queda de árvore,Alta,8,2.44,25.9,Encerrado
4986,2026-06-10 21:51:10,2026-06-10 22:16:55,2026-06-11 04:16:38,228,10,8.0,Atenuação alta,Umidade na caixa de emenda,Alta,8,0.64,5.0,Encerrado
4987,2026-06-10 22:12:47,2026-06-10 22:35:17,2026-06-11 00:26:15,94,8,11.0,Atenuação alta,Conector sujo,Crítica,4,6.02,6.9,Encerrado
4988,2026-06-10 23:20:22,2026-06-11 05:06:38,2026-06-11 05:54:29,384,8,8.0,Queda de energia,Bateria do nobreak,Média,24,,,Encerrado
4989,2026-06-11 03:49:22,2026-06-11 06:21:23,2026-06-11 07:21:56,39,15,12.0,Queda de energia,Falta de energia da concessionária,Crítica,4,,,Encerrado
4990,2026-06-11 06:02:27,2026-06-11 15:55:03,2026-06-12 01:29:42,193,8,17.0,Falha de equipamento,Switch,Baixa,48,,,Encerrado
4991,2026-06-11 06:19:47,2026-06-11 10:12:41,2026-06-11 12:06:05,48,6,13.0,Atenuação alta,Umidade na caixa de emenda,Alta,8,2.66,2.2,Encerrado
4992,2026-06-11 07:42:39,2026-06-11 12:19:00,2026-06-11 15:09:58,179,14,9.0,Queda de energia,Bateria do nobreak,Baixa,48,,,Encerrado
4993,2026-06-11 09:16:52,2026-06-11 20:33:41,2026-06-11 22:23:10,157,12,9.0,Queda de energia,Falta de energia da concessionária,Média,24,,,Encerrado
4994,2026-06-11 14:56:33,2026-06-11 15:40:16,2026-06-11 16:23:25,213,9,8.0,Rompimento de fibra,Acidente de trânsito (poste),Crítica,4,4.27,32.9,Encerrado
4995,2026-06-11 16:57:46,2026-06-12 07:40:21,2026-06-12 09:27:59,386,15,9.0,Falha de equipamento,Switch,Média,24,,,Encerrado
4996,2026-06-11 22:54:43,2026-06-12 01:14:25,2026-06-12 02:25:41,254,16,12.0,Falha de equipamento,Módulo óptico (SFP/QSFP),Alta,8,,,Encerrado
4997,2026-06-12 00:51:16,2026-06-12 07:16:13,2026-06-12 10:13:17,133,4,4.0,Atenuação alta,Curvatura excessiva,Baixa,48,2.97,5.1,Encerrado
4998,2026-06-12 03:12:52,2026-06-12 05:13:05,2026-06-12 10:49:01,40,14,3.0,Rompimento de fibra,Roedores,Crítica,4,1.57,35.3,Encerrado
4999,2026-06-12 16:29:01,2026-06-12 18:52:21,2026-06-13 08:48:05,210,1,1.0,Rompimento de fibra,Roedores,Alta,8,7.49,19.6,Encerrado
5000,2026-06-12 17:20:09,2026-06-12 17:52:25,2026-06-12 23:41:23,400,5,7.0,Furto/vandalismo de cabo,Furto de cabo,Crítica,4,5.11,35.6,Encerrado
5001,2026-06-12 17:34:21,2026-06-12 18:37:20,2026-06-13 07:15:09,303,2,7.0,Rompimento de fibra,Queda de árvore,Crítica,4,1.04,20.3,Encerrado
5002,2026-06-12 18:40:11,2026-06-12 20:05:55,2026-06-12 21:05:56,103,4,1.0,Queda de energia,Disjuntor,Crítica,4,,,Encerrado
5003,2026-06-12 19:37:52,2026-06-13 01:52:21,2026-06-13 03:12:56,49,4,4.0,Queda de energia,Disjuntor,Média,24,,,Encerrado
5004,2026-06-12 21:16:13,2026-06-12 21:42:36,2026-06-12 22:31:52,347,13,3.0,Queda de energia,Disjuntor,Alta,8,,,Encerrado
5005,2026-06-12 22:18:08,2026-06-12 23:45:34,2026-06-13 12:55:51,49,3,7.0,Rompimento de fibra,Queda de árvore,Crítica,4,2.15,31.4,Encerrado
5006,2026-06-12 22:21:02,2026-06-13 16:10:24,2026-06-13 20:12:38,348,12,3.0,Falha de equipamento,Switch,Baixa,48,,,Encerrado
5007,2026-06-12 22:42:32,2026-06-13 00:00:51,2026-06-13 00:28:29,191,7,2.0,Furto/vandalismo de cabo,Vandalismo,Alta,8,9.62,32.9,Encerrado
5008,2026-06-12 23:43:29,2026-06-14 20:25:07,2026-06-15 08:28:40,344,11,18.0,Atenuação alta,Curvatura excessiva,Baixa,48,1.94,5.1,Encerrado
5009,2026-06-13 00:46:45,2026-06-13 08:37:59,2026-06-13 10:03:24,37,2,4.0,Queda de energia,Disjuntor,Média,24,,,Encerrado
5010,2026-06-13 02:34:11,2026-06-13 03:40:13,2026-06-13 09:34:04,112,8,14.0,Atenuação alta,Curvatura excessiva,Crítica,4,7.59,8.6,Encerrado
5011,2026-06-13 03:56:35,2026-06-14 07:18:26,2026-06-14 08:35:00,269,15,15.0,Queda de energia,Bateria do nobreak,Baixa,48,,,Encerrado
5012,2026-06-13 09:42:56,2026-06-13 21:43:11,2026-06-14 00:25:43,14,2,10.0,Atenuação alta,Umidade na caixa de emenda,Média,24,2.63,2.1,Encerrado
5013,2026-06-13 12:22:40,2026-06-13 12:32:21,2026-06-13 15:56:35,16,4,4.0,Furto/vandalismo de cabo,Vandalismo,Crítica,4,5.08,18.7,Encerrado
5014,2026-06-13 13:22:35,2026-06-15 00:25:21,2026-06-15 02:33:24,301,14,6.0,Queda de energia,Falta de energia da concessionária,Média,24,,,Encerrado
5015,2026-06-13 15:27:13,2026-06-14 01:46:48,2026-06-14 10:25:54,399,14,6.0,Atenuação alta,Emenda degradada,Baixa,48,3.41,6.3,Encerrado
5016,2026-06-13 15:35:52,2026-06-14 00:27:18,2026-06-14 01:08:06,256,13,18.0,Queda de energia,Disjuntor,Média,24,,,Encerrado
5017,2026-06-13 21:01:32,2026-06-13 21:25:21,2026-06-14 02:12:37,13,10,5.0,Rompimento de fibra,Queda de árvore,Crítica,4,8.27,22.9,Encerrado
5018,2026-06-13 22:35:25,2026-06-14 19:31:03,2026-06-14 23:03:35,333,11,6.0,Atenuação alta,Umidade na caixa de emenda,Média,24,1.37,6.0,Encerrado
5019,2026-06-13 22:37:06,2026-06-14 01:15:51,2026-06-14 03:54:43,355,16,15.0,Furto/vandalismo de cabo,Furto de cabo,Alta,8,7.27,32.6,Encerrado
5020,2026-06-14 00:09:22,2026-06-14 03:14:19,2026-06-14 08:38:17,312,10,8.0,Atenuação alta,Curvatura excessiva,Alta,8,7.0,6.5,Encerrado
5021,2026-06-14 01:26:22,2026-06-14 03:19:06,2026-06-14 08:33:43,357,5,16.0,Rompimento de fibra,Obra de terceiros,Crítica,4,0.06,27.5,Encerrado
5022,2026-06-14 03:40:30,2026-06-14 21:55:51,2026-06-14 23:55:19,238,15,9.0,Falha de equipamento,Módulo óptico (SFP/QSFP),Baixa,48,,,Encerrado
5023,2026-06-14 08:02:40,2026-06-14 21:44:46,2026-06-15 06:50:01,191,9,14.0,Atenuação alta,Emenda degradada,Baixa,48,1.46,4.8,Encerrado
5024,2026-06-14 10:55:25,2026-06-14 14:16:58,2026-06-14 15:33:31,114,2,7.0,Queda de energia,Bateria do nobreak,Alta,8,,,Encerrado
5025,2026-06-14 17:16:04,2026-06-14 20:00:07,2026-06-14 21:51:56,381,7,5.0,Falha de equipamento,Fonte de alimentação,Alta,8,,,Encerrado
5026,2026-06-14 17:47:59,2026-06-14 18:13:19,2026-06-15 04:17:45,212,9,2.0,Rompimento de fibra,Roedores,Crítica,4,6.12,21.2,Encerrado
5027,2026-06-14 19:39:15,2026-06-14 23:59:41,2026-06-15 00:53:05,54,12,12.0,Falha de equipamento,Placa de interface,Crítica,4,,,Encerrado
5028,2026-06-14 23:28:55,2026-06-16 02:08:50,2026-06-16 03:16:51,162,1,4.0,Queda de energia,Bateria do nobreak,Média,24,,,Encerrado
5029,2026-06-15 00:13:14,2026-06-16 13:08:34,2026-06-16 16:11:29,400,5,4.0,Queda de energia,Falta de energia da concessionária,Baixa,48,,,Encerrado
5030,2026-06-15 02:27:49,2026-06-15 02:57:19,2026-06-15 06:22:27,397,5,10.0,Queda de energia,Bateria do nobreak,Alta,8,,,Encerrado
5031,2026-06-15 03:59:55,2026-06-15 05:35:03,2026-06-15 10:08:51,383,10,11.0,Furto/vandalismo de cabo,Vandalismo,Crítica,4,2.92,36.5,Encerrado
5032,2026-06-15 04:56:16,2026-06-15 07:06:44,2026-06-15 10:03:49,331,15,15.0,Falha de equipamento,Módulo óptico (SFP/QSFP),Média,24,,,Encerrado
5033,2026-06-15 05:48:49,2026-06-15 07:13:43,2026-06-15 09:37:36,94,9,14.0,Falha de equipamento,Fonte de alimentação,Alta,8,,,Encerrado
5034,2026-06-15 06:59:15,2026-06-15 07:51:46,2026-06-15 10:55:05,47,9,17.0,Rompimento de fibra,Obra de terceiros,Crítica,4,7.79,39.6,Encerrado
5035,2026-06-15 11:34:52,2026-06-15 16:03:34,2026-06-15 17:09:42,125,13,9.0,Queda de energia,Disjuntor,Média,24,,,Encerrado
5036,2026-06-15 12:37:13,2026-06-15 13:52:24,2026-06-15 15:03:58,101,2,13.0,Queda de energia,Disjuntor,Alta,8,,,Encerrado
5037,2026-06-15 14:11:59,2026-06-15 22:43:38,2026-06-15 23:19:24,181,13,12.0,Configuração,Erro de configuração,Baixa,48,,,Encerrado
5038,2026-06-15 14:51:13,2026-06-15 15:23:12,2026-06-15 20:43:08,181,13,12.0,Rompimento de fibra,Roedores,Alta,8,8.31,23.9,Encerrado
5039,2026-06-15 15:24:10,2026-06-15 19:31:30,2026-06-15 21:37:12,160,2,4.0,Queda de energia,Bateria do nobreak,Média,24,,,Encerrado
5040,2026-06-15 16:16:25,2026-06-16 00:45:54,2026-06-16 02:01:59,301,15,15.0,Queda de energia,Bateria do nobreak,Média,24,,,Encerrado
5041,2026-06-15 17:26:01,2026-06-15 18:10:58,2026-06-15 20:27:44,75,10,11.0,Configuração,Erro de configuração,Alta,8,,,Encerrado
5042,2026-06-15 17:38:10,2026-06-16 10:14:31,2026-06-16 12:24:40,199,4,13.0,Atenuação alta,Umidade na caixa de emenda,Média,24,3.29,5.8,Encerrado
5043,2026-06-15 17:48:27,2026-06-15 18:12:05,2026-06-15 20:39:29,124,6,4.0,Rompimento de fibra,Acidente de trânsito (poste),Crítica,4,9.21,18.4,Encerrado
5044,2026-06-15 19:44:21,2026-06-15 21:49:13,2026-06-15 23:22:53,254,16,6.0,Rompimento de fibra,Queda de árvore,Alta,8,4.46,40.0,Encerrado
5045,2026-06-15 21:02:12,2026-06-15 22:01:37,2026-06-16 03:17:19,208,15,18.0,Rompimento de fibra,Roedores,Alta,8,2.3,29.4,Encerrado
5046,2026-06-16 01:43:03,2026-06-16 03:40:10,2026-06-16 04:26:05,133,3,1.0,Furto/vandalismo de cabo,Vandalismo,Crítica,4,6.3,26.1,Encerrado
5047,2026-06-16 02:14:05,2026-06-16 05:42:31,2026-06-16 08:57:38,363,6,7.0,Rompimento de fibra,Roedores,Alta,8,4.92,30.0,Encerrado
5048,2026-06-16 04:49:34,2026-06-16 06:31:04,2026-06-16 08:32:41,47,8,8.0,Furto/vandalismo de cabo,Vandalismo,Crítica,4,2.65,36.9,Encerrado
5049,2026-06-16 07:22:35,2026-06-16 10:48:55,2026-06-16 12:41:22,229,13,15.0,Falha de equipamento,Módulo óptico (SFP/QSFP),Média,24,,,Encerrado
5050,2026-06-16 09:16:56,,,216,7,,Rompimento de fibra,,Crítica,4,16.56,30.9,Cancelado
5051,2026-06-16 11:00:32,2026-06-16 17:07:24,2026-06-16 22:45:35,235,12,6.0,Rompimento de fibra,Obra de terceiros,Alta,8,3.09,29.4,Encerrado
5052,2026-06-16 18:38:58,2026-06-16 19:51:43,2026-06-16 23:30:06,80,15,3.0,Rompimento de fibra,Acidente de trânsito (poste),Crítica,4,6.83,39.3,Encerrado
5053,2026-06-16 20:38:27,2026-06-17 02:57:33,2026-06-17 04:11:43,216,7,17.0,Queda de energia,Bateria do nobreak,Média,24,,,Encerrado
5054,2026-06-16 22:13:37,2026-06-17 15:21:52,2026-06-17 16:52:06,243,13,6.0,Falha de equipamento,Módulo óptico (SFP/QSFP),Baixa,48,,,Encerrado
5055,2026-06-17 06:48:41,2026-06-17 07:48:07,2026-06-17 10:02:27,339,10,8.0,Furto/vandalismo de cabo,Furto de cabo,Alta,8,2.41,33.2,Encerrado
5056,2026-06-17 08:30:31,2026-06-17 08:56:40,2026-06-17 10:46:24,248,12,3.0,Rompimento de fibra,Roedores,Crítica,4,8.17,23.9,Encerrado
5057,2026-06-17 10:28:10,2026-06-17 10:52:08,2026-06-17 12:11:22,112,7,5.0,Queda de energia,Bateria do nobreak,Crítica,4,,,Encerrado
5058,2026-06-17 10:43:15,2026-06-17 19:57:25,2026-06-17 23:43:58,137,5,7.0,Falha de equipamento,Placa de interface,Média,24,,,Encerrado
5059,2026-06-17 20:03:54,2026-06-17 21:12:49,2026-06-17 23:17:07,12,14,15.0,Queda de energia,Disjuntor,Crítica,4,,,Encerrado
5060,2026-06-17 23:11:03,2026-06-17 23:31:53,2026-06-18 01:06:30,89,8,8.0,Furto/vandalismo de cabo,Furto de cabo,Crítica,4,3.54,33.4,Encerrado
5061,2026-06-18 02:31:34,2026-06-18 13:14:39,2026-06-18 13:36:35,250,7,2.0,Configuração,Atualização de firmware,Média,24,,,Encerrado
5062,2026-06-18 02:36:50,2026-06-18 11:52:45,2026-06-18 15:52:19,294,13,12.0,Rompimento de fibra,Queda de árvore,Alta,8,8.27,22.4,Encerrado
5063,2026-06-18 02:59:39,2026-06-18 10:05:56,2026-06-18 11:43:44,238,14,6.0,Falha de equipamento,Switch,Média,24,,,Encerrado
5064,2026-06-18 03:22:43,2026-06-18 08:34:35,2026-06-18 10:08:04,285,16,15.0,Queda de energia,Disjuntor,Baixa,48,,,Encerrado
5065,2026-06-18 06:41:13,2026-06-18 14:16:56,2026-06-18 14:46:34,278,15,3.0,Atenuação alta,Curvatura excessiva,Média,24,0.89,8.2,Encerrado
5066,2026-06-18 10:50:43,2026-06-18 22:05:41,2026-06-19 04:58:52,266,7,8.0,Atenuação alta,Conector sujo,Média,24,4.64,4.0,Encerrado
5067,2026-06-18 13:14:38,2026-06-18 20:42:11,2026-06-19 00:00:20,295,6,1.0,Falha de equipamento,Fonte de alimentação,Média,24,,,Encerrado
5068,2026-06-18 14:11:27,2026-06-18 14:40:10,2026-06-18 18:00:20,240,9,5.0,Rompimento de fibra,Queda de árvore,Alta,8,1.74,30.1,Encerrado
5069,2026-06-18 18:54:10,2026-06-18 19:35:51,2026-06-19 02:26:41,324,12,9.0,Furto/vandalismo de cabo,Furto de cabo,Alta,8,11.09,36.1,Encerrado
5070,2026-06-18 21:37:13,2026-06-19 07:43:16,2026-06-19 07:57:59,240,9,5.0,Queda de energia,Bateria do nobreak,Média,24,,,Encerrado
5071,2026-06-19 02:14:09,2026-06-19 03:46:29,2026-06-19 15:23:17,94,7,2.0,Atenuação alta,Conector sujo,Alta,8,4.24,2.0,Encerrado
5072,2026-06-19 06:03:50,2026-06-19 09:25:58,2026-06-19 10:23:03,348,11,6.0,Falha de equipamento,Fonte de alimentação,Média,24,,,Encerrado
5073,2026-06-19 12:16:07,2026-06-19 14:24:21,2026-06-19 17:55:06,9,10,17.0,Atenuação alta,Curvatura excessiva,Média,24,4.45,2.9,Encerrado
5074,2026-06-19 13:45:54,2026-06-19 14:16:12,2026-06-19 23:46:23,103,4,7.0,Atenuação alta,Curvatura excessiva,Crítica,4,5.23,3.9,Encerrado
5075,2026-06-19 18:43:00,2026-06-19 20:08:51,2026-06-19 23:39:08,224,4,10.0,Rompimento de fibra,Acidente de trânsito (poste),Alta,8,5.86,22.6,Encerrado
5076,2026-06-19 20:21:35,2026-06-19 21:21:32,2026-06-20 03:18:13,255,4,10.0,Rompimento de fibra,Obra de terceiros,Alta,8,2.49,32.9,Encerrado
5077,2026-06-20 02:20:56,2026-06-20 05:24:29,2026-06-20 09:32:39,11,6,13.0,Falha de equipamento,Fonte de alimentação,Alta,8,,,Encerrado
5078,2026-06-20 02:42:13,2026-06-20 20:45:16,2026-06-21 00:37:20,152,10,17.0,Falha de equipamento,Switch,Média,24,,,Encerrado
5079,2026-06-20 05:58:01,2026-06-21 00:54:43,2026-06-21 04:35:04,209,14,12.0,Falha de equipamento,Módulo óptico (SFP/QSFP),Média,24,,,Encerrado
5080,2026-06-20 07:28:43,2026-06-20 10:14:06,2026-06-20 11:14:21,43,12,6.0,Queda de energia,Falta de energia da concessionária,Média,24,,,Encerrado
5081,2026-06-20 10:19:17,2026-06-20 10:46:42,2026-06-20 14:14:23,202,14,18.0,Furto/vandalismo de cabo,Vandalismo,Crítica,4,9.06,23.3,Encerrado
5082,2026-06-20 10:27:47,2026-06-20 15:02:13,2026-06-20 17:10:20,240,8,5.0,Falha de equipamento,Switch,Média,24,,,Encerrado
5083,2026-06-20 15:25:45,2026-06-21 23:54:37,2026-06-22 01:00:43,160,2,7.0,Configuração,Atualização de firmware,Baixa,48,,,Encerrado
5084,2026-06-20 17:25:55,2026-06-20 22:02:15,2026-06-21 00:51:05,248,12,18.0,Rompimento de fibra,Queda de árvore,Alta,8,2.2,39.8,Encerrado
5085,2026-06-20 18:20:53,2026-06-20 19:27:20,2026-06-20 22:05:30,322,12,3.0,Rompimento de fibra,Queda de árvore,Alta,8,12.77,22.8,Encerrado
5086,2026-06-20 19:39:42,2026-06-20 21:10:48,2026-06-20 23:27:35,17,2,16.0,Furto/vandalismo de cabo,Furto de cabo,Crítica,4,2.1,20.7,Encerrado
5087,2026-06-20 19:48:44,2026-06-20 22:01:39,2026-06-21 05:38:45,72,8,8.0,Falha de equipamento,Módulo óptico (SFP/QSFP),Alta,8,,,Encerrado
5088,2026-06-20 21:32:28,2026-06-20 23:46:06,2026-06-21 08:22:50,89,9,17.0,Rompimento de fibra,Queda de árvore,Crítica,4,9.41,26.8,Encerrado
5089,2026-06-20 21:53:50,2026-06-20 22:19:17,2026-06-21 02:45:18,68,10,14.0,Queda de energia,Disjuntor,Alta,8,,,Encerrado
5090,2026-06-20 23:16:48,2026-06-20 23:56:46,2026-06-21 00:18:09,23,12,18.0,Rompimento de fibra,Acidente de trânsito (poste),Crítica,4,2.3,37.7,Encerrado
5091,2026-06-21 01:45:50,2026-06-22 04:08:26,2026-06-22 04:56:55,375,2,10.0,Queda de energia,Bateria do nobreak,Baixa,48,,,Encerrado
5092,2026-06-21 09:19:10,2026-06-21 10:44:51,2026-06-21 13:05:31,285,16,9.0,Furto/vandalismo de cabo,Furto de cabo,Crítica,4,1.76,26.8,Encerrado
5093,2026-06-21 09:30:48,2026-06-21 12:02:22,2026-06-21 15:13:41,84,12,3.0,Atenuação alta,Umidade na caixa de emenda,Alta,8,4.22,5.6,Encerrado
5094,2026-06-21 14:41:06,2026-06-21 20:02:50,2026-06-21 23:06:34,360,4,16.0,Falha de equipamento,Placa de interface,Média,24,,,Encerrado
5095,2026-06-21 15:07:28,2026-06-21 16:49:48,2026-06-21 17:56:50,388,12,18.0,Falha de equipamento,Switch,Média,24,,,Encerrado
5096,2026-06-21 16:34:34,2026-06-22 00:56:05,2026-06-22 05:46:09,189,16,15.0,Atenuação alta,Curvatura excessiva,Média,24,1.22,7.4,Encerrado
5097,2026-06-21 19:45:21,2026-06-21 21:59:38,2026-06-21 22:44:46,354,8,17.0,Falha de equipamento,Módulo óptico (SFP/QSFP),Alta,8,,,Encerrado
5098,2026-06-22 01:26:35,2026-06-22 02:43:24,2026-06-22 06:30:15,377,11,18.0,Rompimento de fibra,Obra de terceiros,Alta,8,2.52,23.2,Encerrado
5099,2026-06-22 04:16:57,2026-06-22 14:27:57,2026-06-22 15:46:56,184,5,13.0,Queda de energia,Disjuntor,Baixa,48,,,Encerrado
5100,2026-06-22 06:28:30,2026-06-22 07:55:46,2026-06-22 11:01:29,243,13,3.0,Furto/vandalismo de cabo,Furto de cabo,Crítica,4,7.08,24.0,Encerrado
5101,2026-06-22 09:03:04,2026-06-22 10:49:16,2026-06-22 15:18:58,44,1,16.0,Atenuação alta,Conector sujo,Alta,8,2.83,6.3,Encerrado
5102,2026-06-22 11:04:21,2026-06-22 12:20:01,2026-06-22 19:37:00,114,1,7.0,Atenuação alta,Emenda degradada,Alta,8,5.77,2.3,Encerrado
5103,2026-06-22 13:08:33,2026-06-22 19:40:56,2026-06-22 22:58:35,379,2,1.0,Falha de equipamento,Fonte de alimentação,Média,24,,,Encerrado
5104,2026-06-22 15:29:39,2026-06-23 03:34:20,2026-06-23 04:35:57,149,9,14.0,Queda de energia,Bateria do nobreak,Baixa,48,,,Encerrado
5105,2026-06-22 16:58:20,2026-06-23 06:47:54,2026-06-23 11:37:22,231,3,13.0,Atenuação alta,Curvatura excessiva,Média,24,12.84,7.5,Encerrado
5106,2026-06-22 19:56:15,2026-06-23 03:55:02,2026-06-23 04:45:43,54,11,6.0,Queda de energia,Disjuntor,Média,24,,,Encerrado
5107,2026-06-23 05:17:06,2026-06-23 06:19:52,2026-06-23 09:55:52,193,9,5.0,Rompimento de fibra,Queda de árvore,Crítica,4,3.25,31.6,Encerrado
5108,2026-06-23 07:09:15,2026-06-23 21:06:08,2026-06-24 02:54:21,200,2,10.0,Atenuação alta,Conector sujo,Média,24,3.97,3.3,Encerrado
5109,2026-06-23 11:05:05,2026-06-23 14:21:23,2026-06-23 15:21:18,242,11,3.0,Configuração,Erro de configuração,Média,24,,,Encerrado
5110,2026-06-23 11:49:52,2026-06-23 11:58:43,2026-06-23 18:32:12,280,5,1.0,Furto/vandalismo de cabo,Vandalismo,Alta,8,2.78,35.3,Encerrado
5111,2026-06-23 13:56:48,2026-06-23 15:58:16,2026-06-23 19:03:00,41,11,9.0,Rompimento de fibra,Queda de árvore,Crítica,4,2.09,21.4,Encerrado
5112,2026-06-23 15:00:37,2026-06-23 17:21:48,2026-06-23 18:07:31,78,13,6.0,Configuração,Atualização de firmware,Alta,8,,,Encerrado
5113,2026-06-23 15:35:01,2026-06-23 16:47:05,2026-06-23 18:03:35,365,1,1.0,Queda de energia,Disjuntor,Alta,8,,,Encerrado
5114,2026-06-23 17:59:32,2026-06-23 19:15:15,2026-06-24 01:04:10,28,10,5.0,Falha de equipamento,Placa de interface,Alta,8,,,Encerrado
5115,2026-06-23 18:32:54,2026-06-23 20:06:42,2026-06-24 02:10:41,330,12,3.0,Rompimento de fibra,Obra de terceiros,Alta,8,4.11,26.5,Encerrado
5116,2026-06-23 21:59:44,2026-06-23 22:39:39,2026-06-24 02:13:28,84,11,12.0,Rompimento de fibra,Obra de terceiros,Crítica,4,2.39,30.1,Encerrado
5117,2026-06-24 07:52:26,2026-06-24 09:04:43,2026-06-24 12:20:48,145,16,12.0,Rompimento de fibra,Acidente de trânsito (poste),Alta,8,3.05,39.1,Encerrado
5118,2026-06-24 09:02:19,2026-06-24 11:08:38,2026-06-24 11:53:42,45,13,6.0,Queda de energia,Disjuntor,Alta,8,,,Encerrado
5119,2026-06-24 14:45:34,2026-06-24 15:13:48,2026-06-24 16:55:45,115,14,9.0,Atenuação alta,Curvatura excessiva,Alta,8,6.62,2.9,Encerrado
5120,2026-06-24 15:40:13,2026-06-24 16:38:18,2026-06-24 17:49:17,100,3,10.0,Falha de equipamento,Fonte de alimentação,Crítica,4,,,Encerrado
5121,2026-06-24 19:33:41,2026-06-24 21:42:00,2026-06-24 23:56:07,368,5,16.0,Rompimento de fibra,Acidente de trânsito (poste),Alta,8,3.23,33.3,Encerrado
5122,2026-06-25 05:40:48,2026-06-25 06:48:44,2026-06-25 10:34:15,34,16,15.0,Atenuação alta,Emenda degradada,Alta,8,6.47,8.8,Encerrado
5123,2026-06-25 05:53:52,2026-06-26 02:51:31,2026-06-26 06:58:00,266,8,2.0,Falha de equipamento,Switch,Baixa,48,,,Encerrado
5124,2026-06-25 07:53:54,2026-06-25 09:29:53,2026-06-25 09:51:05,230,13,18.0,Configuração,Erro de configuração,Alta,8,,,Encerrado
5125,2026-06-25 10:02:51,2026-06-25 18:48:50,2026-06-25 19:05:25,146,15,6.0,Configuração,Atualização de firmware,Média,24,,,Encerrado
5126,2026-06-25 14:02:17,2026-06-25 22:45:46,2026-06-26 02:55:41,192,1,7.0,Atenuação alta,Umidade na caixa de emenda,Média,24,1.79,6.9,Encerrado
5127,2026-06-25 14:25:45,2026-06-26 02:53:56,2026-06-26 03:38:52,74,5,4.0,Configuração,Erro de configuração,Média,24,,,Encerrado
5128,2026-06-25 17:45:47,2026-06-25 19:11:21,2026-06-25 21:17:01,68,10,17.0,Rompimento de fibra,Queda de árvore,Crítica,4,5.18,18.1,Encerrado
5129,2026-06-25 19:19:09,2026-06-25 19:37:41,2026-06-25 22:27:55,72,9,11.0,Rompimento de fibra,Roedores,Crítica,4,0.97,24.1,Encerrado
5130,2026-06-25 21:39:22,2026-06-26 10:59:44,2026-06-26 13:34:42,223,13,3.0,Falha de equipamento,Switch,Média,24,,,Encerrado
5131,2026-06-26 00:22:37,2026-06-26 00:58:34,2026-06-26 03:24:03,86,6,16.0,Rompimento de fibra,Roedores,Crítica,4,2.23,39.5,Encerrado
5132,2026-06-26 02:56:05,2026-06-26 11:59:34,2026-06-26 13:47:12,144,15,18.0,Configuração,Atualização de firmware,Média,24,,,Encerrado
5133,2026-06-26 04:55:10,2026-06-26 05:56:37,2026-06-26 09:29:42,101,1,7.0,Rompimento de fibra,Roedores,Crítica,4,1.81,25.7,Encerrado
5134,2026-06-26 07:20:16,2026-06-26 09:33:07,2026-06-26 11:29:13,395,10,8.0,Configuração,Atualização de firmware,Média,24,,,Encerrado
5135,2026-06-26 10:46:34,2026-06-26 11:51:38,2026-06-26 13:26:47,270,13,18.0,Queda de energia,Disjuntor,Alta,8,,,Encerrado
5136,2026-06-26 15:31:55,2026-06-26 19:34:32,2026-06-26 21:53:08,322,11,6.0,Falha de equipamento,Placa de interface,Média,24,,,Encerrado
5137,2026-06-27 02:04:20,2026-06-27 06:00:26,2026-06-27 07:08:10,206,10,11.0,Queda de energia,Falta de energia da concessionária,Alta,8,,,Encerrado
5138,2026-06-27 04:50:59,2026-06-27 06:37:54,2026-06-27 14:40:48,248,12,9.0,Rompimento de fibra,Obra de terceiros,Crítica,4,1.86,33.5,Encerrado
5139,2026-06-27 05:18:47,2026-06-27 06:48:26,2026-06-27 07:24:52,116,11,12.0,Configuração,Erro de configuração,Crítica,4,,,Encerrado
5140,2026-06-27 08:29:35,2026-06-27 09:06:12,2026-06-27 10:24:55,280,5,16.0,Rompimento de fibra,Roedores,Crítica,4,1.54,20.5,Encerrado
5141,2026-06-27 10:22:12,2026-06-27 11:15:00,2026-06-27 12:53:26,1,3,16.0,Rompimento de fibra,Queda de árvore,Crítica,4,6.44,23.6,Encerrado
5142,2026-06-27 10:23:56,2026-06-27 11:30:51,2026-06-27 15:23:39,59,6,16.0,Atenuação alta,Conector sujo,Alta,8,6.33,7.0,Encerrado
5143,2026-06-27 10:33:12,2026-06-28 18:18:51,2026-06-28 19:00:24,7,6,7.0,Configuração,Atualização de firmware,Média,24,,,Encerrado
5144,2026-06-27 11:02:44,2026-06-27 21:09:59,2026-06-28 00:27:50,314,2,1.0,Falha de equipamento,Placa de interface,Média,24,,,Encerrado
5145,2026-06-27 12:36:09,2026-06-27 14:04:21,2026-06-27 15:52:05,197,5,7.0,Falha de equipamento,Fonte de alimentação,Média,24,,,Encerrado
5146,2026-06-27 12:58:59,2026-06-27 14:15:33,2026-06-27 23:54:36,232,10,14.0,Rompimento de fibra,Acidente de trânsito (poste),Crítica,4,2.44,30.7,Encerrado
5147,2026-06-27 13:27:20,2026-06-27 14:46:45,2026-06-27 15:12:21,193,9,17.0,Falha de equipamento,Módulo óptico (SFP/QSFP),Alta,8,,,Encerrado
5148,2026-06-27 16:40:24,2026-06-27 17:34:22,2026-06-27 22:30:05,41,11,6.0,Rompimento de fibra,Obra de terceiros,Crítica,4,2.05,34.0,Encerrado
5149,2026-06-27 22:30:32,2026-06-28 17:22:11,2026-06-28 17:46:03,189,16,9.0,Configuração,Erro de configuração,Média,24,,,Encerrado
5150,2026-06-28 03:25:08,2026-06-28 15:11:39,2026-06-28 15:29:31,173,12,18.0,Queda de energia,Disjuntor,Baixa,48,,,Encerrado
5151,2026-06-28 03:51:49,2026-06-28 04:17:11,2026-06-28 08:15:43,316,13,6.0,Furto/vandalismo de cabo,Furto de cabo,Crítica,4,9.34,22.2,Encerrado
5152,2026-06-28 05:25:51,2026-06-28 05:52:30,2026-06-28 07:41:58,32,3,16.0,Queda de energia,Bateria do nobreak,Crítica,4,,,Encerrado
5153,2026-06-28 06:14:23,2026-06-28 15:48:16,2026-06-28 17:08:06,303,2,4.0,Atenuação alta,Curvatura excessiva,Média,24,2.29,6.0,Encerrado
5154,2026-06-28 07:20:53,2026-06-28 14:05:07,2026-06-28 16:55:33,327,16,3.0,Atenuação alta,Curvatura excessiva,Média,24,3.34,6.3,Encerrado
5155,2026-06-28 08:23:04,2026-06-28 12:08:57,2026-06-28 13:11:16,149,8,2.0,Falha de equipamento,Módulo óptico (SFP/QSFP),Alta,8,,,Encerrado
5156,2026-06-28 15:38:32,2026-06-29 15:19:09,2026-06-29 19:37:06,360,4,16.0,Falha de equipamento,Placa de interface,Média,24,,,Encerrado
5157,2026-06-28 15:41:22,2026-06-28 16:01:28,2026-06-28 22:08:51,396,1,13.0,Rompimento de fibra,Roedores,Alta,8,11.28,21.6,Encerrado
5158,2026-06-28 17:35:32,2026-06-28 19:27:16,2026-06-29 00:15:44,266,8,5.0,Queda de energia,Bateria do nobreak,Baixa,48,,,Encerrado
5159,2026-06-28 22:51:18,2026-06-28 23:25:22,2026-06-29 04:03:14,363,6,13.0,Rompimento de fibra,Obra de terceiros,Crítica,4,3.63,26.5,Encerrado
5160,2026-06-29 09:09:27,2026-06-29 09:59:30,2026-06-29 14:23:48,119,14,18.0,Rompimento de fibra,Roedores,Crítica,4,5.56,26.4,Encerrado
5161,2026-06-29 09:17:17,2026-06-29 09:36:05,2026-06-29 16:50:16,97,10,14.0,Rompimento de fibra,Roedores,Crítica,4,9.2,20.6,Encerrado
5162,2026-06-29 12:09:03,,,22,1,,Rompimento de fibra,,Crítica,4,3.63,39.2,Cancelado
5163,2026-06-29 18:49:55,2026-06-29 19:23:09,2026-06-29 20:43:18,264,15,6.0,Queda de energia,Falta de energia da concessionária,Média,24,,,Encerrado
5164,2026-06-29 20:25:25,2026-06-29 23:10:42,2026-06-30 01:19:42,322,11,6.0,Falha de equipamento,Placa de interface,Média,24,,,Encerrado
5165,2026-06-29 22:37:26,2026-06-29 23:42:12,2026-06-30 00:33:06,216,7,17.0,Furto/vandalismo de cabo,Furto de cabo,Crítica,4,0.37,39.6,Encerrado
5166,2026-06-30 01:23:46,2026-06-30 04:34:16,2026-06-30 10:25:17,172,16,12.0,Rompimento de fibra,Roedores,Alta,8,2.75,25.0,Encerrado
5167,2026-06-30 06:23:26,2026-06-30 07:16:09,2026-06-30 13:01:05,167,2,16.0,Rompimento de fibra,Acidente de trânsito (poste),Alta,8,1.63,28.9,Encerrado
5168,2026-06-30 11:44:44,2026-06-30 12:25:25,2026-06-30 18:27:20,155,12,9.0,Rompimento de fibra,Queda de árvore,Alta,8,7.88,40.0,Encerrado
5169,2026-06-30 13:02:19,2026-06-30 14:13:56,2026-07-01 00:38:15,216,8,17.0,Rompimento de fibra,Acidente de trânsito (poste),Crítica,4,7.47,36.8,Encerrado
5170,2026-06-30 13:23:44,2026-06-30 13:45:41,2026-06-30 18:32:41,392,1,16.0,Rompimento de fibra,Roedores,Alta,8,0.85,36.2,Encerrado
5171,2026-06-30 13:53:38,2026-06-30 18:00:01,2026-06-30 19:00:51,90,5,13.0,Queda de energia,Disjuntor,Média,24,,,Encerrado
5172,2026-06-30 13:57:36,2026-06-30 14:40:08,2026-06-30 19:21:01,136,5,10.0,Rompimento de fibra,Roedores,Crítica,4,5.86,32.4,Encerrado
5173,2026-06-30 16:28:24,2026-06-30 17:31:34,2026-06-30 20:28:27,398,7,5.0,Rompimento de fibra,Obra de terceiros,Crítica,4,2.99,18.9,Encerrado
5174,2026-06-30 18:05:08,2026-06-30 22:34:16,2026-06-30 23:26:30,363,6,1.0,Atenuação alta,Curvatura excessiva,Média,24,1.76,6.0,Encerrado
5175,2026-07-01 01:16:48,2026-07-01 06:02:43,2026-07-01 08:10:13,155,12,18.0,Atenuação alta,Conector sujo,Média,24,2.8,2.9,Encerrado
5176,2026-07-01 07:11:04,2026-07-01 09:12:54,2026-07-01 11:45:31,135,1,13.0,Atenuação alta,Curvatura excessiva,Média,24,1.1,6.4,Encerrado
5177,2026-07-01 17:01:40,2026-07-01 17:47:43,2026-07-01 20:05:01,314,2,1.0,Atenuação alta,Conector sujo,Alta,8,0.81,7.4,Encerrado
5178,2026-07-01 20:11:08,2026-07-01 21:16:23,2026-07-01 21:55:32,73,1,13.0,Configuração,Erro de configuração,Alta,8,,,Encerrado
5179,2026-07-01 21:32:29,2026-07-01 21:43:30,2026-07-01 23:01:18,15,6,10.0,Queda de energia,Disjuntor,Crítica,4,,,Encerrado
5180,2026-07-01 21:35:44,2026-07-01 22:14:18,2026-07-02 02:28:38,31,4,16.0,Rompimento de fibra,Roedores,Crítica,4,7.51,34.9,Encerrado
5181,2026-07-01 21:48:08,2026-07-01 22:37:28,2026-07-02 02:07:20,102,16,18.0,Atenuação alta,Conector sujo,Alta,8,3.32,3.7,Encerrado
5182,2026-07-01 22:22:18,2026-07-01 23:18:52,2026-07-02 03:15:06,192,2,10.0,Rompimento de fibra,Obra de terceiros,Crítica,4,0.69,37.8,Encerrado
5183,2026-07-01 22:47:50,2026-07-02 02:36:31,2026-07-02 07:18:24,272,16,9.0,Rompimento de fibra,Roedores,Alta,8,11.43,30.9,Encerrado
5184,2026-07-02 05:08:12,2026-07-02 06:01:17,2026-07-02 13:54:58,240,7,14.0,Atenuação alta,Umidade na caixa de emenda,Alta,8,4.56,5.9,Encerrado
5185,2026-07-02 08:44:25,2026-07-02 09:52:55,2026-07-02 16:36:53,284,10,14.0,Atenuação alta,Curvatura excessiva,Alta,8,9.64,1.8,Encerrado
5186,2026-07-02 09:28:02,2026-07-02 09:58:26,2026-07-02 12:06:48,39,14,18.0,Rompimento de fibra,Acidente de trânsito (poste),Crítica,4,1.64,29.0,Encerrado
5187,2026-07-02 13:04:01,2026-07-02 15:03:25,2026-07-02 17:43:35,10,16,15.0,Atenuação alta,Conector sujo,Alta,8,2.36,2.6,Encerrado
5188,2026-07-02 13:28:40,2026-07-02 22:00:54,2026-07-02 22:19:42,265,15,15.0,Configuração,Erro de configuração,Média,24,,,Encerrado
5189,2026-07-02 14:47:40,2026-07-02 16:07:04,2026-07-02 19:09:40,76,12,12.0,Rompimento de fibra,Roedores,Crítica,4,5.86,38.0,Encerrado
5190,2026-07-02 16:22:37,2026-07-02 16:41:41,2026-07-02 18:22:34,211,6,10.0,Rompimento de fibra,Roedores,Alta,8,5.19,24.7,Encerrado
5191,2026-07-02 17:47:44,2026-07-02 18:36:16,2026-07-02 20:30:19,72,9,2.0,Rompimento de fibra,Acidente de trânsito (poste),Crítica,4,4.08,37.2,Encerrado
5192,2026-07-02 19:31:48,2026-07-02 20:17:08,2026-07-02 21:57:35,74,5,7.0,Falha de equipamento,Módulo óptico (SFP/QSFP),Alta,8,,,Encerrado
5193,2026-07-02 19:43:28,2026-07-02 21:22:54,2026-07-03 00:14:53,36,7,17.0,Queda de energia,Bateria do nobreak,Alta,8,,,Encerrado
5194,2026-07-02 20:58:48,2026-07-03 07:44:10,2026-07-03 10:52:50,388,11,15.0,Atenuação alta,Conector sujo,Baixa,48,7.98,5.5,Encerrado
5195,2026-07-02 22:53:45,2026-07-03 01:13:38,2026-07-03 08:18:05,206,10,17.0,Falha de equipamento,Switch,Alta,8,,,Encerrado
5196,2026-07-03 01:30:06,,,354,8,,Rompimento de fibra,,Alta,8,6.07,31.6,Cancelado
5197,2026-07-03 01:39:34,2026-07-03 19:36:31,2026-07-03 23:08:10,40,14,18.0,Atenuação alta,Emenda degradada,Média,24,12.47,5.2,Encerrado
5198,2026-07-03 07:32:58,2026-07-03 13:01:48,2026-07-03 14:44:25,390,13,12.0,Atenuação alta,Emenda degradada,Média,24,1.48,3.0,Encerrado
5199,2026-07-03 08:53:41,2026-07-03 09:38:23,2026-07-03 11:53:30,129,4,13.0,Rompimento de fibra,,Alta,8,2.24,37.7,Encerrado
5200,2026-07-03 13:13:20,2026-07-03 14:03:00,2026-07-03 16:03:19,266,7,2.0,Rompimento de fibra,Obra de terceiros,Crítica,4,4.51,37.4,Encerrado
5201,2026-07-03 16:30:53,2026-07-03 17:15:03,2026-07-03 22:41:23,234,7,17.0,Rompimento de fibra,Obra de terceiros,Alta,8,3.49,29.6,Encerrado
5202,2026-07-03 16:58:34,2026-07-03 18:05:17,2026-07-03 22:44:27,200,2,16.0,Rompimento de fibra,Obra de terceiros,Alta,8,3.77,26.1,Encerrado
5203,2026-07-04 00:02:49,2026-07-04 04:15:47,2026-07-04 07:16:51,160,1,1.0,Falha de equipamento,Módulo óptico (SFP/QSFP),Média,24,,,Encerrado
5204,2026-07-04 00:36:41,2026-07-04 01:57:46,2026-07-04 05:10:10,149,9,8.0,Rompimento de fibra,Acidente de trânsito (poste),Crítica,4,2.09,29.6,Encerrado
5205,2026-07-04 00:44:29,2026-07-04 07:34:16,2026-07-04 11:58:58,156,5,7.0,Queda de energia,Falta de energia da concessionária,Baixa,48,,,Encerrado
5206,2026-07-04 00:48:58,2026-07-04 22:32:26,2026-07-05 01:10:24,234,7,2.0,Falha de equipamento,Fonte de alimentação,Baixa,48,,,Encerrado
5207,2026-07-04 01:49:28,2026-07-04 03:58:36,2026-07-04 07:16:37,337,14,3.0,Rompimento de fibra,Acidente de trânsito (poste),Alta,8,0.66,38.7,Encerrado
5208,2026-07-04 02:01:12,2026-07-04 03:54:29,2026-07-04 05:01:37,296,6,13.0,Configuração,Atualização de firmware,Média,24,,,Encerrado
5209,2026-07-04 07:38:34,2026-07-04 10:25:37,2026-07-04 14:56:50,396,1,1.0,Rompimento de fibra,Acidente de trânsito (poste),Alta,8,4.35,31.9,Encerrado
5210,2026-07-04 09:57:22,2026-07-05 00:10:48,2026-07-05 04:11:25,376,14,6.0,Atenuação alta,Curvatura excessiva,Baixa,48,0.33,5.0,Encerrado
5211,2026-07-04 17:49:01,2026-07-05 01:15:31,2026-07-05 06:48:03,216,8,5.0,Falha de equipamento,Switch,Média,24,,,Encerrado
5212,2026-07-04 19:25:34,2026-07-04 20:21:21,2026-07-05 03:48:22,109,3,4.0,Rompimento de fibra,Obra de terceiros,Crítica,4,0.95,28.2,Encerrado
5213,2026-07-05 02:24:19,2026-07-05 03:47:18,2026-07-05 06:22:00,160,1,4.0,Falha de equipamento,Placa de interface,Alta,8,,,Encerrado
5214,2026-07-05 06:16:25,2026-07-05 07:17:36,2026-07-05 09:55:23,141,14,15.0,Rompimento de fibra,Acidente de trânsito (poste),Crítica,4,4.01,34.2,Encerrado
5215,2026-07-05 08:06:16,2026-07-05 09:45:27,2026-07-05 17:29:53,92,5,7.0,Atenuação alta,Emenda degradada,Alta,8,4.58,8.2,Encerrado
5216,2026-07-05 08:52:56,2026-07-05 10:30:18,2026-07-05 12:22:22,247,4,10.0,Falha de equipamento,Placa de interface,Média,24,,,Encerrado
5217,2026-07-05 12:18:56,2026-07-05 16:00:53,2026-07-05 19:18:00,200,1,16.0,Falha de equipamento,Placa de interface,Média,24,,,Encerrado
5218,2026-07-06 01:09:25,2026-07-06 04:05:36,2026-07-06 04:44:32,133,4,13.0,Falha de equipamento,Switch,Alta,8,,,Encerrado
5219,2026-07-06 02:00:43,2026-07-06 03:50:10,2026-07-06 10:46:36,250,7,2.0,Atenuação alta,Conector sujo,Média,24,5.63,4.6,Encerrado
5220,2026-07-06 02:57:49,2026-07-06 07:53:05,2026-07-06 08:50:53,200,2,7.0,Configuração,Atualização de firmware,Média,24,,,Encerrado
5221,2026-07-06 03:43:32,2026-07-06 05:48:29,2026-07-06 08:15:41,232,10,11.0,Furto/vandalismo de cabo,Vandalismo,Alta,8,2.7,18.1,Encerrado
5222,2026-07-06 07:24:49,2026-07-06 07:33:11,2026-07-06 14:00:05,181,13,15.0,Rompimento de fibra,Roedores,Crítica,4,2.59,36.8,Encerrado
5223,2026-07-06 11:44:59,2026-07-06 13:26:40,2026-07-06 16:28:20,145,16,12.0,Rompimento de fibra,Queda de árvore,Crítica,4,3.13,36.7,Encerrado
5224,2026-07-06 15:49:45,2026-07-06 17:30:15,2026-07-06 23:28:14,213,7,5.0,Rompimento de fibra,Acidente de trânsito (poste),Alta,8,1.54,31.8,Encerrado
5225,2026-07-06 19:31:05,2026-07-06 19:59:50,2026-07-07 00:11:20,72,8,14.0,Rompimento de fibra,Acidente de trânsito (poste),Crítica,4,2.35,32.3,Encerrado
5226,2026-07-06 22:19:06,2026-07-07 03:45:28,2026-07-07 05:14:43,348,11,18.0,Queda de energia,Bateria do nobreak,Alta,8,,,Encerrado
5227,2026-07-07 01:18:41,2026-07-07 03:09:57,2026-07-07 06:13:53,150,8,11.0,Rompimento de fibra,Queda de árvore,Crítica,4,6.16,28.5,Encerrado
5228,2026-07-07 14:46:25,2026-07-07 16:11:03,2026-07-07 22:09:58,381,9,11.0,Falha de equipamento,Fonte de alimentação,Média,24,,,Encerrado
5229,2026-07-07 16:07:21,2026-07-07 20:59:15,2026-07-07 21:31:41,258,10,2.0,Queda de energia,Falta de energia da concessionária,Média,24,,,Encerrado
5230,2026-07-07 19:55:00,2026-07-07 21:00:22,2026-07-08 01:13:53,140,16,6.0,Rompimento de fibra,Roedores,Alta,8,6.43,24.8,Encerrado
5231,2026-07-08 00:47:54,2026-07-08 17:37:31,2026-07-08 21:20:32,143,6,4.0,Falha de equipamento,Fonte de alimentação,Baixa,48,,,Encerrado
5232,2026-07-08 01:20:21,2026-07-08 02:06:09,2026-07-08 06:11:49,236,10,11.0,Furto/vandalismo de cabo,Vandalismo,Crítica,4,1.01,30.4,Encerrado
5233,2026-07-08 03:40:51,2026-07-08 06:41:45,2026-07-08 10:01:42,127,16,6.0,Falha de equipamento,Módulo óptico (SFP/QSFP),Média,24,,,Encerrado
5234,2026-07-08 03:44:30,2026-07-08 05:51:56,2026-07-08 06:16:28,351,14,6.0,Configuração,Atualização de firmware,Média,24,,,Encerrado
5235,2026-07-08 05:31:50,,,375,1,,Falha de equipamento,,Média,24,,,Cancelado
5236,2026-07-08 06:54:13,2026-07-08 22:02:46,2026-07-08 23:36:59,296,6,1.0,Queda de energia,Disjuntor,Baixa,48,,,Encerrado
5237,2026-07-08 08:09:33,,,149,8,,Atenuação alta,,Média,24,4.22,5.8,Cancelado
5238,2026-07-08 10:35:33,2026-07-08 11:33:30,2026-07-08 12:01:22,328,15,3.0,Configuração,Erro de configuração,Alta,8,,,Encerrado
5239,2026-07-08 11:04:00,2026-07-08 11:29:21,2026-07-08 15:43:10,16,3,1.0,Furto/vandalismo de cabo,Vandalismo,Crítica,4,3.48,33.9,Encerrado
5240,2026-07-08 16:10:00,2026-07-08 17:09:15,2026-07-08 18:27:36,389,3,16.0,Queda de energia,Falta de energia da concessionária,Alta,8,,,Encerrado
5241,2026-07-08 18:05:48,2026-07-08 21:43:55,2026-07-08 22:21:37,135,2,4.0,Queda de energia,Bateria do nobreak,Média,24,,,Encerrado
5242,2026-07-09 00:16:31,2026-07-10 01:33:10,2026-07-10 03:26:31,300,10,8.0,Queda de energia,Falta de energia da concessionária,Média,24,,,Encerrado
5243,2026-07-09 01:00:12,2026-07-09 04:25:46,2026-07-09 09:20:53,234,8,2.0,Furto/vandalismo de cabo,Vandalismo,Crítica,4,1.05,30.9,Encerrado
5244,2026-07-09 01:56:31,2026-07-09 04:30:55,2026-07-09 08:53:19,129,4,16.0,Furto/vandalismo de cabo,Furto de cabo,Crítica,4,2.53,38.3,Encerrado
5245,2026-07-09 04:13:28,2026-07-09 09:30:45,2026-07-09 13:01:28,314,2,13.0,Atenuação alta,Umidade na caixa de emenda,Média,24,9.77,4.6,Encerrado
5246,2026-07-09 04:16:59,2026-07-09 18:31:31,2026-07-09 19:08:27,370,2,1.0,Queda de energia,Disjuntor,Média,24,,,Encerrado
5247,2026-07-09 05:00:30,2026-07-09 05:30:04,2026-07-09 06:53:05,109,4,1.0,Rompimento de fibra,Acidente de trânsito (poste),Crítica,4,8.02,30.0,Encerrado
5248,2026-07-09 09:57:21,2026-07-09 22:16:51,2026-07-09 22:51:03,162,2,10.0,Queda de energia,Disjuntor,Baixa,48,,,Encerrado
5249,2026-07-09 10:47:45,2026-07-09 11:43:48,2026-07-09 18:55:51,113,10,8.0,Atenuação alta,Conector sujo,Crítica,4,0.74,4.1,Encerrado
5250,2026-07-09 10:58:03,2026-07-09 11:08:18,2026-07-09 13:22:32,100,3,16.0,Rompimento de fibra,Acidente de trânsito (poste),Crítica,4,3.57,33.3,Encerrado
5251,2026-07-09 11:52:21,2026-07-09 12:55:27,2026-07-09 16:08:40,19,7,11.0,Furto/vandalismo de cabo,Vandalismo,Crítica,4,1.6,28.6,Encerrado
5252,2026-07-09 12:49:39,2026-07-09 15:56:47,2026-07-09 19:40:28,264,15,6.0,Atenuação alta,Emenda degradada,Baixa,48,3.05,9.0,Encerrado
5253,2026-07-09 14:38:14,2026-07-09 16:38:10,2026-07-09 22:37:53,236,10,2.0,Furto/vandalismo de cabo,Vandalismo,Alta,8,7.45,28.9,Encerrado
5254,2026-07-09 15:16:15,2026-07-09 16:18:06,2026-07-09 22:03:02,152,10,8.0,Furto/vandalismo de cabo,Furto de cabo,Alta,8,5.48,37.8,Encerrado
5255,2026-07-09 18:03:26,2026-07-10 00:07:36,2026-07-10 03:19:21,348,11,18.0,Atenuação alta,Conector sujo,Média,24,2.37,6.9,Encerrado
5256,2026-07-09 19:00:25,2026-07-09 20:53:19,2026-07-09 21:13:51,397,5,16.0,Atenuação alta,Curvatura excessiva,Alta,8,2.35,3.6,Encerrado
5257,2026-07-10 04:22:33,2026-07-10 09:54:08,2026-07-10 11:09:40,174,1,7.0,Configuração,Erro de configuração,Média,24,,,Encerrado
5258,2026-07-10 07:20:43,2026-07-10 11:27:40,2026-07-10 15:12:16,87,16,9.0,Atenuação alta,Conector sujo,Média,24,2.82,3.2,Encerrado
5259,2026-07-10 07:23:58,2026-07-10 07:29:45,2026-07-10 16:20:55,142,16,15.0,Rompimento de fibra,Acidente de trânsito (poste),Alta,8,5.53,39.1,Encerrado
5260,2026-07-10 18:04:14,2026-07-10 18:40:49,2026-07-10 22:00:50,212,9,8.0,Atenuação alta,Conector sujo,Média,24,2.08,6.6,Encerrado
5261,2026-07-10 18:34:29,2026-07-10 20:21:29,2026-07-11 08:22:50,312,10,11.0,Atenuação alta,Curvatura excessiva,Alta,8,1.84,6.6,Encerrado
5262,2026-07-10 23:07:10,2026-07-11 09:30:02,2026-07-11 11:07:21,392,1,4.0,Configuração,Atualização de firmware,Média,24,,,Encerrado
5263,2026-07-11 06:29:43,2026-07-11 20:11:41,2026-07-11 22:45:33,179,14,18.0,Atenuação alta,Umidade na caixa de emenda,Baixa,48,7.16,3.3,Encerrado
5264,2026-07-11 11:50:56,2026-07-12 01:34:06,2026-07-12 02:40:31,396,1,13.0,Queda de energia,Falta de energia da concessionária,Média,24,,,Encerrado
5265,2026-07-11 15:40:57,2026-07-11 18:47:36,2026-07-11 20:24:42,33,12,3.0,Falha de equipamento,Switch,Alta,8,,,Encerrado
5266,2026-07-11 19:32:21,2026-07-12 00:20:33,2026-07-12 02:44:54,327,16,15.0,Rompimento de fibra,Roedores,Alta,8,6.61,39.7,Encerrado
5267,2026-07-11 19:44:18,2026-07-12 17:39:56,2026-07-12 19:11:11,301,15,15.0,Falha de equipamento,Switch,Média,24,,,Encerrado
5268,2026-07-11 20:17:14,2026-07-12 14:04:49,2026-07-12 20:27:54,253,9,5.0,Atenuação alta,Curvatura excessiva,Média,24,3.96,3.7,Encerrado
5269,2026-07-11 21:43:44,2026-07-11 22:25:53,2026-07-12 07:35:18,89,8,2.0,Rompimento de fibra,Queda de árvore,Crítica,4,3.41,29.8,Encerrado
5270,2026-07-11 22:16:54,2026-07-11 22:54:16,2026-07-12 01:47:23,85,5,1.0,Rompimento de fibra,Queda de árvore,Crítica,4,7.74,35.0,Encerrado
5271,2026-07-11 23:03:27,2026-07-11 23:36:38,2026-07-12 03:24:12,374,6,16.0,Atenuação alta,Conector sujo,Alta,8,2.5,8.2,Encerrado
5272,2026-07-12 00:21:44,2026-07-12 00:54:26,2026-07-12 04:52:09,178,13,6.0,Rompimento de fibra,Roedores,Alta,8,2.85,27.6,Encerrado
5273,2026-07-12 00:31:32,2026-07-12 04:45:30,2026-07-12 10:30:25,210,1,4.0,Furto/vandalismo de cabo,Furto de cabo,Alta,8,1.53,24.3,Encerrado
5274,2026-07-12 02:16:21,2026-07-12 13:40:15,2026-07-12 14:01:33,340,16,15.0,Configuração,Erro de configuração,Média,24,,,Encerrado
5275,2026-07-12 05:09:57,2026-07-12 05:30:39,2026-07-12 12:49:43,277,4,4.0,Rompimento de fibra,Acidente de trânsito (poste),Crítica,4,8.94,19.0,Encerrado
5276,2026-07-12 06:49:22,2026-07-14 04:33:08,2026-07-14 08:07:52,194,4,1.0,Atenuação alta,Curvatura excessiva,Baixa,48,6.68,5.9,Encerrado
5277,2026-07-12 09:31:19,2026-07-12 10:38:34,2026-07-12 12:15:06,213,7,2.0,Rompimento de fibra,Acidente de trânsito (poste),Alta,8,4.8,19.4,Encerrado
5278,2026-07-12 10:43:32,2026-07-12 11:32:20,2026-07-12 14:44:29,42,6,7.0,Atenuação alta,Emenda degradada,Crítica,4,2.93,6.0,Encerrado
5279,2026-07-12 14:36:21,2026-07-12 18:24:22,2026-07-12 19:13:22,164,16,6.0,Atenuação alta,Conector sujo,Baixa,48,1.33,3.6,Encerrado
5280,2026-07-12 14:45:49,2026-07-12 17:50:07,2026-07-12 22:05:42,224,4,1.0,Falha de equipamento,Placa de interface,Média,24,,,Encerrado
5281,2026-07-12 17:06:12,2026-07-13 05:51:59,2026-07-13 06:33:09,21,4,13.0,Queda de energia,Disjuntor,Média,24,,,Encerrado
5282,2026-07-12 17:11:22,2026-07-13 17:52:34,2026-07-13 19:57:09,193,8,11.0,Falha de equipamento,Módulo óptico (SFP/QSFP),Média,24,,,Encerrado
5283,2026-07-12 19:06:22,2026-07-13 04:57:30,2026-07-13 07:05:02,387,6,1.0,Atenuação alta,Curvatura excessiva,Baixa,48,7.52,3.3,Encerrado
5284,2026-07-12 21:17:05,2026-07-13 07:57:22,2026-07-13 10:42:24,253,7,5.0,Falha de equipamento,Fonte de alimentação,Média,24,,,Encerrado
5285,2026-07-12 23:24:12,2026-07-13 04:50:24,2026-07-13 06:21:02,76,12,9.0,Configuração,Atualização de firmware,Alta,8,,,Encerrado
5286,2026-07-13 00:34:40,2026-07-13 01:06:21,2026-07-13 05:20:18,67,10,17.0,Rompimento de fibra,Acidente de trânsito (poste),Crítica,4,2.69,21.6,Encerrado
5287,2026-07-13 15:12:07,2026-07-13 15:51:56,2026-07-13 17:13:10,105,13,3.0,Atenuação alta,Curvatura excessiva,Alta,8,0.76,5.7,Encerrado
5288,2026-07-13 19:19:11,2026-07-13 20:11:33,2026-07-14 04:22:22,235,11,18.0,Rompimento de fibra,Roedores,Crítica,4,3.59,22.5,Encerrado
5289,2026-07-14 06:34:23,2026-07-14 07:07:26,2026-07-14 07:32:25,243,13,6.0,Configuração,Erro de configuração,Alta,8,,,Encerrado
5290,2026-07-14 07:01:03,2026-07-14 09:23:29,2026-07-14 09:42:15,252,5,10.0,Configuração,Atualização de firmware,Alta,8,,,Encerrado
5291,2026-07-14 09:07:27,2026-07-14 10:02:16,2026-07-14 17:02:22,85,5,16.0,Rompimento de fibra,Roedores,Crítica,4,9.1,25.5,Encerrado
5292,2026-07-14 09:59:00,2026-07-14 10:29:22,2026-07-14 13:45:49,37,2,1.0,Furto/vandalismo de cabo,Vandalismo,Crítica,4,2.51,20.0,Encerrado
5293,2026-07-14 13:26:51,2026-07-15 09:00:35,2026-07-15 09:58:03,232,10,17.0,Queda de energia,Bateria do nobreak,Baixa,48,,,Encerrado
5294,2026-07-14 14:33:11,2026-07-15 06:48:26,2026-07-15 07:51:47,319,16,9.0,Queda de energia,Disjuntor,Baixa,48,,,Encerrado
5295,2026-07-14 16:29:05,2026-07-14 18:37:58,2026-07-15 04:40:35,253,9,14.0,Rompimento de fibra,Acidente de trânsito (poste),Alta,8,1.06,33.5,Encerrado
5296,2026-07-14 20:50:56,2026-07-14 21:25:50,2026-07-14 23:21:16,173,11,9.0,Configuração,Erro de configuração,Alta,8,,,Encerrado
5297,2026-07-15 02:09:45,2026-07-15 17:59:51,2026-07-15 18:36:10,158,5,7.0,Configuração,Atualização de firmware,Média,24,,,Encerrado
5298,2026-07-15 09:43:49,2026-07-15 11:33:52,2026-07-15 11:55:49,316,13,3.0,Configuração,Atualização de firmware,Média,24,,,Encerrado
5299,2026-07-15 09:59:42,2026-07-16 02:05:05,2026-07-16 02:54:11,195,6,1.0,Configuração,Atualização de firmware,Baixa,48,,,Encerrado
5300,2026-07-16 00:34:25,2026-07-16 02:08:30,2026-07-16 05:09:30,213,9,5.0,Rompimento de fibra,Roedores,Crítica,4,1.69,20.7,Encerrado
5301,2026-07-16 06:05:41,2026-07-16 06:35:44,2026-07-16 07:58:39,2,11,18.0,Rompimento de fibra,Queda de árvore,Crítica,4,1.37,23.9,Encerrado
5302,2026-07-16 08:01:35,2026-07-16 12:25:16,2026-07-16 13:36:50,374,6,1.0,Configuração,Atualização de firmware,Média,24,,,Encerrado
5303,2026-07-16 08:07:42,2026-07-16 09:15:31,2026-07-16 10:44:39,314,2,13.0,Rompimento de fibra,Queda de árvore,Crítica,4,3.77,25.5,Encerrado
5304,2026-07-16 11:07:29,2026-07-16 20:38:55,2026-07-16 22:45:34,389,3,7.0,Queda de energia,Falta de energia da concessionária,Baixa,48,,,Encerrado
5305,2026-07-16 14:37:09,2026-07-16 14:55:21,2026-07-16 17:39:51,15,6,7.0,Atenuação alta,Umidade na caixa de emenda,Crítica,4,5.83,2.0,Encerrado
5306,2026-07-16 15:14:42,2026-07-17 20:38:28,2026-07-17 21:45:02,309,16,15.0,Configuração,Atualização de firmware,Baixa,48,,,Encerrado
5307,2026-07-16 17:02:45,2026-07-16 19:54:14,2026-07-16 22:09:04,258,10,14.0,Queda de energia,Falta de energia da concessionária,Média,24,,,Encerrado
5308,2026-07-16 17:14:17,2026-07-16 17:52:32,2026-07-16 22:52:00,202,15,12.0,Atenuação alta,Curvatura excessiva,Alta,8,11.21,6.9,Encerrado
5309,2026-07-16 20:21:06,2026-07-16 22:15:11,2026-07-17 02:45:17,288,10,11.0,Rompimento de fibra,Roedores,Alta,8,0.57,23.9,Encerrado
5310,2026-07-16 23:51:09,2026-07-17 00:55:28,2026-07-17 01:34:58,117,6,10.0,Configuração,Atualização de firmware,Alta,8,,,Encerrado
5311,2026-07-17 01:28:52,2026-07-17 07:09:16,2026-07-17 09:05:44,356,6,1.0,Queda de energia,Falta de energia da concessionária,Baixa,48,,,Encerrado
5312,2026-07-17 04:23:48,2026-07-17 06:15:23,2026-07-17 07:20:46,65,13,15.0,Falha de equipamento,Switch,Crítica,4,,,Encerrado
5313,2026-07-17 05:55:34,2026-07-17 08:51:23,2026-07-17 09:57:19,386,14,12.0,Configuração,Erro de configuração,Média,24,,,Encerrado
5314,2026-07-17 09:31:56,2026-07-17 15:00:20,2026-07-17 15:57:35,252,5,10.0,Falha de equipamento,Fonte de alimentação,Média,24,,,Encerrado
5315,2026-07-17 15:49:11,2026-07-18 05:35:15,2026-07-18 06:38:18,240,9,2.0,Queda de energia,Falta de energia da concessionária,Baixa,48,,,Encerrado
5316,2026-07-17 18:05:31,2026-07-19 02:21:38,2026-07-19 03:33:04,376,15,15.0,Configuração,Erro de configuração,Baixa,48,,,Encerrado
5317,2026-07-17 19:08:29,2026-07-17 23:31:41,2026-07-18 03:33:25,41,12,12.0,Atenuação alta,Conector sujo,Média,24,8.46,2.9,Encerrado
5318,2026-07-17 22:12:01,2026-07-18 00:37:08,2026-07-18 03:36:52,394,12,9.0,Falha de equipamento,Módulo óptico (SFP/QSFP),Alta,8,,,Encerrado
5319,2026-07-18 04:02:06,2026-07-18 05:52:25,2026-07-18 08:32:11,380,11,12.0,Rompimento de fibra,Acidente de trânsito (poste),Alta,8,2.82,24.6,Encerrado
5320,2026-07-18 05:44:15,2026-07-18 08:02:18,2026-07-18 14:08:10,61,14,9.0,Falha de equipamento,Módulo óptico (SFP/QSFP),Crítica,4,,,Encerrado
5321,2026-07-18 12:14:07,2026-07-18 21:34:04,2026-07-18 22:26:19,118,4,1.0,Falha de equipamento,Módulo óptico (SFP/QSFP),Média,24,,,Encerrado
5322,2026-07-18 15:18:08,2026-07-18 23:06:48,2026-07-19 01:36:19,238,14,6.0,Rompimento de fibra,Obra de terceiros,Alta,8,8.45,30.1,Encerrado
5323,2026-07-18 20:31:07,2026-07-18 21:36:37,2026-07-19 07:51:02,41,11,6.0,Furto/vandalismo de cabo,Furto de cabo,Crítica,4,3.62,23.7,Encerrado
5324,2026-07-18 20:47:56,2026-07-18 21:44:59,2026-07-19 00:32:31,109,3,1.0,Atenuação alta,Umidade na caixa de emenda,Alta,8,2.78,5.7,Encerrado
5325,2026-07-19 01:59:21,2026-07-19 04:27:03,2026-07-19 06:53:49,132,4,13.0,Rompimento de fibra,Queda de árvore,Crítica,4,7.53,31.3,Encerrado
5326,2026-07-19 07:04:32,2026-07-19 16:07:13,2026-07-19 17:12:17,211,6,1.0,Falha de equipamento,Fonte de alimentação,Média,24,,,Encerrado
5327,2026-07-19 11:28:15,2026-07-19 11:57:17,2026-07-19 12:23:00,115,15,3.0,Queda de energia,Bateria do nobreak,Crítica,4,,,Encerrado
5328,2026-07-19 15:52:33,2026-07-19 22:15:23,2026-07-20 02:14:26,249,4,1.0,Falha de equipamento,Módulo óptico (SFP/QSFP),Média,24,,,Encerrado
5329,2026-07-19 17:02:35,2026-07-19 17:37:06,2026-07-19 23:10:33,298,5,4.0,Rompimento de fibra,Acidente de trânsito (poste),Alta,8,0.89,39.6,Encerrado
5330,2026-07-19 17:21:30,2026-07-21 20:43:34,2026-07-21 22:03:37,174,2,7.0,Queda de energia,Falta de energia da concessionária,Baixa,48,,,Encerrado
5331,2026-07-19 21:56:00,2026-07-19 22:41:15,2026-07-20 05:05:01,95,10,17.0,Atenuação alta,Umidade na caixa de emenda,Crítica,4,5.33,3.7,Encerrado
5332,2026-07-19 23:15:19,2026-07-20 16:33:04,2026-07-20 17:58:53,155,11,18.0,Queda de energia,Falta de energia da concessionária,Média,24,,,Encerrado
5333,2026-07-20 03:52:44,2026-07-20 05:46:47,2026-07-20 07:40:49,140,16,9.0,Rompimento de fibra,Acidente de trânsito (poste),Alta,8,5.46,26.0,Encerrado
5334,2026-07-20 07:02:33,2026-07-20 11:48:28,2026-07-20 12:48:26,193,7,11.0,Atenuação alta,Umidade na caixa de emenda,Baixa,48,1.9,3.2,Encerrado
5335,2026-07-20 07:57:10,2026-07-20 12:05:56,2026-07-20 12:36:06,320,13,9.0,Queda de energia,Bateria do nobreak,Média,24,,,Encerrado
5336,2026-07-20 08:24:34,2026-07-20 14:34:25,2026-07-20 18:14:10,185,6,16.0,Falha de equipamento,Módulo óptico (SFP/QSFP),Média,24,,,Encerrado
5337,2026-07-20 09:41:25,2026-07-20 10:14:34,2026-07-20 13:03:18,129,3,16.0,Furto/vandalismo de cabo,Vandalismo,Crítica,4,3.83,23.0,Encerrado
5338,2026-07-20 14:48:44,2026-07-21 02:48:13,2026-07-21 08:15:31,278,15,9.0,Atenuação alta,Emenda degradada,Média,24,1.68,4.8,Encerrado
5339,2026-07-21 00:01:23,2026-07-21 05:06:13,2026-07-21 07:39:44,124,6,13.0,Queda de energia,Falta de energia da concessionária,Alta,8,,,Encerrado
5340,2026-07-21 01:28:15,2026-07-21 11:37:18,2026-07-21 17:11:35,66,7,2.0,Falha de equipamento,Módulo óptico (SFP/QSFP),Média,24,,,Encerrado
5341,2026-07-21 02:00:49,2026-07-21 03:12:06,2026-07-21 15:52:50,395,10,8.0,Furto/vandalismo de cabo,Furto de cabo,Alta,8,9.86,34.2,Encerrado
5342,2026-07-21 03:07:04,2026-07-21 07:33:45,2026-07-21 08:51:35,368,5,16.0,Atenuação alta,Curvatura excessiva,Média,24,3.04,3.3,Encerrado
5343,2026-07-21 06:48:44,2026-07-21 08:02:20,2026-07-21 10:06:05,363,6,13.0,Rompimento de fibra,Roedores,Alta,8,3.29,35.0,Encerrado
5344,2026-07-21 10:12:32,2026-07-21 11:56:07,2026-07-21 12:39:50,150,7,17.0,Queda de energia,Disjuntor,Alta,8,,,Encerrado
5345,2026-07-21 16:41:41,2026-07-21 17:17:21,2026-07-21 19:41:05,60,2,16.0,Atenuação alta,Umidade na caixa de emenda,Crítica,4,5.37,4.7,Encerrado
5346,2026-07-21 20:22:03,2026-07-21 21:17:17,2026-07-22 07:08:29,100,3,16.0,Rompimento de fibra,Obra de terceiros,Crítica,4,4.2,38.8,Encerrado
5347,2026-07-21 20:43:49,2026-07-21 21:18:57,2026-07-21 23:55:23,98,1,16.0,Atenuação alta,Curvatura excessiva,Crítica,4,11.15,6.8,Encerrado
5348,2026-07-21 22:09:53,2026-07-22 03:36:43,2026-07-22 05:10:45,240,7,5.0,Queda de energia,Falta de energia da concessionária,Média,24,,,Encerrado
5349,2026-07-22 03:16:49,2026-07-22 05:39:48,2026-07-22 07:15:48,343,16,6.0,Atenuação alta,Conector sujo,Alta,8,2.35,3.3,Encerrado
5350,2026-07-22 08:44:57,2026-07-22 09:05:44,2026-07-22 14:11:56,348,11,6.0,Furto/vandalismo de cabo,Vandalismo,Alta,8,6.51,39.5,Encerrado
5351,2026-07-22 10:09:06,2026-07-22 11:14:13,2026-07-22 16:34:58,188,14,6.0,Furto/vandalismo de cabo,Vandalismo,Crítica,4,2.09,28.2,Encerrado
5352,2026-07-22 13:58:18,2026-07-22 14:41:03,2026-07-22 22:17:11,36,7,14.0,Furto/vandalismo de cabo,Vandalismo,Crítica,4,2.55,20.4,Encerrado
5353,2026-07-22 20:04:06,2026-07-22 23:06:29,2026-07-23 00:15:55,209,14,9.0,Atenuação alta,Emenda degradada,Média,24,4.18,6.9,Encerrado
5354,2026-07-22 20:07:07,2026-07-22 22:22:05,2026-07-23 00:02:55,368,5,7.0,Queda de energia,Falta de energia da concessionária,Alta,8,,,Encerrado
5355,2026-07-22 20:12:56,,,239,5,,Rompimento de fibra,,Crítica,4,3.36,39.0,Cancelado
5356,2026-07-23 00:08:18,2026-07-23 00:37:45,2026-07-23 04:45:53,220,6,10.0,Rompimento de fibra,Obra de terceiros,Crítica,4,5.0,32.8,Encerrado
5357,2026-07-23 01:35:08,2026-07-23 02:59:32,2026-07-23 04:42:49,383,10,14.0,Furto/vandalismo de cabo,Furto de cabo,Crítica,4,8.39,23.8,Encerrado
5358,2026-07-23 02:42:16,2026-07-23 03:27:49,2026-07-23 09:09:37,59,6,7.0,Rompimento de fibra,Queda de árvore,Crítica,4,7.67,26.3,Encerrado
5359,2026-07-23 08:07:50,2026-07-23 09:06:10,2026-07-23 13:12:02,268,13,3.0,Atenuação alta,Umidade na caixa de emenda,Alta,8,6.28,5.8,Encerrado
5360,2026-07-23 10:00:40,2026-07-23 10:17:17,2026-07-23 18:44:47,113,10,14.0,Rompimento de fibra,Obra de terceiros,Crítica,4,5.57,37.2,Encerrado
5361,2026-07-23 11:47:38,2026-07-23 14:51:06,2026-07-23 18:55:20,9,10,2.0,Falha de equipamento,Módulo óptico (SFP/QSFP),Crítica,4,,,Encerrado
5362,2026-07-23 14:38:38,2026-07-23 21:04:42,2026-07-23 22:25:00,384,8,8.0,Queda de energia,Disjuntor,Média,24,,,Encerrado
5363,2026-07-23 16:55:52,2026-07-23 20:12:27,2026-07-23 21:31:22,195,6,10.0,Queda de energia,Disjuntor,Baixa,48,,,Encerrado
5364,2026-07-23 18:17:16,2026-07-23 19:29:37,2026-07-24 07:13:50,175,3,1.0,Furto/vandalismo de cabo,Vandalismo,Crítica,4,9.09,19.4,Encerrado
5365,2026-07-23 19:53:57,2026-07-23 21:04:35,2026-07-24 01:08:25,244,12,18.0,Rompimento de fibra,Acidente de trânsito (poste),Alta,8,6.56,30.6,Encerrado
5366,2026-07-23 21:17:09,2026-07-23 22:10:22,2026-07-24 01:31:57,342,2,7.0,Falha de equipamento,Placa de interface,Média,24,,,Encerrado
5367,2026-07-23 22:16:52,2026-07-25 18:25:08,2026-07-25 20:20:57,365,2,1.0,Falha de equipamento,Fonte de alimentação,Baixa,48,,,Encerrado
5368,2026-07-23 22:22:33,2026-07-23 23:17:12,2026-07-24 00:01:30,56,5,7.0,Queda de energia,Disjuntor,Crítica,4,,,Encerrado
5369,2026-07-24 00:34:17,2026-07-24 07:04:47,2026-07-24 11:02:22,175,4,13.0,Atenuação alta,Conector sujo,Média,24,3.56,3.9,Encerrado
5370,2026-07-24 04:10:19,2026-07-24 06:54:05,2026-07-24 08:20:46,49,4,10.0,Configuração,Atualização de firmware,Alta,8,,,Encerrado
5371,2026-07-24 04:36:12,2026-07-24 15:49:28,2026-07-24 20:22:20,168,2,10.0,Atenuação alta,Emenda degradada,Baixa,48,3.5,2.3,Encerrado
5372,2026-07-24 09:07:26,2026-07-24 09:14:24,2026-07-24 10:40:21,12,15,18.0,Falha de equipamento,Módulo óptico (SFP/QSFP),Crítica,4,,,Encerrado
5373,2026-07-24 09:18:11,2026-07-24 12:25:48,2026-07-24 14:59:05,49,4,4.0,Falha de equipamento,Módulo óptico (SFP/QSFP),Alta,8,,,Encerrado
5374,2026-07-24 12:04:32,2026-07-24 16:21:34,2026-07-24 17:37:20,253,7,5.0,Falha de equipamento,Switch,Média,24,,,Encerrado
5375,2026-07-24 12:28:30,2026-07-24 12:43:05,2026-07-24 18:09:31,278,15,15.0,Rompimento de fibra,Acidente de trânsito (poste),Crítica,4,3.81,22.2,Encerrado
5376,2026-07-24 17:25:17,2026-07-24 17:33:03,2026-07-24 20:53:29,3,15,3.0,Falha de equipamento,Switch,Crítica,4,,,Encerrado
5377,2026-07-24 21:31:20,2026-07-24 22:19:51,2026-07-24 23:07:54,283,14,3.0,Queda de energia,Bateria do nobreak,Alta,8,,,Encerrado
5378,2026-07-24 22:22:21,2026-07-25 01:26:27,2026-07-25 02:48:49,40,14,15.0,Falha de equipamento,Placa de interface,Alta,8,,,Encerrado
5379,2026-07-25 00:13:14,2026-07-25 00:54:14,2026-07-25 09:10:57,54,12,9.0,Rompimento de fibra,Acidente de trânsito (poste),Crítica,4,5.19,38.1,Encerrado
5380,2026-07-25 03:16:29,2026-07-25 05:13:55,2026-07-25 12:04:00,89,9,11.0,Furto/vandalismo de cabo,Vandalismo,Crítica,4,5.94,33.6,Encerrado
5381,2026-07-25 08:54:31,2026-07-25 18:05:13,2026-07-25 19:19:27,193,9,17.0,Atenuação alta,Conector sujo,Média,24,2.01,5.7,Encerrado
5382,2026-07-25 09:54:03,2026-07-25 11:40:29,2026-07-25 12:32:59,380,11,18.0,Atenuação alta,Emenda degradada,Alta,8,3.78,2.9,Encerrado
5383,2026-07-25 17:05:07,2026-07-25 17:59:24,2026-07-25 20:46:36,142,16,15.0,Rompimento de fibra,Roedores,Crítica,4,9.37,34.1,Encerrado
5384,2026-07-25 20:30:16,2026-07-25 21:28:47,2026-07-26 00:05:01,265,15,18.0,ROMPIMENTO DE FIBRA,Acidente de trânsito (poste),Crítica,4,4.02,35.6,Encerrado
5385,2026-07-25 21:54:07,2026-07-25 23:15:21,2026-07-26 01:49:51,125,13,18.0,Rompimento de fibra,Queda de árvore,Crítica,4,8.31,27.7,Encerrado
5386,2026-07-25 23:41:06,2026-07-26 06:19:49,2026-07-26 09:18:15,238,15,3.0,Atenuação alta,Emenda degradada,Média,24,1.39,8.7,Encerrado
5387,2026-07-26 00:04:59,2026-07-26 01:31:41,2026-07-26 03:18:36,162,2,16.0,Rompimento de fibra,Obra de terceiros,Alta,8,4.4,38.7,Encerrado
5388,2026-07-26 01:38:30,2026-07-26 09:19:45,2026-07-26 12:11:07,181,13,6.0,Falha de equipamento,Switch,Alta,8,,,Encerrado
5389,2026-07-26 15:20:31,2026-07-26 16:10:50,2026-07-26 22:19:41,371,6,4.0,Rompimento de fibra,Obra de terceiros,Alta,8,3.99,39.5,Encerrado
5390,2026-07-26 21:48:41,2026-07-27 01:53:54,2026-07-27 02:33:35,207,4,7.0,Falha de equipamento,Módulo óptico (SFP/QSFP),Média,24,,,Encerrado
5391,2026-07-26 23:49:34,2026-07-27 07:18:03,2026-07-27 08:24:10,186,15,9.0,Atenuação alta,Emenda degradada,Média,24,5.47,7.7,Encerrado
5392,2026-07-27 02:43:11,2026-07-27 07:54:07,2026-07-27 08:29:33,240,8,14.0,Atenuação alta,Curvatura excessiva,Média,24,6.58,7.8,Encerrado
5393,2026-07-27 05:40:05,2026-07-27 08:25:01,2026-07-27 09:11:23,350,5,13.0,Falha de equipamento,Fonte de alimentação,Baixa,48,,,Encerrado
5394,2026-07-27 13:59:02,2026-07-27 15:00:01,2026-07-27 15:50:43,255,3,7.0,Queda de energia,Disjuntor,Alta,8,,,Encerrado
5395,2026-07-27 16:47:37,2026-07-28 05:29:58,2026-07-28 06:39:00,112,9,14.0,Queda de energia,Bateria do nobreak,Média,24,,,Encerrado
5396,2026-07-27 18:49:54,2026-07-28 05:15:38,2026-07-28 05:40:26,352,2,16.0,Queda de energia,Bateria do nobreak,Média,24,,,Encerrado
5397,2026-07-28 01:02:12,2026-07-28 01:33:17,2026-07-28 02:24:21,8,9,2.0,Queda de energia,Bateria do nobreak,Crítica,4,,,Encerrado
5398,2026-07-28 08:12:07,2026-07-28 19:46:06,2026-07-28 21:15:39,147,5,16.0,Atenuação alta,Curvatura excessiva,Baixa,48,2.19,6.4,Encerrado
5399,2026-07-28 11:49:00,2026-07-28 13:48:43,2026-07-28 19:13:57,398,8,11.0,Rompimento de fibra,Queda de árvore,Alta,8,2.13,33.1,Encerrado
5400,2026-07-28 18:10:51,2026-07-28 19:24:49,2026-07-28 23:01:46,58,11,9.0,Falha de equipamento,Módulo óptico (SFP/QSFP),Crítica,4,,,Encerrado
5401,2026-07-28 21:22:34,2026-07-29 00:50:12,2026-07-29 02:11:56,61,14,12.0,Falha de equipamento,Fonte de alimentação,Média,24,,,Encerrado
5402,2026-07-28 21:30:38,2026-07-28 22:50:31,2026-07-29 00:21:55,302,11,15.0,Falha de equipamento,Fonte de alimentação,Alta,8,,,Encerrado
5403,2026-07-28 23:55:05,2026-07-29 11:55:32,2026-07-29 14:05:04,61,15,3.0,Atenuação alta,Curvatura excessiva,Média,24,3.82,2.6,Encerrado
5404,2026-07-28 23:59:50,2026-07-29 00:35:11,2026-07-29 05:06:29,79,8,8.0,Furto/vandalismo de cabo,Furto de cabo,Crítica,4,5.95,39.1,Encerrado
5405,2026-07-29 02:43:19,2026-07-29 07:55:45,2026-07-29 08:46:29,129,4,16.0,Falha de equipamento,Placa de interface,Baixa,48,,,Encerrado
5406,2026-07-29 04:43:47,2026-07-29 04:51:24,2026-07-29 08:16:08,311,6,1.0,Rompimento de fibra,Obra de terceiros,Crítica,4,5.32,21.5,Encerrado
5407,2026-07-29 09:11:20,2026-07-29 09:27:49,2026-07-29 13:42:47,299,13,3.0,Rompimento de fibra,Obra de terceiros,Alta,8,0.86,20.9,Encerrado
5408,2026-07-29 10:37:52,2026-07-29 10:59:47,2026-07-29 18:43:11,191,7,8.0,Rompimento de fibra,Queda de árvore,Crítica,4,6.78,28.3,Encerrado
5409,2026-07-29 12:04:50,2026-07-29 13:07:03,2026-07-29 17:08:45,62,16,3.0,Rompimento de fibra,Queda de árvore,Crítica,4,3.83,18.2,Encerrado
5410,2026-07-29 12:44:18,2026-07-29 14:23:30,2026-07-29 16:32:33,227,13,15.0,Queda de energia,Disjuntor,Alta,8,,,Encerrado
5411,2026-07-29 16:31:29,2026-07-30 05:34:12,2026-07-30 07:12:26,333,11,6.0,Queda de energia,Falta de energia da concessionária,Média,24,,,Encerrado
5412,2026-07-29 21:45:19,2026-07-29 22:27:11,2026-07-29 23:20:31,41,12,12.0,Queda de energia,Disjuntor,Crítica,4,,,Encerrado
5413,2026-07-30 00:52:04,2026-07-30 02:00:28,2026-07-30 05:01:14,216,7,2.0,Furto/vandalismo de cabo,Furto de cabo,Alta,8,1.62,22.1,Encerrado
5414,2026-07-30 04:21:27,2026-07-30 07:18:44,2026-07-30 09:43:13,43,11,12.0,Atenuação alta,Umidade na caixa de emenda,Alta,8,3.91,6.4,Encerrado
5415,2026-07-30 08:04:18,2026-07-30 16:50:50,2026-07-30 20:46:41,55,8,11.0,Atenuação alta,Umidade na caixa de emenda,Média,24,4.24,2.3,Encerrado
5416,2026-07-30 08:14:58,2026-07-30 09:13:18,2026-07-30 11:59:18,89,9,11.0,Rompimento de fibra,Obra de terceiros,Crítica,4,1.58,33.4,Encerrado
5417,2026-07-30 13:30:59,2026-07-30 22:53:28,2026-07-31 01:23:09,274,15,18.0,Atenuação alta,Curvatura excessiva,Baixa,48,4.11,2.2,Encerrado
5418,2026-07-30 22:36:08,2026-07-30 23:56:29,2026-07-31 05:09:23,146,14,6.0,Rompimento de fibra,Queda de árvore,Crítica,4,2.29,27.5,Encerrado
5419,2026-07-30 23:38:38,2026-07-31 00:11:25,2026-07-31 03:21:32,100,3,1.0,Rompimento de fibra,Obra de terceiros,Crítica,4,6.49,23.5,Encerrado
5420,2026-07-31 02:42:43,,,375,2,,Rompimento de fibra,,Crítica,4,8.02,32.5,Cancelado
5421,2026-07-31 06:42:35,2026-07-31 08:10:10,2026-07-31 09:01:55,65,13,18.0,Atenuação alta,Conector sujo,Alta,8,2.14,3.4,Encerrado
5422,2026-07-31 07:52:24,2026-07-31 10:17:50,2026-07-31 11:22:10,41,12,12.0,Queda de energia,Falta de energia da concessionária,Alta,8,,,Encerrado
5423,2026-07-31 08:16:27,2026-07-31 09:15:47,2026-07-31 15:33:47,330,11,3.0,Furto/vandalismo de cabo,Furto de cabo,Alta,8,2.68,22.3,Encerrado
5424,2026-07-31 10:21:26,,,8,8,,Rompimento de fibra,,Crítica,4,9.84,30.4,Cancelado
5425,2026-07-31 11:44:30,2026-07-31 13:55:20,2026-07-31 15:06:54,40,15,15.0,Atenuação alta,Emenda degradada,Alta,8,2.54,5.0,Encerrado
5426,2026-07-31 13:42:12,2026-07-31 16:49:21,2026-07-31 17:30:27,25,8,5.0,Configuração,Atualização de firmware,Média,24,,,Encerrado
5427,2026-07-31 14:02:47,2026-08-01 12:38:51,2026-08-01 17:20:07,178,13,6.0,Falha de equipamento,Fonte de alimentação,Baixa,48,,,Encerrado
5428,2026-07-31 14:51:41,2026-07-31 16:19:42,2026-07-31 19:30:41,219,16,9.0,Furto/vandalismo de cabo,Vandalismo,Alta,8,5.8,19.7,Encerrado
5429,2026-07-31 18:02:37,2026-08-01 00:48:17,2026-08-01 02:27:24,240,8,8.0,Atenuação alta,Curvatura excessiva,Média,24,2.73,5.1,Encerrado
5430,2026-08-01 01:40:28,2026-08-01 18:35:41,2026-08-01 20:13:10,330,11,15.0,Falha de equipamento,Switch,Média,24,,,Encerrado
5431,2026-08-01 11:26:32,,,263,16,,Rompimento de fibra,,Crítica,4,1.49,22.2,Cancelado
5432,2026-08-01 12:16:48,2026-08-01 13:58:47,2026-08-01 18:55:56,93,6,7.0,Rompimento de fibra,Obra de terceiros,Crítica,4,10.77,26.6,Encerrado
5433,2026-08-01 12:39:41,2026-08-02 05:09:07,2026-08-02 06:44:21,244,11,12.0,Atenuação alta,Emenda degradada,Média,24,1.5,1.8,Encerrado
5434,2026-08-01 16:42:09,2026-08-02 10:40:23,2026-08-02 12:21:59,199,3,7.0,Queda de energia,Falta de energia da concessionária,Média,24,,,Encerrado
5435,2026-08-02 00:11:03,2026-08-02 01:49:27,2026-08-02 12:09:55,69,16,15.0,Rompimento de fibra,Acidente de trânsito (poste),Crítica,4,5.77,19.9,Encerrado
5436,2026-08-02 07:32:21,2026-08-02 08:17:28,2026-08-02 19:11:55,244,12,15.0,Rompimento de fibra,Roedores,Alta,8,6.16,37.0,Encerrado
5437,2026-08-02 12:28:41,2026-08-03 13:13:49,2026-08-03 13:55:50,192,1,13.0,Configuração,Atualização de firmware,Média,24,,,Encerrado
5438,2026-08-02 12:59:29,2026-08-02 14:54:04,2026-08-02 18:52:57,25,9,2.0,Falha de equipamento,Fonte de alimentação,Alta,8,,,Encerrado
5439,2026-08-02 15:29:53,2026-08-02 21:24:56,2026-08-02 22:02:19,351,14,15.0,Queda de energia,Bateria do nobreak,Média,24,,,Encerrado
5440,2026-08-02 15:44:58,2026-08-03 19:25:30,2026-08-04 00:32:50,394,11,18.0,Falha de equipamento,Módulo óptico (SFP/QSFP),Baixa,48,,,Encerrado
5441,2026-08-02 18:37:01,2026-08-02 21:23:41,2026-08-02 22:47:26,100,4,16.0,Falha de equipamento,Switch,Alta,8,,,Encerrado
5442,2026-08-02 18:51:06,2026-08-03 09:59:46,2026-08-03 13:50:15,147,5,7.0,Falha de equipamento,Switch,Baixa,48,,,Encerrado
5443,2026-08-02 20:16:31,2026-08-03 00:31:01,2026-08-03 02:24:05,399,15,15.0,Falha de equipamento,Placa de interface,Alta,8,,,Encerrado
5444,2026-08-02 22:06:00,2026-08-03 02:07:58,2026-08-03 04:50:18,112,9,5.0,Atenuação alta,Conector sujo,Alta,8,1.86,8.8,Encerrado
5445,2026-08-03 00:17:26,2026-08-03 02:37:08,2026-08-03 08:27:50,398,9,5.0,Rompimento de fibra,Queda de árvore,Alta,8,5.18,36.8,Encerrado
5446,2026-08-03 00:25:58,2026-08-03 05:12:37,2026-08-03 05:59:30,331,14,9.0,Falha de equipamento,Switch,Média,24,,,Encerrado
5447,2026-08-03 01:07:50,,,39,15,,Atenuação alta,,Alta,8,2.56,1.5,Cancelado
5448,2026-08-03 02:22:01,2026-08-04 01:49:49,2026-08-04 04:02:02,300,10,17.0,Falha de equipamento,Placa de interface,Média,24,,,Encerrado
5449,2026-08-03 03:01:57,2026-08-03 04:11:50,2026-08-03 04:54:15,76,11,12.0,Queda de energia,Bateria do nobreak,Alta,8,,,Encerrado
5450,2026-08-03 08:26:17,2026-08-03 09:15:28,2026-08-03 10:15:39,117,6,1.0,Falha de equipamento,Módulo óptico (SFP/QSFP),Alta,8,,,Encerrado
5451,2026-08-03 09:25:19,2026-08-03 20:16:23,2026-08-03 20:38:31,157,12,15.0,Queda de energia,Disjuntor,Baixa,48,,,Encerrado
5452,2026-08-03 09:48:42,2026-08-03 11:00:42,2026-08-03 16:37:20,48,6,4.0,Furto/vandalismo de cabo,Vandalismo,Crítica,4,2.15,24.6,Encerrado
5453,2026-08-03 16:08:45,2026-08-03 17:22:52,2026-08-03 18:29:27,395,10,11.0,Queda de energia,Bateria do nobreak,Alta,8,,,Encerrado
5454,2026-08-03 17:28:16,2026-08-03 21:25:18,2026-08-03 23:15:24,177,8,2.0,Falha de equipamento,Fonte de alimentação,Média,24,,,Encerrado
5455,2026-08-03 17:37:55,2026-08-03 20:09:17,2026-08-03 21:21:30,233,15,9.0,Falha de equipamento,Placa de interface,Alta,8,,,Encerrado
5456,2026-08-03 18:47:46,2026-08-03 19:43:53,2026-08-04 01:47:54,2,11,9.0,Furto/vandalismo de cabo,Vandalismo,Crítica,4,2.73,31.2,Encerrado
5457,2026-08-03 23:24:34,2026-08-04 01:57:58,2026-08-04 02:35:15,369,3,7.0,Furto/vandalismo de cabo,Vandalismo,Crítica,4,6.0,20.2,Encerrado
5458,2026-08-04 05:23:29,2026-08-04 13:04:49,2026-08-04 17:14:24,81,10,17.0,Atenuação alta,Conector sujo,Média,24,3.03,7.4,Encerrado
5459,2026-08-04 07:01:34,2026-08-04 10:17:25,2026-08-04 11:27:48,210,1,10.0,Falha de equipamento,Módulo óptico (SFP/QSFP),Média,24,,,Encerrado
5460,2026-08-04 09:21:19,2026-08-04 14:57:40,2026-08-04 16:32:50,233,15,9.0,Falha de equipamento,Switch,Média,24,,,Encerrado
5461,2026-08-04 16:54:28,2026-08-04 19:01:16,2026-08-04 20:17:42,269,14,6.0,Configuração,Erro de configuração,Média,24,,,Encerrado
5462,2026-08-04 17:11:11,,,68,10,,Configuração,,Alta,8,,,Cancelado
5463,2026-08-04 20:15:51,2026-08-05 05:03:22,2026-08-05 06:01:47,294,13,18.0,Falha de equipamento,Switch,Média,24,,,Encerrado
5464,2026-08-05 02:11:05,2026-08-05 21:40:46,2026-08-05 23:24:00,43,12,18.0,Atenuação alta,Umidade na caixa de emenda,Média,24,5.21,8.4,Encerrado
5465,2026-08-05 04:07:21,2026-08-05 05:02:47,2026-08-05 12:06:49,194,3,10.0,Rompimento de fibra,Queda de árvore,Crítica,4,6.43,19.4,Encerrado
5466,2026-08-05 04:57:43,2026-08-05 06:05:48,2026-08-05 09:59:29,8,9,17.0,Falha de equipamento,Switch,Alta,8,,,Encerrado
5467,2026-08-05 09:22:53,2026-08-05 11:14:56,2026-08-05 13:47:50,114,2,7.0,Atenuação alta,Emenda degradada,Média,24,2.89,7.6,Encerrado
5468,2026-08-05 09:43:43,2026-08-05 10:56:15,2026-08-05 11:11:56,192,1,13.0,Furto/vandalismo de cabo,Vandalismo,Alta,8,4.42,37.9,Encerrado
5469,2026-08-05 12:43:52,2026-08-06 07:38:32,2026-08-06 09:05:51,285,16,15.0,Queda de energia,Bateria do nobreak,Baixa,48,,,Encerrado
5470,2026-08-05 13:29:33,2026-08-05 14:16:47,2026-08-05 15:48:45,21,3,1.0,Queda de energia,Falta de energia da concessionária,Alta,8,,,Encerrado
5471,2026-08-05 19:47:58,2026-08-05 20:25:42,2026-08-05 21:09:37,205,15,12.0,Configuração,Erro de configuração,Alta,8,,,Encerrado
5472,2026-08-06 00:20:35,2026-08-06 23:20:01,2026-08-07 00:32:48,205,15,12.0,Falha de equipamento,Placa de interface,Média,24,,,Encerrado
5473,2026-08-06 03:51:37,2026-08-06 06:23:17,2026-08-06 13:50:18,383,10,8.0,Rompimento de fibra,Queda de árvore,Alta,8,4.54,19.0,Encerrado
5474,2026-08-06 03:59:14,2026-08-06 08:37:55,2026-08-06 12:09:01,49,3,13.0,Atenuação alta,Emenda degradada,Média,24,4.75,1.7,Encerrado
5475,2026-08-06 07:45:18,2026-08-06 11:41:08,2026-08-06 13:59:31,86,6,10.0,Atenuação alta,Emenda degradada,Média,24,6.47,2.8,Encerrado
5476,2026-08-06 09:00:00,2026-08-06 09:46:04,2026-08-06 17:45:05,36,7,8.0,Rompimento de fibra,Queda de árvore,Crítica,4,2.04,31.1,Encerrado
5477,2026-08-06 12:01:54,2026-08-06 20:02:58,2026-08-06 21:25:54,66,8,17.0,Atenuação alta,Conector sujo,Média,24,7.29,6.0,Encerrado
5478,2026-08-06 14:44:32,2026-08-06 16:08:43,2026-08-06 19:09:53,311,6,1.0,Falha de equipamento,Switch,Alta,8,,,Encerrado
5479,2026-08-06 20:52:52,2026-08-06 22:32:42,2026-08-07 03:54:20,221,16,6.0,Rompimento de fibra,Acidente de trânsito (poste),Alta,8,1.49,31.2,Encerrado
5480,2026-08-06 23:23:30,2026-08-07 00:48:18,2026-08-07 08:07:58,94,8,17.0,Furto/vandalismo de cabo,Furto de cabo,Crítica,4,3.37,32.5,Encerrado
5481,2026-08-07 01:53:32,2026-08-07 03:04:00,2026-08-07 04:33:59,47,7,2.0,Atenuação alta,Conector sujo,Crítica,4,2.1,3.7,Encerrado
5482,2026-08-07 06:34:56,2026-08-07 19:59:34,2026-08-07 23:17:03,216,9,14.0,Atenuação alta,Curvatura excessiva,Média,24,4.51,3.9,Encerrado
5483,2026-08-07 13:45:36,2026-08-08 01:27:38,2026-08-08 07:05:58,369,4,7.0,Atenuação alta,Umidade na caixa de emenda,Média,24,11.02,4.6,Encerrado
5484,2026-08-07 14:48:36,,,186,15,,Rompimento de fibra,,Crítica,4,11.24,28.2,Cancelado
5485,2026-08-07 16:24:49,2026-08-08 12:39:28,2026-08-08 12:57:48,191,8,5.0,Configuração,Atualização de firmware,Baixa,48,,,Encerrado
5486,2026-08-07 22:32:09,2026-08-08 00:06:14,2026-08-08 01:24:16,89,8,11.0,Configuração,Atualização de firmware,Alta,8,,,Encerrado
5487,2026-08-07 23:36:29,2026-08-08 01:30:54,2026-08-08 08:12:39,72,9,5.0,Furto/vandalismo de cabo,Furto de cabo,Crítica,4,5.0,34.6,Encerrado
5488,2026-08-07 23:51:49,2026-08-08 03:17:16,2026-08-08 11:47:24,14,2,10.0,Furto/vandalismo de cabo,Vandalismo,Crítica,4,6.28,27.3,Encerrado
5489,2026-08-08 03:28:36,2026-08-09 21:44:39,2026-08-09 23:58:20,290,16,3.0,Configuração,Erro de configuração,Baixa,48,,,Encerrado
5490,2026-08-08 03:45:33,2026-08-08 05:44:22,2026-08-08 07:28:01,109,3,16.0,Rompimento de fibra,Queda de árvore,Crítica,4,6.02,27.2,Encerrado
5491,2026-08-08 05:45:05,2026-08-08 19:58:42,2026-08-09 02:15:24,335,1,10.0,Atenuação alta,Curvatura excessiva,Média,24,1.07,7.0,Encerrado
5492,2026-08-08 07:46:04,2026-08-08 15:49:46,2026-08-08 17:20:08,283,15,18.0,Queda de energia,Disjuntor,Média,24,,,Encerrado
5493,2026-08-08 07:46:44,2026-08-08 12:45:12,2026-08-08 14:02:03,210,1,4.0,Atenuação alta,Umidade na caixa de emenda,Alta,8,4.92,6.8,Encerrado
5494,2026-08-08 17:55:51,2026-08-08 22:00:11,2026-08-08 22:12:22,381,7,8.0,Atenuação alta,Curvatura excessiva,Alta,8,2.81,7.7,Encerrado
5495,2026-08-08 20:40:07,2026-08-08 21:50:48,2026-08-09 00:02:33,344,12,6.0,Atenuação alta,Conector sujo,Alta,8,5.27,7.3,Encerrado
5496,2026-08-09 03:06:31,2026-08-09 03:41:23,2026-08-09 07:42:09,324,12,12.0,Furto/vandalismo de cabo,Vandalismo,Alta,8,5.39,31.1,Encerrado
5497,2026-08-09 08:34:27,2026-08-09 08:38:23,2026-08-09 11:05:53,38,16,18.0,Rompimento de fibra,Obra de terceiros,Crítica,4,0.45,27.2,Encerrado
5498,2026-08-09 08:51:50,2026-08-09 09:13:43,2026-08-09 14:12:09,93,6,16.0,Rompimento de fibra,Queda de árvore,Crítica,4,11.58,35.0,Encerrado
5499,2026-08-09 14:16:50,2026-08-11 15:02:28,2026-08-11 16:48:25,338,14,9.0,Falha de equipamento,Switch,Baixa,48,,,Encerrado
5500,2026-08-09 16:29:40,2026-08-09 17:44:32,2026-08-09 18:43:07,129,4,13.0,Falha de equipamento,Switch,Alta,8,,,Encerrado
5501,2026-08-09 20:37:28,2026-08-09 23:56:43,2026-08-10 05:54:44,78,13,15.0,Rompimento de fibra,Obra de terceiros,Crítica,4,1.23,33.5,Encerrado
5502,2026-08-09 22:05:53,2026-08-09 22:13:15,2026-08-10 01:50:48,7,6,4.0,Atenuação alta,Conector sujo,Crítica,4,2.09,7.0,Encerrado
5503,2026-08-10 02:48:44,2026-08-10 22:30:42,2026-08-10 22:45:54,333,12,3.0,Falha de equipamento,Módulo óptico (SFP/QSFP),Média,24,,,Encerrado
5504,2026-08-10 05:45:15,2026-08-10 07:19:21,2026-08-10 08:45:24,231,4,10.0,Furto/vandalismo de cabo,Vandalismo,Alta,8,0.57,32.3,Encerrado
5505,2026-08-10 09:56:42,2026-08-10 10:30:01,2026-08-10 13:20:25,255,4,1.0,Falha de equipamento,Fonte de alimentação,Alta,8,,,Encerrado
5506,2026-08-10 15:17:17,2026-08-10 16:16:36,2026-08-11 01:48:04,223,13,15.0,Rompimento de fibra,Acidente de trânsito (poste),Alta,8,7.86,36.6,Encerrado
5507,2026-08-10 16:19:21,2026-08-10 18:54:35,2026-08-10 21:02:30,85,5,16.0,Queda de energia,Bateria do nobreak,Alta,8,,,Encerrado
5508,2026-08-10 17:05:36,2026-08-10 20:50:15,2026-08-10 23:47:44,156,5,13.0,Falha de equipamento,Módulo óptico (SFP/QSFP),Média,24,,,Encerrado
5509,2026-08-10 20:40:16,2026-08-10 21:19:36,2026-08-10 23:36:29,27,4,16.0,Queda de energia,Disjuntor,Crítica,4,,,Encerrado
5510,2026-08-10 23:38:22,2026-08-11 00:14:44,2026-08-11 01:39:08,23,12,6.0,Rompimento de fibra,Acidente de trânsito (poste),Crítica,4,8.28,22.7,Encerrado
5511,2026-08-11 01:26:24,2026-08-11 08:08:09,2026-08-11 10:15:19,297,2,10.0,Falha de equipamento,Switch,Média,24,,,Encerrado
5512,2026-08-11 02:56:16,2026-08-11 04:21:50,2026-08-11 13:09:57,19,8,17.0,Furto/vandalismo de cabo,Furto de cabo,Crítica,4,3.1,31.0,Encerrado
5513,2026-08-11 05:26:02,2026-08-11 13:03:33,2026-08-11 14:20:39,182,12,18.0,Queda de energia,Falta de energia da concessionária,Baixa,48,,,Encerrado
5514,2026-08-11 05:45:15,2026-08-11 06:04:40,2026-08-11 06:26:57,288,10,17.0,Falha de equipamento,Switch,Alta,8,,,Encerrado
5515,2026-08-11 08:51:11,2026-08-11 08:59:04,2026-08-11 14:51:42,25,7,17.0,Rompimento de fibra,Obra de terceiros,Crítica,4,1.44,37.7,Encerrado
5516,2026-08-11 09:44:13,2026-08-11 14:42:15,2026-08-11 16:58:08,377,11,12.0,Atenuação alta,Umidade na caixa de emenda,Média,24,8.5,4.6,Encerrado
5517,2026-08-11 10:52:32,2026-08-12 15:32:10,2026-08-12 16:02:11,212,8,17.0,Configuração,Erro de configuração,Baixa,48,,,Encerrado
5518,2026-08-11 15:59:24,2026-08-11 16:50:02,2026-08-11 17:22:30,228,10,11.0,Configuração,Atualização de firmware,Alta,8,,,Encerrado
5519,2026-08-11 16:45:03,2026-08-11 19:12:22,2026-08-11 20:03:23,297,1,10.0,Queda de energia,Disjuntor,Média,24,,,Encerrado
5520,2026-08-11 17:06:42,2026-08-11 19:39:49,2026-08-12 02:47:03,41,12,12.0,Rompimento de fibra,Queda de árvore,Crítica,4,5.06,32.0,Encerrado
5521,2026-08-11 18:01:28,2026-08-11 20:32:14,2026-08-11 22:22:46,203,10,5.0,Queda de energia,Disjuntor,Alta,8,,,Encerrado
5522,2026-08-11 20:27:43,2026-08-11 23:01:35,2026-08-12 03:08:01,196,15,6.0,Rompimento de fibra,Roedores,Alta,8,3.89,21.1,Encerrado
5523,2026-08-11 22:59:17,2026-08-12 05:04:54,2026-08-12 06:15:33,87,16,18.0,Falha de equipamento,Fonte de alimentação,Alta,8,,,Encerrado
5524,2026-08-12 02:41:15,2026-08-12 03:31:23,2026-08-12 06:20:16,382,14,12.0,Rompimento de fibra,Acidente de trânsito (poste),Crítica,4,5.21,20.6,Encerrado
5525,2026-08-12 07:12:31,2026-08-12 15:01:54,2026-08-12 19:11:12,269,15,9.0,Atenuação alta,Conector sujo,Média,24,2.13,6.5,Encerrado
5526,2026-08-12 08:12:51,2026-08-12 08:45:21,2026-08-12 11:58:35,141,14,15.0,Falha de equipamento,Módulo óptico (SFP/QSFP),Alta,8,,,Encerrado
5527,2026-08-12 11:37:53,2026-08-12 13:54:50,2026-08-12 19:57:06,383,10,17.0,Atenuação alta,Umidade na caixa de emenda,Média,24,5.0,5.2,Encerrado
5528,2026-08-12 11:47:44,2026-08-12 12:23:21,2026-08-12 13:58:57,249,3,16.0,Falha de equipamento,Fonte de alimentação,Alta,8,,,Encerrado
5529,2026-08-12 12:49:33,2026-08-13 02:00:51,2026-08-13 09:19:14,212,9,2.0,Atenuação alta,Curvatura excessiva,Baixa,48,2.83,5.3,Encerrado
5530,2026-08-12 15:05:03,2026-08-12 18:44:46,2026-08-12 22:25:48,277,3,7.0,Rompimento de fibra,Acidente de trânsito (poste),Alta,8,3.69,37.7,Encerrado
5531,2026-08-12 18:44:53,2026-08-13 08:31:12,2026-08-13 12:03:47,162,2,16.0,Atenuação alta,Curvatura excessiva,Média,24,5.25,4.1,Encerrado
5532,2026-08-12 23:13:47,2026-08-13 00:14:08,2026-08-13 02:01:27,274,14,3.0,Rompimento de fibra,Roedores,Alta,8,2.91,36.4,Encerrado
5533,2026-08-13 00:17:51,2026-08-14 21:56:49,2026-08-15 01:40:35,361,13,6.0,Atenuação alta,Curvatura excessiva,Baixa,48,3.36,5.3,Encerrado
5534,2026-08-13 01:48:17,2026-08-13 06:40:22,2026-08-13 13:10:37,398,9,5.0,Atenuação alta,Curvatura excessiva,Alta,8,1.03,8.7,Encerrado
5535,2026-08-13 03:40:10,2026-08-13 10:55:22,2026-08-13 13:14:16,122,15,12.0,Rompimento de fibra,Obra de terceiros,Alta,8,1.58,30.1,Encerrado
5536,2026-08-13 03:55:41,2026-08-13 05:40:34,2026-08-13 07:41:02,119,14,12.0,Falha de equipamento,Placa de interface,Alta,8,,,Encerrado
5537,2026-08-13 04:59:26,2026-08-13 05:22:49,2026-08-13 07:01:21,231,3,7.0,Queda de energia,Falta de energia da concessionária,Média,24,,,Encerrado
5538,2026-08-13 08:28:41,2026-08-13 08:52:22,2026-08-13 09:08:46,103,4,16.0,Falha de equipamento,Switch,Alta,8,,,Encerrado
5539,2026-08-13 12:55:55,2026-08-13 16:41:15,2026-08-13 17:19:26,378,10,5.0,Configuração,Atualização de firmware,Média,24,,,Encerrado
5540,2026-08-13 14:38:41,2026-08-13 15:02:30,2026-08-13 21:23:27,124,6,10.0,Rompimento de fibra,Acidente de trânsito (poste),Crítica,4,1.62,37.2,Encerrado
5541,2026-08-13 15:10:01,2026-08-14 01:38:33,2026-08-14 04:45:40,328,15,3.0,Falha de equipamento,Placa de interface,Média,24,,,Encerrado
5542,2026-08-13 17:36:43,2026-08-13 18:10:06,2026-08-14 01:24:01,278,15,9.0,Furto/vandalismo de cabo,Vandalismo,Crítica,4,1.05,25.6,Encerrado
5543,2026-08-13 17:40:41,2026-08-13 18:33:27,2026-08-13 19:50:56,8,8,8.0,Falha de equipamento,Módulo óptico (SFP/QSFP),Crítica,4,,,Encerrado
5544,2026-08-13 23:49:44,2026-08-14 00:20:09,2026-08-14 13:22:23,89,7,14.0,Furto/vandalismo de cabo,Vandalismo,Crítica,4,6.59,35.7,Encerrado
5545,2026-08-14 03:42:51,2026-08-14 04:48:47,2026-08-14 09:16:21,66,9,14.0,Atenuação alta,Conector sujo,Alta,8,4.85,7.2,Encerrado
5546,2026-08-14 17:05:25,2026-08-14 18:08:48,2026-08-15 00:05:59,98,1,1.0,Falha de equipamento,Fonte de alimentação,Alta,8,,,Encerrado
5547,2026-08-14 18:25:35,2026-08-15 03:33:52,2026-08-15 04:03:07,123,6,13.0,Atenuação alta,Curvatura excessiva,Média,24,21.21,2.2,Encerrado
5548,2026-08-14 20:12:05,2026-08-14 20:52:18,2026-08-15 01:00:35,315,2,7.0,Atenuação alta,Conector sujo,Alta,8,8.28,3.0,Encerrado
5549,2026-08-14 22:56:48,2026-08-15 00:44:01,2026-08-15 03:03:25,37,1,7.0,Atenuação alta,Conector sujo,Crítica,4,4.64,2.7,Encerrado
5550,2026-08-15 00:48:53,2026-08-15 08:20:07,2026-08-15 14:58:02,344,12,15.0,Atenuação alta,Conector sujo,Baixa,48,0.26,5.6,Encerrado
5551,2026-08-15 00:52:16,2026-08-15 00:55:50,2026-08-15 11:06:30,66,9,17.0,Rompimento de fibra,Acidente de trânsito (poste),Crítica,4,3.26,21.2,Encerrado
5552,2026-08-15 02:36:36,2026-08-15 06:39:20,2026-08-15 10:44:47,226,10,2.0,Atenuação alta,Umidade na caixa de emenda,Média,24,3.56,8.6,Encerrado
5553,2026-08-15 06:29:38,2026-08-15 23:16:08,2026-08-16 01:06:26,262,10,8.0,Falha de equipamento,Módulo óptico (SFP/QSFP),Baixa,48,,,Encerrado
5554,2026-08-15 16:16:39,2026-08-15 21:29:43,2026-08-15 23:03:30,49,4,7.0,Falha de equipamento,Módulo óptico (SFP/QSFP),Média,24,,,Encerrado
5555,2026-08-15 19:16:26,2026-08-16 04:09:33,2026-08-16 06:59:42,317,13,15.0,Rompimento de fibra,Roedores,Alta,8,3.32,26.9,Encerrado
5556,2026-08-15 20:46:14,2026-08-15 22:59:10,2026-08-16 04:23:13,109,3,4.0,Furto/vandalismo de cabo,Vandalismo,Crítica,4,6.72,37.9,Encerrado
5557,2026-08-15 21:57:51,2026-08-16 03:38:28,2026-08-16 04:44:50,201,1,7.0,Falha de equipamento,Fonte de alimentação,Média,24,,,Encerrado
5558,2026-08-15 22:07:17,2026-08-16 01:27:15,2026-08-16 02:29:41,382,14,6.0,Falha de equipamento,Switch,Média,24,,,Encerrado
5559,2026-08-16 00:31:43,2026-08-17 08:15:39,2026-08-17 11:21:06,266,7,17.0,Atenuação alta,Emenda degradada,Baixa,48,1.71,1.6,Encerrado
5560,2026-08-16 04:27:41,2026-08-16 23:24:05,2026-08-17 04:58:04,193,7,8.0,Atenuação alta,Umidade na caixa de emenda,Média,24,10.38,8.4,Encerrado
5561,2026-08-16 04:46:28,2026-08-16 07:17:55,2026-08-16 08:25:43,93,6,1.0,Configuração,Atualização de firmware,Alta,8,,,Encerrado
5562,2026-08-16 05:46:22,2026-08-16 09:14:12,2026-08-16 09:48:04,6,1,7.0,Queda de energia,Falta de energia da concessionária,Média,24,,,Encerrado
5563,2026-08-16 07:26:10,2026-08-16 09:49:24,2026-08-16 13:53:27,71,12,15.0,Queda de energia,Falta de energia da concessionária,Alta,8,,,Encerrado
5564,2026-08-16 08:34:58,2026-08-16 09:29:34,2026-08-16 12:53:38,287,16,3.0,Rompimento de fibra,Roedores,Crítica,4,2.58,32.3,Encerrado
5565,2026-08-16 08:36:01,2026-08-16 17:02:23,2026-08-16 17:34:22,352,2,16.0,Queda de energia,Falta de energia da concessionária,Média,24,,,Encerrado
5566,2026-08-16 11:39:59,2026-08-16 17:38:31,2026-08-16 20:09:03,250,7,5.0,Rompimento de fibra,Obra de terceiros,Alta,8,4.84,18.6,Encerrado
5567,2026-08-16 13:48:49,2026-08-16 15:28:48,2026-08-16 20:15:24,193,7,5.0,Rompimento de fibra,Roedores,Alta,8,0.89,19.6,Encerrado
5568,2026-08-16 14:08:29,2026-08-16 20:35:02,2026-08-17 00:20:05,192,1,10.0,Falha de equipamento,Módulo óptico (SFP/QSFP),Média,24,,,Encerrado
5569,2026-08-16 15:16:28,2026-08-16 16:18:57,2026-08-16 23:17:46,188,15,18.0,Rompimento de fibra,Acidente de trânsito (poste),Crítica,4,5.82,30.9,Encerrado
5570,2026-08-16 16:22:19,2026-08-16 17:12:59,2026-08-17 00:17:57,202,15,6.0,Rompimento de fibra,Obra de terceiros,Alta,8,3.25,39.5,Encerrado
5571,2026-08-16 20:00:43,2026-08-17 15:35:42,2026-08-17 16:30:23,149,7,2.0,Falha de equipamento,Fonte de alimentação,Média,24,,,Encerrado
5572,2026-08-16 21:21:15,2026-08-18 18:19:35,2026-08-18 19:34:47,387,6,16.0,Falha de equipamento,Placa de interface,Baixa,48,,,Encerrado
5573,2026-08-16 21:55:32,2026-08-16 23:45:05,2026-08-17 01:11:53,233,15,15.0,Falha de equipamento,Placa de interface,Alta,8,,,Encerrado
5574,2026-08-17 01:30:03,2026-08-17 12:26:30,2026-08-17 16:08:47,82,6,1.0,Atenuação alta,Conector sujo,Média,24,5.73,6.6,Encerrado
5575,2026-08-17 02:42:23,2026-08-17 17:55:21,2026-08-18 01:25:07,276,13,3.0,Atenuação alta,Conector sujo,Média,24,11.8,7.5,Encerrado
5576,2026-08-17 03:44:20,2026-08-17 04:10:10,2026-08-17 07:21:25,381,9,5.0,Furto/vandalismo de cabo,Vandalismo,Alta,8,5.03,19.0,Encerrado
5577,2026-08-17 04:31:34,2026-08-18 05:43:52,2026-08-18 07:38:45,295,6,7.0,Queda de energia,Falta de energia da concessionária,Baixa,48,,,Encerrado
5578,2026-08-17 05:03:36,2026-08-17 13:48:41,2026-08-17 19:51:41,146,15,6.0,Atenuação alta,Curvatura excessiva,Média,24,3.14,7.5,Encerrado
5579,2026-08-17 12:10:57,2026-08-17 13:29:37,2026-08-17 14:39:39,79,9,8.0,Falha de equipamento,Módulo óptico (SFP/QSFP),Alta,8,,,Encerrado
5580,2026-08-17 14:47:27,2026-08-17 14:59:12,2026-08-17 16:46:48,168,1,13.0,Rompimento de fibra,Acidente de trânsito (poste),Crítica,4,2.85,32.4,Encerrado
5581,2026-08-17 20:25:00,2026-08-17 21:03:37,2026-08-18 02:29:36,52,12,6.0,Rompimento de fibra,Queda de árvore,Crítica,4,3.84,33.6,Encerrado
5582,2026-08-17 22:17:18,2026-08-17 23:28:04,2026-08-18 07:10:12,190,5,1.0,Rompimento de fibra,Roedores,Crítica,4,3.1,18.6,Encerrado
5583,2026-08-17 23:29:31,2026-08-17 23:41:04,2026-08-18 00:57:45,212,7,11.0,Queda de energia,Falta de energia da concessionária,Média,24,,,Encerrado
5584,2026-08-18 03:22:37,2026-08-18 03:45:20,2026-08-18 04:54:07,11,6,13.0,Rompimento de fibra,Roedores,Crítica,4,7.24,19.7,Encerrado
5585,2026-08-18 07:09:09,2026-08-18 07:30:03,2026-08-18 11:10:29,169,12,9.0,Rompimento de fibra,Roedores,Crítica,4,0.57,27.4,Encerrado
5586,2026-08-18 09:32:56,2026-08-18 10:05:38,2026-08-18 12:03:29,31,4,7.0,Atenuação alta,Umidade na caixa de emenda,Alta,8,1.0,8.7,Encerrado
5587,2026-08-18 11:15:14,2026-08-18 12:36:06,2026-08-18 15:51:46,106,13,12.0,Furto/vandalismo de cabo,Furto de cabo,Crítica,4,2.77,18.5,Encerrado
5588,2026-08-18 12:22:43,2026-08-18 12:40:58,2026-08-18 20:11:27,17,1,10.0,Rompimento de fibra,Roedores,Crítica,4,4.59,27.9,Encerrado
5589,2026-08-18 17:37:01,2026-08-18 19:46:16,2026-08-18 21:37:57,39,15,6.0,Falha de equipamento,Fonte de alimentação,Alta,8,,,Encerrado
5590,2026-08-18 19:01:22,2026-08-18 22:48:34,2026-08-19 03:12:47,263,16,12.0,Atenuação alta,Conector sujo,Média,24,9.91,4.2,Encerrado
5591,2026-08-18 22:22:36,2026-08-18 22:44:57,2026-08-19 04:03:23,135,1,1.0,Rompimento de fibra,Obra de terceiros,Crítica,4,3.97,34.1,Encerrado
5592,2026-08-18 23:12:00,2026-08-19 00:35:54,2026-08-19 05:13:37,71,12,18.0,Atenuação alta,Curvatura excessiva,Alta,8,12.73,2.1,Encerrado
5593,2026-08-18 23:44:11,2026-08-19 02:07:14,2026-08-19 05:43:18,300,10,2.0,Rompimento de fibra,Acidente de trânsito (poste),Crítica,4,7.28,32.3,Encerrado
5594,2026-08-19 01:40:39,,,339,10,,Furto/vandalismo de cabo,,Crítica,4,6.52,30.9,Cancelado
5595,2026-08-19 01:48:26,2026-08-20 12:00:39,2026-08-20 14:00:26,244,12,12.0,Falha de equipamento,Switch,Baixa,48,,,Encerrado
5596,2026-08-19 02:42:38,2026-08-19 03:42:49,2026-08-19 12:44:24,89,8,8.0,Furto/vandalismo de cabo,Furto de cabo,Crítica,4,2.54,31.7,Encerrado
5597,2026-08-19 02:48:15,2026-08-19 03:09:49,2026-08-19 10:44:40,387,6,7.0,Rompimento de fibra,Obra de terceiros,Crítica,4,8.98,35.0,Encerrado
5598,2026-08-19 04:21:19,2026-08-19 07:38:09,2026-08-19 08:17:31,173,11,3.0,Configuração,Atualização de firmware,Alta,8,,,Encerrado
5599,2026-08-19 06:54:35,2026-08-19 08:09:33,2026-08-19 14:59:23,40,15,12.0,Rompimento de fibra,Queda de árvore,Crítica,4,2.44,30.3,Encerrado
5600,2026-08-19 06:58:51,2026-08-19 07:20:42,2026-08-19 10:33:57,13,10,2.0,Configuração,Atualização de firmware,Alta,8,,,Encerrado
5601,2026-08-19 07:22:29,2026-08-19 08:14:19,2026-08-19 16:04:43,8,7,8.0,Furto/vandalismo de cabo,Vandalismo,Crítica,4,8.01,28.8,Encerrado
5602,2026-08-19 10:42:22,2026-08-19 19:49:51,2026-08-19 21:09:34,334,15,18.0,Atenuação alta,Emenda degradada,Baixa,48,0.46,8.6,Encerrado
5603,2026-08-19 11:14:51,2026-08-19 15:52:19,2026-08-19 16:49:44,396,1,13.0,Falha de equipamento,Switch,Média,24,,,Encerrado
5604,2026-08-19 15:45:05,2026-08-19 20:07:46,2026-08-20 04:36:03,179,14,15.0,Furto/vandalismo de cabo,Furto de cabo,Alta,8,0.92,37.9,Encerrado
5605,2026-08-19 18:48:23,2026-08-20 12:44:39,2026-08-20 16:31:54,321,16,9.0,Atenuação alta,,Baixa,48,4.33,3.3,Encerrado
5606,2026-08-19 18:54:17,2026-08-19 19:39:56,2026-08-19 23:06:07,20,16,18.0,Rompimento de fibra,Obra de terceiros,Crítica,4,2.64,24.5,Encerrado
5607,2026-08-19 19:53:45,2026-08-19 20:58:36,2026-08-20 02:38:16,191,7,5.0,Rompimento de fibra,Queda de árvore,Alta,8,1.12,24.7,Encerrado
5608,2026-08-19 23:22:16,2026-08-20 00:02:36,2026-08-20 04:06:44,350,5,1.0,Rompimento de fibra,Obra de terceiros,Crítica,4,4.71,27.7,Encerrado
5609,2026-08-20 03:06:26,2026-08-20 04:58:23,2026-08-20 05:18:19,364,16,18.0,Configuração,Erro de configuração,Alta,8,,,Encerrado
5610,2026-08-20 04:26:00,2026-08-20 10:57:39,2026-08-20 12:08:35,84,12,9.0,Queda de energia,Disjuntor,Média,24,,,Encerrado
5611,2026-08-20 08:47:02,2026-08-20 10:16:31,2026-08-20 19:31:03,62,16,3.0,Rompimento de fibra,Obra de terceiros,Crítica,4,5.73,33.3,Encerrado
5612,2026-08-20 11:31:01,2026-08-20 13:34:57,2026-08-20 17:18:34,193,8,11.0,Atenuação alta,Curvatura excessiva,Média,24,2.68,5.8,Encerrado
5613,2026-08-20 17:52:06,,,51,6,,Queda de energia,,Média,24,,,Cancelado
5614,2026-08-20 21:06:05,2026-08-20 23:59:00,2026-08-21 03:48:59,398,8,5.0,Atenuação alta,Conector sujo,Média,24,0.58,4.6,Encerrado
5615,2026-08-20 22:01:00,2026-08-21 07:28:15,2026-08-21 08:40:04,353,1,1.0,Falha de equipamento,Placa de interface,Baixa,48,,,Encerrado
5616,2026-08-20 22:25:39,2026-08-22 06:34:17,2026-08-22 10:36:49,287,16,12.0,Atenuação alta,Emenda degradada,Baixa,48,2.51,3.6,Encerrado
5617,2026-08-21 02:53:13,2026-08-21 06:51:59,2026-08-21 13:22:52,222,5,4.0,Atenuação alta,Curvatura excessiva,Baixa,48,6.06,6.4,Encerrado
5618,2026-08-21 03:42:48,2026-08-21 05:55:35,2026-08-21 13:22:11,248,11,6.0,Furto/vandalismo de cabo,Furto de cabo,Alta,8,4.94,32.7,Encerrado
5619,2026-08-21 04:24:23,2026-08-21 07:17:45,2026-08-21 14:27:12,191,7,2.0,Rompimento de fibra,Roedores,Alta,8,2.43,19.3,Encerrado
5620,2026-08-21 08:03:23,2026-08-21 09:00:29,2026-08-21 10:16:25,48,6,16.0,Configuração,Atualização de firmware,Média,24,,,Encerrado
5621,2026-08-21 13:14:48,2026-08-21 13:55:49,2026-08-21 15:46:51,165,6,16.0,Rompimento de fibra,Obra de terceiros,Crítica,4,3.16,28.3,Encerrado
5622,2026-08-21 15:36:08,2026-08-22 06:29:21,2026-08-22 07:49:55,280,5,16.0,Queda de energia,Disjuntor,Baixa,48,,,Encerrado
5623,2026-08-21 17:08:38,2026-08-21 17:50:22,2026-08-21 23:10:54,60,1,7.0,Rompimento de fibra,Obra de terceiros,Crítica,4,7.28,28.4,Encerrado
5624,2026-08-21 18:35:03,2026-08-21 19:19:37,2026-08-21 22:54:46,23,11,3.0,Queda de energia,Bateria do nobreak,Crítica,4,,,Encerrado
5625,2026-08-21 20:32:36,2026-08-22 08:44:30,2026-08-22 09:32:39,275,16,15.0,Queda de energia,Falta de energia da concessionária,Média,24,,,Encerrado
5626,2026-08-22 01:45:54,2026-08-22 08:53:03,2026-08-22 10:56:50,371,6,7.0,Rompimento de fibra,Acidente de trânsito (poste),Alta,8,12.53,27.1,Encerrado
5627,2026-08-22 04:44:28,2026-08-22 05:31:24,2026-08-22 08:00:05,72,8,11.0,Furto/vandalismo de cabo,Vandalismo,Crítica,4,8.13,27.7,Encerrado
5628,2026-08-22 05:29:03,2026-08-22 07:35:53,2026-08-22 11:26:10,31,4,10.0,Atenuação alta,Conector sujo,Alta,8,4.19,2.7,Encerrado
5629,2026-08-22 06:36:27,2026-08-22 13:05:20,2026-08-22 16:45:29,21,4,1.0,Falha de equipamento,Fonte de alimentação,Alta,8,,,Encerrado
5630,2026-08-22 08:37:40,2026-08-22 17:22:00,2026-08-22 17:38:26,108,3,4.0,Configuração,Atualização de firmware,Alta,8,,,Encerrado
5631,2026-08-22 09:42:16,2026-08-22 11:41:43,2026-08-22 17:19:21,72,9,11.0,Falha de equipamento,Placa de interface,Crítica,4,,,Encerrado
5632,2026-08-22 15:15:20,2026-08-22 17:34:45,2026-08-22 20:05:00,248,12,6.0,Atenuação alta,Emenda degradada,Média,24,7.86,7.8,Encerrado
5633,2026-08-22 15:52:01,2026-08-22 16:19:30,2026-08-22 21:46:20,23,11,3.0,Rompimento de fibra,Acidente de trânsito (poste),Crítica,4,2.78,25.6,Encerrado
5634,2026-08-23 02:37:40,2026-08-23 11:45:06,2026-08-23 15:47:15,234,9,2.0,Atenuação alta,Curvatura excessiva,Média,24,3.2,2.4,Encerrado
5635,2026-08-23 03:10:53,2026-08-23 06:05:07,2026-08-23 08:42:22,233,15,3.0,Rompimento de fibra,Acidente de trânsito (poste),Alta,8,10.69,33.0,Encerrado
5636,2026-08-23 05:56:17,2026-08-23 08:32:20,2026-08-23 09:47:21,34,16,18.0,Falha de equipamento,Fonte de alimentação,Alta,8,,,Encerrado
5637,2026-08-23 06:17:12,2026-08-23 10:16:28,2026-08-23 16:23:54,389,3,16.0,Queda de energia,Disjuntor,Alta,8,,,Encerrado
5638,2026-08-23 07:04:56,2026-08-23 11:49:46,2026-08-23 15:47:55,265,14,6.0,Rompimento de fibra,Acidente de trânsito (poste),Alta,8,4.28,32.5,Encerrado
5639,2026-08-23 10:40:06,2026-08-26 06:52:28,2026-08-26 08:42:19,191,7,8.0,Atenuação alta,Umidade na caixa de emenda,Baixa,48,18.52,7.2,Encerrado
5640,2026-08-23 11:42:02,,,381,8,,Configuração,,Média,24,,,Cancelado
5641,2026-08-23 23:26:55,2026-08-24 01:57:30,2026-08-24 02:47:03,122,14,15.0,Atenuação alta,Emenda degradada,Média,24,2.44,4.6,Encerrado
5642,2026-08-24 06:17:53,2026-08-24 08:20:04,2026-08-24 10:16:20,97,10,14.0,Configuração,Erro de configuração,Alta,8,,,Encerrado
5643,2026-08-24 09:56:43,2026-08-24 17:03:55,2026-08-24 17:26:13,139,13,3.0,Configuração,Erro de configuração,Média,24,,,Encerrado
5644,2026-08-24 10:32:41,2026-08-24 16:10:12,2026-08-24 17:07:18,263,16,3.0,Falha de equipamento,Módulo óptico (SFP/QSFP),Média,24,,,Encerrado
5645,2026-08-24 11:41:59,2026-08-24 12:11:51,2026-08-24 17:09:03,60,2,10.0,Rompimento de fibra,Obra de terceiros,Crítica,4,4.62,37.2,Encerrado
5646,2026-08-24 12:20:34,2026-08-24 18:52:13,2026-08-24 21:51:32,223,13,6.0,Atenuação alta,Umidade na caixa de emenda,Média,24,4.91,2.0,Encerrado
5647,2026-08-24 16:02:14,2026-08-24 18:12:36,2026-08-24 18:50:42,170,5,4.0,Queda de energia,Disjuntor,Alta,8,,,Encerrado
5648,2026-08-24 16:40:28,2026-08-24 17:06:56,2026-08-24 21:41:05,60,2,4.0,Rompimento de fibra,Queda de árvore,Crítica,4,2.05,29.4,Encerrado
5649,2026-08-24 22:15:48,,,235,11,,Atenuação alta,,Média,24,6.28,3.2,Cancelado
5650,2026-08-25 01:58:41,2026-08-25 04:10:56,2026-08-25 08:11:42,80,14,12.0,Falha de equipamento,Módulo óptico (SFP/QSFP),Alta,8,,,Encerrado
5651,2026-08-25 07:45:07,2026-08-25 08:01:12,2026-08-25 10:42:24,115,15,12.0,Rompimento de fibra,Queda de árvore,Crítica,4,1.45,18.7,Encerrado
5652,2026-08-25 08:48:36,2026-08-25 14:20:38,2026-08-25 18:50:00,256,13,15.0,Atenuação alta,Umidade na caixa de emenda,Média,24,1.27,8.9,Encerrado
5653,2026-08-25 11:03:39,2026-08-25 11:43:56,2026-08-25 15:22:21,73,1,1.0,Rompimento de fibra,Queda de árvore,Crítica,4,5.44,25.9,Encerrado
5654,2026-08-25 12:40:20,2026-08-25 13:51:59,2026-08-25 15:03:28,238,15,18.0,Rompimento de fibra,Acidente de trânsito (poste),Alta,8,5.76,33.7,Encerrado
5655,2026-08-25 14:17:06,2026-08-25 18:41:21,2026-08-25 21:02:35,187,5,4.0,Falha de equipamento,Fonte de alimentação,Alta,8,,,Encerrado
5656,2026-08-25 14:36:07,2026-08-26 13:39:41,2026-08-26 17:24:34,386,14,12.0,Falha de equipamento,Placa de interface,Baixa,48,,,Encerrado
5657,2026-08-25 14:37:25,2026-08-25 15:09:11,2026-08-25 16:02:58,14,2,10.0,Rompimento de fibra,Roedores,Crítica,4,9.71,36.8,Encerrado
5658,2026-08-25 15:35:03,,,154,10,,Atenuação alta,,Média,24,8.19,3.2,Cancelado
5659,2026-08-25 17:44:42,2026-08-25 19:00:30,2026-08-26 01:32:36,132,4,7.0,Rompimento de fibra,Queda de árvore,Alta,8,5.79,28.9,Encerrado
5660,2026-08-26 04:17:36,2026-08-26 06:23:18,2026-08-26 18:11:34,231,3,4.0,Rompimento de fibra,Obra de terceiros,Crítica,4,3.57,18.1,Encerrado
5661,2026-08-26 05:02:39,2026-08-26 09:58:31,2026-08-26 15:51:22,154,10,14.0,Rompimento de fibra,Roedores,Alta,8,0.13,21.3,Encerrado
5662,2026-08-26 09:37:42,2026-08-26 11:02:34,2026-08-26 14:33:51,344,11,3.0,Rompimento de fibra,Roedores,Alta,8,2.1,29.8,Encerrado
5663,2026-08-26 18:20:46,2026-08-26 19:53:30,2026-08-26 20:33:25,40,14,6.0,Atenuação alta,Emenda degradada,Alta,8,12.19,3.3,Encerrado
5664,2026-08-26 21:37:47,2026-08-26 22:15:16,2026-08-26 23:16:33,337,14,12.0,Rompimento de fibra,Obra de terceiros,Crítica,4,4.16,20.4,Encerrado
5665,2026-08-26 21:51:38,,,235,12,,Atenuação alta,,Média,24,6.92,8.6,Cancelado
5666,2026-08-26 23:52:49,2026-08-27 12:09:40,2026-08-27 13:07:10,266,7,17.0,Queda de energia,Disjuntor,Média,24,,,Encerrado
5667,2026-08-27 01:51:42,2026-08-27 04:26:35,2026-08-27 11:21:20,284,10,8.0,Furto/vandalismo de cabo,Furto de cabo,Alta,8,3.62,38.5,Encerrado
5668,2026-08-27 04:14:26,2026-08-28 00:54:25,2026-08-28 02:54:35,371,6,13.0,Atenuação alta,Curvatura excessiva,Média,24,6.51,3.1,Encerrado
5669,2026-08-27 04:38:31,2026-08-27 05:12:45,2026-08-27 06:32:34,215,10,11.0,Atenuação alta,Umidade na caixa de emenda,Alta,8,9.82,2.6,Encerrado
5670,2026-08-27 04:56:25,2026-08-27 05:51:44,2026-08-27 08:50:50,135,1,10.0,Rompimento de fibra,Queda de árvore,Crítica,4,1.05,32.2,Encerrado
5671,2026-08-27 08:15:57,2026-08-27 16:39:36,2026-08-27 18:07:32,390,13,15.0,Falha de equipamento,Switch,Baixa,48,,,Encerrado
5672,2026-08-27 08:30:11,2026-08-27 09:44:10,2026-08-27 10:58:33,31,4,1.0,Falha de equipamento,Placa de interface,Crítica,4,,,Encerrado
5673,2026-08-27 08:37:38,2026-08-27 09:02:40,2026-08-27 10:46:42,104,4,13.0,Falha de equipamento,Fonte de alimentação,Crítica,4,,,Encerrado
5674,2026-08-27 12:45:25,2026-08-27 17:08:54,2026-08-27 20:31:08,385,6,7.0,Atenuação alta,Conector sujo,Média,24,1.95,6.3,Encerrado
5675,2026-08-27 14:15:44,2026-08-27 17:40:05,2026-08-27 19:11:02,246,10,11.0,Falha de equipamento,Módulo óptico (SFP/QSFP),Média,24,,,Encerrado
5676,2026-08-27 14:47:11,2026-08-27 15:15:20,2026-08-28 00:26:17,206,10,11.0,Rompimento de fibra,Queda de árvore,Alta,8,2.14,27.6,Encerrado
5677,2026-08-27 15:55:04,2026-08-27 16:09:23,2026-08-27 22:14:06,206,10,8.0,Rompimento de fibra,Obra de terceiros,Crítica,4,7.1,36.9,Encerrado
5678,2026-08-27 16:47:40,,,126,15,,Falha de equipamento,,Baixa,48,,,Cancelado
5679,2026-08-27 16:53:04,2026-08-27 21:05:12,2026-08-27 22:47:08,196,14,3.0,Falha de equipamento,Switch,Média,24,,,Encerrado
5680,2026-08-27 17:20:26,2026-08-27 18:39:06,2026-08-27 22:49:27,253,7,2.0,Atenuação alta,Conector sujo,Média,24,7.21,4.2,Encerrado
5681,2026-08-27 17:49:02,2026-08-27 22:19:53,2026-08-28 02:26:30,153,13,9.0,Atenuação alta,Emenda degradada,Alta,8,2.04,4.8,Encerrado
5682,2026-08-27 20:17:24,2026-08-27 21:47:36,2026-08-28 04:33:01,342,2,7.0,Rompimento de fibra,Queda de árvore,Alta,8,0.66,36.7,Encerrado
5683,2026-08-28 01:05:58,2026-08-28 02:05:56,2026-08-28 04:49:33,234,7,17.0,Rompimento de fibra,Acidente de trânsito (poste),Alta,8,11.22,26.4,Encerrado
5684,2026-08-28 01:44:52,2026-08-28 13:58:35,2026-08-28 15:42:21,249,3,10.0,Queda de energia,Disjuntor,Média,24,,,Encerrado
5685,2026-08-28 03:39:42,2026-08-28 10:05:14,2026-08-28 12:26:47,291,5,16.0,Falha de equipamento,Placa de interface,Média,24,,,Encerrado
5686,2026-08-28 10:56:42,2026-08-28 13:13:13,2026-08-28 14:25:16,249,3,10.0,Atenuação alta,Emenda degradada,Média,24,1.99,7.5,Encerrado
5687,2026-08-28 14:03:16,2026-08-28 14:32:57,2026-08-28 17:08:29,81,10,8.0,Rompimento de fibra,Obra de terceiros,Crítica,4,4.83,28.0,Encerrado
5688,2026-08-28 15:59:56,2026-08-28 16:20:07,2026-08-28 23:13:19,316,13,9.0,Rompimento de fibra,Queda de árvore,Crítica,4,1.75,31.3,Encerrado
5689,2026-08-28 16:08:54,2026-08-28 16:36:10,2026-08-28 18:06:12,367,5,16.0,Falha de equipamento,Placa de interface,Alta,8,,,Encerrado
5690,2026-08-28 23:37:20,2026-08-29 02:30:46,2026-08-29 07:31:13,7,6,7.0,Atenuação alta,Conector sujo,Alta,8,5.36,4.3,Encerrado
5691,2026-08-29 00:24:15,2026-08-29 01:29:17,2026-08-29 03:48:12,189,16,15.0,Rompimento de fibra,Obra de terceiros,Crítica,4,1.57,23.4,Encerrado
5692,2026-08-29 00:34:59,2026-08-29 02:12:36,2026-08-29 04:29:49,31,3,1.0,Atenuação alta,Curvatura excessiva,Crítica,4,9.57,2.0,Encerrado
5693,2026-08-29 01:03:20,2026-08-29 03:08:13,2026-08-29 03:48:19,160,2,4.0,Queda de energia,Disjuntor,Alta,8,,,Encerrado
5694,2026-08-29 04:25:45,2026-08-29 04:53:18,2026-08-29 10:41:34,36,9,8.0,Furto/vandalismo de cabo,Vandalismo,Crítica,4,5.79,33.6,Encerrado
5695,2026-08-29 06:11:31,2026-08-29 07:08:47,2026-08-29 11:03:36,322,12,9.0,Furto/vandalismo de cabo,Furto de cabo,Crítica,4,4.03,31.7,Encerrado
5696,2026-08-29 07:57:37,2026-08-29 09:01:33,2026-08-29 11:14:12,120,11,6.0,Falha de equipamento,Módulo óptico (SFP/QSFP),Alta,8,,,Encerrado
5697,2026-08-29 09:07:00,,,310,5,,Rompimento de fibra,,Alta,8,1.57,35.6,Cancelado
5698,2026-08-29 18:54:25,2026-08-31 12:29:37,2026-08-31 14:29:10,129,4,10.0,Falha de equipamento,Switch,Baixa,48,,,Encerrado
5699,2026-08-29 20:00:59,2026-08-29 21:10:10,2026-08-30 00:26:30,66,7,14.0,Rompimento de fibra,Acidente de trânsito (poste),Crítica,4,2.03,22.2,Encerrado
5700,2026-08-29 20:43:42,2026-08-30 16:34:38,2026-08-30 19:07:29,199,3,16.0,Falha de equipamento,Placa de interface,Baixa,48,,,Encerrado
5701,2026-08-29 21:21:50,2026-08-31 02:12:19,2026-08-31 02:57:41,199,4,1.0,Falha de equipamento,Switch,Média,24,,,Encerrado
5702,2026-08-29 23:12:26,2026-08-30 01:59:26,2026-08-30 03:55:34,91,4,7.0,Falha de equipamento,Fonte de alimentação,Alta,8,,,Encerrado
5703,2026-08-30 00:04:32,2026-08-30 00:22:40,2026-08-30 03:24:56,30,13,12.0,Furto/vandalismo de cabo,Vandalismo,Crítica,4,7.17,22.8,Encerrado
5704,2026-08-30 02:12:50,2026-08-30 03:38:05,2026-08-30 08:23:01,13,10,8.0,Furto/vandalismo de cabo,Vandalismo,Crítica,4,5.47,31.6,Encerrado
5705,2026-08-30 08:44:39,2026-08-30 10:16:23,2026-08-30 11:57:55,24,6,10.0,Furto/vandalismo de cabo,Vandalismo,Crítica,4,3.7,23.0,Encerrado
5706,2026-08-30 09:14:04,2026-08-30 10:21:47,2026-08-30 12:21:32,55,8,8.0,Rompimento de fibra,Queda de árvore,Crítica,4,0.65,23.5,Encerrado
5707,2026-08-30 10:40:37,,,223,13,,Queda de energia,,Baixa,48,,,Cancelado
5708,2026-08-30 15:58:08,2026-08-30 16:10:28,2026-08-30 20:40:06,100,3,4.0,Rompimento de fibra,Roedores,Crítica,4,2.34,25.1,Encerrado
5709,2026-08-30 16:38:24,2026-08-30 17:07:37,2026-08-30 22:57:22,66,9,2.0,Rompimento de fibra,Obra de terceiros,Crítica,4,11.6,19.7,Encerrado
5710,2026-08-31 01:47:13,2026-08-31 02:19:44,2026-08-31 06:41:57,66,9,5.0,Furto/vandalismo de cabo,Vandalismo,Crítica,4,6.67,18.5,Encerrado
5711,2026-08-31 07:29:56,2026-08-31 07:42:32,2026-08-31 09:12:14,284,10,14.0,Furto/vandalismo de cabo,Vandalismo,Crítica,4,3.19,18.2,Encerrado
5712,2026-08-31 08:46:54,2026-08-31 09:11:07,2026-08-31 10:32:19,22,1,7.0,Rompimento de fibra,Roedores,Crítica,4,1.87,34.0,Encerrado
5713,2026-08-31 09:34:20,2026-08-31 10:32:14,2026-08-31 13:04:27,342,2,16.0,Atenuação alta,Umidade na caixa de emenda,Alta,8,4.59,8.3,Encerrado
5714,2026-08-31 11:26:42,2026-08-31 13:14:03,2026-08-31 16:11:21,90,5,16.0,Queda de energia,Disjuntor,Alta,8,,,Encerrado
5715,2026-08-31 13:29:34,2026-08-31 17:06:31,2026-08-31 21:05:52,173,11,6.0,Falha de equipamento,Switch,Alta,8,,,Encerrado
5716,2026-08-31 17:17:54,2026-08-31 17:27:51,2026-09-01 02:28:03,75,10,17.0,Atenuação alta,Emenda degradada,Crítica,4,9.36,7.7,Encerrado
5717,2026-08-31 20:38:03,2026-08-31 21:32:46,2026-08-31 22:33:30,325,3,1.0,Atenuação alta,Emenda degradada,Alta,8,2.31,3.9,Encerrado
5718,2026-08-31 21:06:57,2026-09-01 09:59:34,2026-09-01 10:42:02,234,8,17.0,Falha de equipamento,Switch,Média,24,,,Encerrado
5719,2026-08-31 21:26:42,2026-08-31 22:07:39,2026-09-01 00:20:06,72,9,11.0,Furto/vandalismo de cabo,Vandalismo,Crítica,4,8.47,29.4,Encerrado
5720,2026-08-31 23:15:52,2026-08-31 23:23:41,2026-09-01 21:09:25,79,7,8.0,Rompimento de fibra,Acidente de trânsito (poste),Crítica,4,3.54,25.0,Encerrado
5721,2026-09-01 08:19:16,2026-09-01 17:27:39,2026-09-01 18:03:12,246,10,2.0,Falha de equipamento,Fonte de alimentação,Média,24,,,Encerrado
5722,2026-09-01 13:41:14,2026-09-01 16:05:24,2026-09-01 19:49:35,277,4,7.0,Rompimento de fibra,Queda de árvore,Alta,8,11.69,38.4,Encerrado
5723,2026-09-01 13:58:37,2026-09-03 15:09:11,2026-09-03 16:19:18,128,16,18.0,Configuração,Erro de configuração,Baixa,48,,,Encerrado
5724,2026-09-01 19:18:47,2026-09-01 22:31:04,2026-09-01 22:51:38,231,3,7.0,Queda de energia,Disjuntor,Média,24,,,Encerrado
5725,2026-09-01 22:59:03,2026-09-02 01:49:20,2026-09-02 04:37:14,99,16,12.0,Falha de equipamento,Fonte de alimentação,Alta,8,,,Encerrado
5726,2026-09-02 00:10:12,2026-09-02 10:23:47,2026-09-02 14:17:58,248,12,3.0,Falha de equipamento,Fonte de alimentação,Média,24,,,Encerrado
5727,2026-09-02 03:05:47,2026-09-02 04:24:59,2026-09-02 05:00:18,24,6,4.0,Falha de equipamento,Módulo óptico (SFP/QSFP),Crítica,4,,,Encerrado
5728,2026-09-02 03:23:21,2026-09-02 04:01:54,2026-09-02 05:16:04,194,3,16.0,Queda de energia,Falta de energia da concessionária,Alta,8,,,Encerrado
5729,2026-09-02 06:53:07,2026-09-02 07:02:14,2026-09-02 10:59:34,168,2,10.0,Rompimento de fibra,Obra de terceiros,Crítica,4,7.2,38.9,Encerrado
5730,2026-09-02 08:25:42,2026-09-02 12:32:26,2026-09-02 17:10:47,224,4,16.0,Falha de equipamento,Switch,Baixa,48,,,Encerrado
5731,2026-09-02 11:06:09,2026-09-02 12:37:32,2026-09-02 14:41:12,155,12,12.0,Rompimento de fibra,Queda de árvore,Alta,8,2.81,26.7,Encerrado
5732,2026-09-02 13:14:24,2026-09-02 14:06:18,2026-09-02 15:27:57,150,9,2.0,Atenuação alta,Curvatura excessiva,Média,24,4.0,8.1,Encerrado
5733,2026-09-02 17:30:13,2026-09-02 22:56:46,2026-09-03 04:39:12,242,12,9.0,Atenuação alta,Umidade na caixa de emenda,Alta,8,5.46,9.0,Encerrado
5734,2026-09-03 02:11:30,2026-09-03 05:03:52,2026-09-03 10:18:00,44,2,4.0,Rompimento de fibra,Obra de terceiros,Crítica,4,9.3,38.8,Encerrado
5735,2026-09-03 03:06:28,2026-09-03 06:31:12,2026-09-03 07:27:35,386,14,12.0,Queda de energia,Falta de energia da concessionária,Média,24,,,Encerrado
5736,2026-09-03 07:00:44,2026-09-03 07:44:38,2026-09-03 09:00:46,59,6,16.0,Atenuação alta,Emenda degradada,Crítica,4,1.9,3.1,Encerrado
5737,2026-09-03 09:28:31,2026-09-03 13:47:44,2026-09-03 18:06:59,199,4,16.0,Falha de equipamento,Módulo óptico (SFP/QSFP),Média,24,,,Encerrado
5738,2026-09-03 09:59:32,2026-09-03 10:07:20,2026-09-03 11:36:56,102,16,15.0,Configuração,Erro de configuração,Crítica,4,,,Encerrado
5739,2026-09-03 10:06:12,2026-09-03 10:16:19,2026-09-03 13:36:37,116,11,9.0,Rompimento de fibra,Obra de terceiros,Crítica,4,8.78,21.6,Encerrado
5740,2026-09-03 10:32:39,2026-09-03 18:24:32,2026-09-03 22:07:07,41,11,18.0,Queda de energia,Disjuntor,Média,24,,,Encerrado
5741,2026-09-03 16:42:46,2026-09-04 06:31:21,2026-09-04 06:47:21,394,11,6.0,Configuração,Atualização de firmware,Baixa,48,,,Encerrado
5742,2026-09-03 23:14:12,2026-09-04 01:30:00,2026-09-04 08:31:52,160,2,13.0,Furto/vandalismo de cabo,Vandalismo,Crítica,4,8.3,18.8,Encerrado
5743,2026-09-03 23:56:25,2026-09-04 07:06:39,2026-09-04 08:35:10,193,7,17.0,Queda de energia,Falta de energia da concessionária,Média,24,,,Encerrado
5744,2026-09-04 00:34:00,2026-09-04 05:48:14,2026-09-04 11:29:05,56,5,1.0,Furto/vandalismo de cabo,Vandalismo,Crítica,4,3.45,39.0,Encerrado
5745,2026-09-04 01:57:28,2026-09-04 05:57:37,2026-09-04 10:42:31,292,16,9.0,Atenuação alta,Conector sujo,Média,24,4.93,1.7,Encerrado
5746,2026-09-04 08:13:44,2026-09-04 08:28:13,2026-09-04 11:53:10,101,1,1.0,Rompimento de fibra,Obra de terceiros,Crítica,4,6.51,36.6,Encerrado
5747,2026-09-04 08:51:31,2026-09-04 15:52:47,2026-09-04 17:49:20,220,6,1.0,Queda de energia,Falta de energia da concessionária,Baixa,48,,,Encerrado
5748,2026-09-04 11:34:10,2026-09-05 04:19:50,2026-09-05 06:42:39,349,14,15.0,Atenuação alta,Umidade na caixa de emenda,Baixa,48,1.17,5.6,Encerrado
5749,2026-09-04 18:30:45,2026-09-04 19:20:26,2026-09-04 20:38:54,193,7,14.0,Falha de equipamento,Fonte de alimentação,Alta,8,,,Encerrado
5750,2026-09-04 21:44:29,2026-09-04 22:37:15,2026-09-05 02:15:52,305,13,15.0,Rompimento de fibra,Acidente de trânsito (poste),Crítica,4,3.54,29.6,Encerrado
5751,2026-09-04 22:12:19,2026-09-04 22:35:48,2026-09-05 05:50:30,177,8,2.0,Furto/vandalismo de cabo,Vandalismo,Crítica,4,7.89,29.2,Encerrado
5752,2026-09-05 00:17:38,2026-09-05 03:34:31,2026-09-05 04:21:26,3,14,18.0,Falha de equipamento,Fonte de alimentação,Média,24,,,Encerrado
5753,2026-09-05 01:03:28,2026-09-05 04:53:30,2026-09-05 06:10:48,218,13,3.0,Atenuação alta,Curvatura excessiva,Média,24,3.2,4.3,Encerrado
5754,2026-09-05 04:03:37,2026-09-05 19:54:10,2026-09-05 21:43:52,335,1,4.0,Falha de equipamento,Switch,Baixa,48,,,Encerrado
5755,2026-09-05 08:26:46,2026-09-05 10:03:06,2026-09-05 11:05:40,119,15,3.0,Queda de energia,Falta de energia da concessionária,Crítica,4,,,Encerrado
5756,2026-09-05 12:47:54,2026-09-05 14:55:56,2026-09-05 18:16:20,217,10,17.0,Falha de equipamento,Módulo óptico (SFP/QSFP),Alta,8,,,Encerrado
5757,2026-09-05 17:41:36,2026-09-05 18:31:41,2026-09-05 21:27:07,108,4,13.0,Falha de equipamento,Switch,Crítica,4,,,Encerrado
5758,2026-09-05 19:03:40,2026-09-06 00:33:15,2026-09-06 02:42:44,156,5,4.0,Queda de energia,Falta de energia da concessionária,Alta,8,,,Encerrado
5759,2026-09-06 00:53:48,2026-09-06 01:47:04,2026-09-06 05:17:19,112,9,11.0,Furto/vandalismo de cabo,Furto de cabo,Crítica,4,2.48,26.6,Encerrado
5760,2026-09-06 01:23:01,2026-09-06 02:00:31,2026-09-06 09:46:30,25,7,17.0,Rompimento de fibra,Obra de terceiros,Crítica,4,1.48,38.2,Encerrado
5761,2026-09-06 10:10:56,2026-09-06 11:04:22,2026-09-06 14:23:09,330,12,3.0,Rompimento de fibra,Queda de árvore,Alta,8,5.66,22.9,Encerrado
5762,2026-09-06 12:43:34,2026-09-06 15:08:08,2026-09-06 16:53:14,71,11,9.0,Falha de equipamento,Fonte de alimentação,Alta,8,,,Encerrado
5763,2026-09-06 19:43:44,2026-09-06 20:12:11,2026-09-07 04:22:49,314,2,4.0,Rompimento de fibra,Roedores,Alta,8,9.14,19.3,Encerrado
5764,2026-09-06 22:40:17,2026-09-07 00:50:42,2026-09-07 01:21:05,2,11,12.0,Rompimento de fibra,Queda de árvore,Crítica,4,5.5,31.2,Encerrado
5765,2026-09-06 23:08:00,2026-09-07 04:03:14,2026-09-07 07:02:49,212,7,11.0,Atenuação alta,Umidade na caixa de emenda,Média,24,4.91,4.7,Encerrado
5766,2026-09-07 02:32:06,2026-09-07 04:08:53,2026-09-07 04:22:53,249,4,7.0,Configuração,Erro de configuração,Alta,8,,,Encerrado
5767,2026-09-07 04:19:06,2026-09-07 06:27:44,2026-09-07 08:19:36,59,6,4.0,Queda de energia,Falta de energia da concessionária,Alta,8,,,Encerrado
5768,2026-09-07 09:13:44,2026-09-08 01:31:06,2026-09-08 01:48:55,344,11,3.0,Queda de energia,Disjuntor,Baixa,48,,,Encerrado
5769,2026-09-07 09:44:11,2026-09-07 13:56:27,2026-09-07 14:30:36,355,16,15.0,Falha de equipamento,Placa de interface,Média,24,,,Encerrado
5770,2026-09-07 12:23:15,2026-09-07 12:57:38,2026-09-07 14:27:55,8,7,11.0,Atenuação alta,Curvatura excessiva,Crítica,4,0.53,8.6,Encerrado
5771,2026-09-07 18:08:34,2026-09-07 19:00:20,2026-09-07 21:23:32,48,6,1.0,Queda de energia,Disjuntor,Alta,8,,,Encerrado
5772,2026-09-07 19:12:41,2026-09-07 19:43:50,2026-09-07 22:56:32,105,13,18.0,Furto/vandalismo de cabo,Furto de cabo,Crítica,4,4.12,23.5,Encerrado
5773,2026-09-08 03:25:45,2026-09-10 15:01:52,2026-09-10 15:45:49,231,4,7.0,Queda de energia,Bateria do nobreak,Baixa,48,,,Encerrado
5774,2026-09-08 08:08:19,2026-09-08 08:52:33,2026-09-08 17:44:05,137,5,1.0,Furto/vandalismo de cabo,Furto de cabo,Crítica,4,3.68,36.6,Encerrado
5775,2026-09-08 09:16:59,2026-09-08 18:35:56,2026-09-08 19:42:36,249,3,10.0,Queda de energia,Disjuntor,Baixa,48,,,Encerrado
5776,2026-09-08 11:31:04,2026-09-08 12:31:35,2026-09-08 14:01:25,1,3,7.0,Atenuação alta,Umidade na caixa de emenda,Alta,8,0.71,5.9,Encerrado
5777,2026-09-08 12:55:31,2026-09-08 17:05:45,2026-09-08 18:59:32,55,9,5.0,Atenuação alta,Conector sujo,Média,24,2.96,3.9,Encerrado
5778,2026-09-08 13:33:15,2026-09-08 19:11:57,2026-09-08 21:48:40,346,13,3.0,Atenuação alta,Curvatura excessiva,Média,24,5.64,1.9,Encerrado
5779,2026-09-08 16:17:35,2026-09-08 16:48:40,2026-09-08 18:22:41,149,9,11.0,Queda de energia,Falta de energia da concessionária,Alta,8,,,Encerrado
5780,2026-09-08 18:57:28,2026-09-08 21:25:46,2026-09-08 22:07:45,22,1,16.0,Queda de energia,Bateria do nobreak,Alta,8,,,Encerrado
5781,2026-09-08 20:08:16,2026-09-08 20:13:35,2026-09-09 01:37:19,255,4,13.0,Rompimento de fibra,Obra de terceiros,Crítica,4,12.34,20.6,Encerrado
5782,2026-09-09 03:53:17,2026-09-09 09:36:36,2026-09-09 11:40:32,47,9,11.0,Atenuação alta,Emenda degradada,Alta,8,0.92,3.8,Encerrado
5783,2026-09-09 04:35:20,2026-09-09 23:07:10,2026-09-10 01:56:53,133,4,13.0,Falha de equipamento,Switch,Baixa,48,,,Encerrado
5784,2026-09-09 11:20:45,2026-09-09 11:53:21,2026-09-09 12:46:23,400,5,4.0,Atenuação alta,Emenda degradada,Alta,8,1.59,1.6,Encerrado
5785,2026-09-09 11:37:15,2026-09-09 13:46:22,2026-09-09 14:38:36,187,5,13.0,Atenuação alta,Curvatura excessiva,Média,24,10.73,2.1,Encerrado
5786,2026-09-09 11:37:19,2026-09-10 13:29:14,2026-09-10 15:13:18,182,11,6.0,Falha de equipamento,Módulo óptico (SFP/QSFP),Média,24,,,Encerrado
5787,2026-09-09 12:01:50,2026-09-09 15:31:34,2026-09-09 16:16:01,376,14,15.0,Queda de energia,Falta de energia da concessionária,Média,24,,,Encerrado
5788,2026-09-09 12:16:08,2026-09-09 21:23:52,2026-09-09 21:38:59,249,4,13.0,Falha de equipamento,Fonte de alimentação,Média,24,,,Encerrado
5789,2026-09-09 15:15:37,2026-09-09 16:27:27,2026-09-10 01:06:20,169,11,15.0,Rompimento de fibra,Acidente de trânsito (poste),Crítica,4,3.61,33.3,Encerrado
5790,2026-09-09 21:04:25,2026-09-09 21:36:27,2026-09-10 01:23:28,52,12,18.0,Rompimento de fibra,Obra de terceiros,Crítica,4,0.71,28.3,Encerrado
5791,2026-09-10 00:04:38,2026-09-10 06:03:38,2026-09-10 07:15:42,392,2,4.0,Queda de energia,Bateria do nobreak,Média,24,,,Encerrado
5792,2026-09-10 01:23:05,2026-09-10 02:35:44,2026-09-10 05:33:36,15,6,10.0,Falha de equipamento,Placa de interface,Crítica,4,,,Encerrado
5793,2026-09-10 05:47:28,2026-09-10 20:29:53,2026-09-11 01:36:09,182,12,3.0,Atenuação alta,Umidade na caixa de emenda,Baixa,48,1.16,5.5,Encerrado
5794,2026-09-10 06:56:31,2026-09-10 17:10:43,2026-09-10 20:30:41,359,13,15.0,Queda de energia,Disjuntor,Média,24,,,Encerrado
5795,2026-09-10 09:31:39,2026-09-11 01:15:39,2026-09-11 05:50:45,248,12,18.0,Atenuação alta,Curvatura excessiva,Baixa,48,2.2,2.4,Encerrado
5796,2026-09-10 13:38:23,2026-09-10 18:38:00,2026-09-10 19:39:07,130,13,3.0,Configuração,Atualização de firmware,Média,24,,,Encerrado
5797,2026-09-10 15:41:33,2026-09-10 18:33:26,2026-09-10 19:24:59,249,4,16.0,Configuração,Atualização de firmware,Alta,8,,,Encerrado
5798,2026-09-10 23:12:13,2026-09-11 04:04:52,2026-09-11 09:00:41,332,10,2.0,Atenuação alta,Curvatura excessiva,Média,24,4.29,5.0,Encerrado
5799,2026-09-11 00:56:22,2026-09-11 04:08:47,2026-09-11 04:58:12,376,14,15.0,Rompimento de fibra,Queda de árvore,Alta,8,2.98,24.3,Encerrado
5800,2026-09-11 03:21:48,2026-09-11 04:10:10,2026-09-11 08:40:49,396,2,7.0,Rompimento de fibra,Roedores,Alta,8,16.63,25.6,Encerrado
5801,2026-09-11 04:34:01,2026-09-11 05:52:01,2026-09-11 12:30:46,314,2,13.0,Rompimento de fibra,Queda de árvore,Crítica,4,2.31,36.7,Encerrado
5802,2026-09-11 05:01:32,2026-09-11 05:14:01,2026-09-11 08:06:04,84,11,12.0,Rompimento de fibra,Roedores,Crítica,4,2.42,31.9,Encerrado
5803,2026-09-11 05:08:46,2026-09-11 16:51:15,2026-09-11 18:31:45,356,6,4.0,Falha de equipamento,Placa de interface,Média,24,,,Encerrado
5804,2026-09-11 09:07:49,2026-09-11 09:47:58,2026-09-11 13:22:42,42,6,10.0,Furto/vandalismo de cabo,Furto de cabo,Crítica,4,5.2,31.8,Encerrado
5805,2026-09-11 20:07:09,2026-09-11 22:25:26,2026-09-12 01:15:27,66,8,2.0,Atenuação alta,Emenda degradada,Alta,8,3.26,7.3,Encerrado
5806,2026-09-11 20:33:00,2026-09-12 01:51:58,2026-09-12 02:59:31,247,3,4.0,Queda de energia,Bateria do nobreak,Média,24,,,Encerrado
5807,2026-09-11 20:46:27,2026-09-11 23:49:59,2026-09-12 04:35:24,275,16,9.0,Atenuação alta,Curvatura excessiva,Média,24,7.46,6.2,Encerrado
5808,2026-09-12 01:14:04,2026-09-14 10:34:13,2026-09-14 13:01:20,146,14,18.0,Atenuação alta,Conector sujo,Baixa,48,1.21,4.2,Encerrado
5809,2026-09-12 03:36:08,2026-09-12 15:40:53,2026-09-12 16:13:11,244,12,18.0,Queda de energia,Bateria do nobreak,Baixa,48,,,Encerrado
5810,2026-09-12 06:00:38,2026-09-14 08:47:43,2026-09-14 09:26:09,360,4,13.0,Falha de equipamento,Switch,Baixa,48,,,Encerrado
5811,2026-09-12 07:25:37,2026-09-12 16:29:03,2026-09-12 17:05:59,265,15,9.0,Queda de energia,Falta de energia da concessionária,Baixa,48,,,Encerrado
5812,2026-09-12 12:54:47,2026-09-12 17:54:43,2026-09-12 19:05:15,19,9,8.0,Queda de energia,Disjuntor,Alta,8,,,Encerrado
5813,2026-09-12 14:19:47,2026-09-12 15:32:39,2026-09-12 19:16:24,210,2,7.0,Rompimento de fibra,Acidente de trânsito (poste),Crítica,4,2.16,18.0,Encerrado
5814,2026-09-12 19:25:10,2026-09-13 06:43:50,2026-09-13 09:28:46,296,6,13.0,Falha de equipamento,Placa de interface,Média,24,,,Encerrado
5815,2026-09-12 19:35:50,2026-09-13 06:12:18,2026-09-13 08:32:39,179,15,18.0,Atenuação alta,Conector sujo,Média,24,7.63,4.2,Encerrado
5816,2026-09-13 03:45:21,2026-09-13 05:33:45,2026-09-13 15:57:19,266,9,11.0,Rompimento de fibra,Acidente de trânsito (poste),Alta,8,2.11,38.6,Encerrado
5817,2026-09-13 07:14:22,2026-09-13 08:41:41,2026-09-13 10:06:46,12,15,3.0,Queda de energia,Disjuntor,Crítica,4,,,Encerrado
5818,2026-09-13 10:35:33,2026-09-13 12:23:18,2026-09-13 13:38:55,46,12,3.0,Configuração,Erro de configuração,Crítica,4,,,Encerrado
5819,2026-09-13 11:08:06,2026-09-13 15:44:07,2026-09-13 18:31:57,376,15,18.0,Furto/vandalismo de cabo,Vandalismo,Alta,8,3.27,37.7,Encerrado
5820,2026-09-13 14:11:24,2026-09-14 01:20:26,2026-09-14 06:47:48,171,6,10.0,Falha de equipamento,Módulo óptico (SFP/QSFP),Média,24,,,Encerrado
5821,2026-09-13 15:52:07,2026-09-13 22:49:41,2026-09-14 00:55:13,44,2,16.0,Queda de energia,Falta de energia da concessionária,Alta,8,,,Encerrado
5822,2026-09-13 17:22:05,,,348,12,,Rompimento de fibra,,Crítica,4,8.29,32.2,Cancelado
5823,2026-09-13 17:29:04,2026-09-14 10:29:20,2026-09-14 12:42:14,273,5,4.0,Falha de equipamento,Placa de interface,Baixa,48,,,Encerrado
5824,2026-09-13 17:48:21,2026-09-13 20:54:24,2026-09-14 00:43:22,202,14,18.0,Rompimento de fibra,Acidente de trânsito (poste),Alta,8,7.07,25.1,Encerrado
5825,2026-09-14 00:25:17,2026-09-14 01:42:06,2026-09-14 03:35:52,293,16,12.0,Queda de energia,Falta de energia da concessionária,Alta,8,,,Encerrado
5826,2026-09-14 02:12:15,2026-09-15 19:16:39,2026-09-15 21:18:09,229,13,3.0,Queda de energia,Falta de energia da concessionária,Baixa,48,,,Encerrado
5827,2026-09-14 02:29:38,2026-09-14 03:00:51,2026-09-14 05:07:03,385,6,13.0,Atenuação alta,Conector sujo,Alta,8,1.45,8.5,Encerrado
5828,2026-09-14 03:44:14,2026-09-14 06:55:40,2026-09-14 09:09:21,25,9,17.0,Atenuação alta,Conector sujo,Alta,8,4.81,6.1,Encerrado
5829,2026-09-14 04:30:55,,,204,13,,Rompimento de fibra,,Crítica,4,0.7,38.0,Cancelado
5830,2026-09-14 11:06:22,2026-09-14 11:37:01,2026-09-14 12:53:22,79,9,14.0,Falha de equipamento,Fonte de alimentação,Crítica,4,,,Encerrado
5831,2026-09-14 11:41:47,2026-09-14 12:03:40,2026-09-14 18:04:11,369,3,16.0,Atenuação alta,Curvatura excessiva,Média,24,2.35,6.8,Encerrado
5832,2026-09-14 18:34:35,2026-09-15 11:19:35,2026-09-15 12:01:29,375,1,13.0,Configuração,Atualização de firmware,Baixa,48,,,Encerrado
5833,2026-09-14 22:01:39,2026-09-14 23:14:00,2026-09-15 02:53:52,53,13,3.0,Furto/vandalismo de cabo,Vandalismo,Crítica,4,0.7,35.5,Encerrado
5834,2026-09-15 01:25:39,2026-09-15 06:50:35,2026-09-15 07:52:39,151,5,16.0,Rompimento de fibra,Obra de terceiros,Alta,8,10.55,35.3,Encerrado
5835,2026-09-15 03:18:13,2026-09-15 15:47:44,2026-09-15 19:58:18,96,5,13.0,Atenuação alta,Umidade na caixa de emenda,Média,24,3.22,2.8,Encerrado
5836,2026-09-15 07:28:53,,,149,8,,Rompimento de fibra,,Crítica,4,5.22,28.2,Cancelado
5837,2026-09-15 07:35:32,2026-09-15 20:14:56,2026-09-15 22:39:34,325,4,16.0,Falha de equipamento,Módulo óptico (SFP/QSFP),Média,24,,,Encerrado
5838,2026-09-15 09:50:48,2026-09-15 19:41:46,2026-09-15 20:22:52,392,1,16.0,Atenuação alta,Curvatura excessiva,Média,24,1.25,6.3,Encerrado
5839,2026-09-15 10:27:24,2026-09-15 10:57:17,2026-09-15 12:24:56,44,1,4.0,Queda de energia,Bateria do nobreak,Crítica,4,,,Encerrado
5840,2026-09-15 10:29:02,2026-09-15 10:40:08,2026-09-15 13:49:49,209,14,15.0,Rompimento de fibra,Roedores,Crítica,4,5.33,19.2,Encerrado
5841,2026-09-15 10:48:06,2026-09-15 20:26:24,2026-09-15 20:53:33,98,1,10.0,Queda de energia,Falta de energia da concessionária,Média,24,,,Encerrado
5842,2026-09-15 11:09:09,2026-09-15 14:13:54,2026-09-15 16:28:59,377,11,9.0,Queda de energia,Disjuntor,Média,24,,,Encerrado
5843,2026-09-15 12:11:50,2026-09-15 22:18:17,2026-09-16 01:36:43,282,13,6.0,Falha de equipamento,Switch,Média,24,,,Encerrado
5844,2026-09-15 12:28:10,2026-09-15 12:51:26,2026-09-15 13:51:20,40,14,12.0,Queda de energia,Falta de energia da concessionária,Crítica,4,,,Encerrado
5845,2026-09-15 14:48:04,,,39,14,,Rompimento de fibra,,Crítica,4,4.52,22.9,Cancelado
5846,2026-09-15 17:08:19,2026-09-15 17:25:29,2026-09-15 22:19:03,32,3,10.0,Rompimento de fibra,Obra de terceiros,Crítica,4,1.1,25.7,Encerrado
5847,2026-09-15 17:43:01,2026-09-15 23:35:56,2026-09-16 00:56:56,202,14,15.0,Falha de equipamento,Fonte de alimentação,Média,24,,,Encerrado
5848,2026-09-15 18:20:36,2026-09-15 18:51:09,2026-09-15 19:35:07,31,4,4.0,Queda de energia,Bateria do nobreak,Crítica,4,,,Encerrado
5849,2026-09-15 18:57:23,,,297,1,,Atenuação alta,,Média,24,4.32,8.7,Cancelado
5850,2026-09-15 19:02:31,2026-09-15 22:26:10,2026-09-16 03:14:45,32,4,4.0,Atenuação alta,Umidade na caixa de emenda,Alta,8,4.04,3.2,Encerrado
5851,2026-09-15 23:29:57,2026-09-16 17:17:52,2026-09-16 19:01:51,226,10,5.0,Falha de equipamento,Switch,Baixa,48,,,Encerrado
5852,2026-09-16 07:07:18,2026-09-16 20:58:46,2026-09-16 23:12:17,371,6,4.0,Queda de energia,Bateria do nobreak,Baixa,48,,,Encerrado
5853,2026-09-16 10:12:50,2026-09-16 10:59:17,2026-09-16 13:39:11,370,2,4.0,Rompimento de fibra,Queda de árvore,Crítica,4,4.28,19.7,Encerrado
5854,2026-09-16 10:50:18,2026-09-16 18:32:14,2026-09-16 19:32:53,277,3,13.0,Queda de energia,Falta de energia da concessionária,Média,24,,,Encerrado
5855,2026-09-16 13:33:12,2026-09-17 02:04:03,2026-09-17 03:26:27,157,11,18.0,Queda de energia,Bateria do nobreak,Baixa,48,,,Encerrado
5856,2026-09-16 13:52:24,2026-09-16 15:02:23,2026-09-16 18:42:51,354,9,17.0,Rompimento de fibra,Acidente de trânsito (poste),Alta,8,0.97,25.6,Encerrado
5857,2026-09-16 17:10:05,2026-09-16 20:38:14,2026-09-16 22:08:41,381,8,11.0,Falha de equipamento,Placa de interface,Alta,8,,,Encerrado
5858,2026-09-16 20:06:35,2026-09-16 21:17:27,2026-09-17 00:29:30,203,10,5.0,Atenuação alta,Umidade na caixa de emenda,Alta,8,1.46,1.7,Encerrado
5859,2026-09-16 20:39:54,2026-09-16 21:53:03,2026-09-16 22:34:44,114,2,13.0,Queda de energia,Falta de energia da concessionária,Alta,8,,,Encerrado
5860,2026-09-16 22:09:02,2026-09-16 23:25:14,2026-09-17 00:25:46,11,6,13.0,Queda de energia,Bateria do nobreak,Crítica,4,,,Encerrado
5861,2026-09-16 22:20:03,2026-09-16 23:47:05,2026-09-17 01:36:49,76,11,3.0,Atenuação alta,Emenda degradada,Alta,8,4.96,8.9,Encerrado
5862,2026-09-16 22:25:42,2026-09-17 02:40:31,2026-09-17 05:43:41,95,10,5.0,Atenuação alta,Emenda degradada,Alta,8,7.21,6.3,Encerrado
5863,2026-09-17 01:24:08,2026-09-17 08:52:58,2026-09-17 11:22:56,125,13,6.0,Falha de equipamento,Switch,Média,24,,,Encerrado
5864,2026-09-17 01:30:01,2026-09-18 02:17:50,2026-09-18 03:58:30,164,16,18.0,Falha de equipamento,Fonte de alimentação,Baixa,48,,,Encerrado
5865,2026-09-17 03:24:29,2026-09-17 04:27:08,2026-09-17 04:46:28,387,6,13.0,Rompimento de fibra,Queda de árvore,Alta,8,2.91,30.6,Encerrado
5866,2026-09-17 06:13:39,2026-09-17 07:08:19,2026-09-17 09:31:36,175,4,16.0,Atenuação alta,Conector sujo,Baixa,48,0.75,3.5,Encerrado
5867,2026-09-17 07:24:56,2026-09-17 08:07:26,2026-09-17 12:17:42,191,7,17.0,Atenuação alta,Conector sujo,Alta,8,5.5,6.9,Encerrado
5868,2026-09-17 08:25:28,2026-09-17 09:46:11,2026-09-17 15:31:21,19,7,11.0,Atenuação alta,Emenda degradada,Alta,8,3.21,2.8,Encerrado
5869,2026-09-17 12:41:55,2026-09-17 13:42:37,2026-09-17 16:20:50,116,12,18.0,Atenuação alta,Curvatura excessiva,Crítica,4,6.02,3.0,Encerrado
5870,2026-09-17 20:55:24,2026-09-18 09:40:21,2026-09-18 12:23:55,266,7,2.0,Queda de energia,Bateria do nobreak,Média,24,,,Encerrado
5871,2026-09-17 22:24:08,2026-09-18 10:08:30,2026-09-18 11:36:18,156,5,1.0,Atenuação alta,Emenda degradada,Baixa,48,1.47,3.4,Encerrado
5872,2026-09-17 23:28:28,2026-09-18 03:21:55,2026-09-18 07:50:57,342,1,10.0,Rompimento de fibra,Roedores,Alta,8,2.78,31.6,Encerrado
5873,2026-09-18 00:33:50,2026-09-18 12:19:29,2026-09-18 15:47:22,167,1,16.0,Atenuação alta,Curvatura excessiva,Média,24,10.42,4.0,Encerrado
5874,2026-09-18 03:49:38,2026-09-18 04:29:31,2026-09-18 06:15:13,389,4,4.0,Falha de equipamento,Fonte de alimentação,Alta,8,,,Encerrado
5875,2026-09-18 04:46:41,2026-09-18 19:14:11,2026-09-18 20:46:29,155,12,12.0,Configuração,Atualização de firmware,Média,24,,,Encerrado
5876,2026-09-18 07:06:38,2026-09-18 07:31:17,2026-09-18 08:15:53,130,13,15.0,Queda de energia,Falta de energia da concessionária,Alta,8,,,Encerrado
5877,2026-09-18 07:20:26,2026-09-18 08:28:28,2026-09-18 18:48:42,264,14,15.0,Furto/vandalismo de cabo,Furto de cabo,Crítica,4,2.07,38.1,Encerrado
5878,2026-09-18 08:01:04,2026-09-18 14:06:16,2026-09-18 16:40:38,277,3,16.0,Queda de energia,Disjuntor,Média,24,,,Encerrado
5879,2026-09-18 08:15:52,2026-09-18 10:29:31,2026-09-18 11:56:11,15,6,13.0,Falha de equipamento,Placa de interface,Alta,8,,,Encerrado
5880,2026-09-18 11:17:44,2026-09-18 13:15:06,2026-09-18 17:29:13,262,10,8.0,Rompimento de fibra,Roedores,Alta,8,2.96,30.2,Encerrado
5881,2026-09-18 15:10:17,2026-09-18 16:06:55,2026-09-18 19:20:09,168,1,7.0,Queda de energia,Bateria do nobreak,Média,24,,,Encerrado
5882,2026-09-18 17:22:43,2026-09-19 03:19:41,2026-09-19 05:04:02,182,11,15.0,Configuração,Erro de configuração,Baixa,48,,,Encerrado
5883,2026-09-18 17:44:15,2026-09-18 18:13:35,2026-09-19 00:13:15,385,6,7.0,Rompimento de fibra,Queda de árvore,Crítica,4,12.42,30.3,Encerrado
5884,2026-09-18 17:45:15,2026-09-18 21:16:24,2026-09-19 03:54:58,114,1,7.0,Atenuação alta,Umidade na caixa de emenda,Alta,8,10.57,1.6,Encerrado
5885,2026-09-18 20:06:46,2026-09-19 02:44:17,2026-09-19 05:35:16,362,16,9.0,Atenuação alta,Conector sujo,Baixa,48,2.86,7.9,Encerrado
5886,2026-09-18 20:51:02,2026-09-18 22:00:28,2026-09-18 23:01:42,372,15,3.0,Falha de equipamento,Placa de interface,Alta,8,,,Encerrado
5887,2026-09-18 21:12:04,2026-09-19 02:09:14,2026-09-19 06:16:26,72,9,11.0,Falha de equipamento,Placa de interface,Média,24,,,Encerrado
5888,2026-09-18 22:02:07,2026-09-18 22:31:48,2026-09-19 08:27:17,150,8,8.0,Furto/vandalismo de cabo,Vandalismo,Crítica,4,2.64,28.1,Encerrado
5889,2026-09-18 22:17:58,2026-09-18 22:27:58,2026-09-18 22:49:00,349,14,3.0,Configuração,Atualização de firmware,Alta,8,,,Encerrado
5890,2026-09-19 01:17:35,2026-09-19 01:50:44,2026-09-19 06:06:55,36,8,5.0,Rompimento de fibra,Roedores,Crítica,4,6.87,19.1,Encerrado
5891,2026-09-19 08:55:02,2026-09-19 17:41:15,2026-09-19 21:26:16,328,14,15.0,Atenuação alta,Conector sujo,Média,24,2.39,2.2,Encerrado
5892,2026-09-19 09:21:13,2026-09-19 10:02:00,2026-09-19 17:05:22,389,3,7.0,Furto/vandalismo de cabo,Vandalismo,Crítica,4,5.09,29.0,Encerrado
5893,2026-09-19 10:40:51,2026-09-19 12:55:24,2026-09-19 19:38:10,246,10,14.0,Rompimento de fibra,Acidente de trânsito (poste),Crítica,4,2.36,28.9,Encerrado
5894,2026-09-19 16:23:02,2026-09-19 17:12:25,2026-09-19 18:00:18,393,13,15.0,Falha de equipamento,Switch,Alta,8,,,Encerrado
5895,2026-09-19 18:00:27,2026-09-19 19:56:48,2026-09-19 22:53:51,353,2,1.0,Atenuação alta,Curvatura excessiva,Alta,8,6.42,8.6,Encerrado
5896,2026-09-19 19:27:09,2026-09-20 01:54:00,2026-09-20 03:57:53,245,5,1.0,Queda de energia,Disjuntor,Média,24,,,Encerrado
5897,2026-09-19 20:47:06,2026-09-19 23:39:05,2026-09-20 01:33:16,44,1,4.0,Atenuação alta,Umidade na caixa de emenda,Alta,8,5.52,6.9,Encerrado
5898,2026-09-20 01:32:03,2026-09-20 10:44:31,2026-09-20 18:14:03,149,7,14.0,Furto/vandalismo de cabo,Furto de cabo,Alta,8,4.36,33.8,Encerrado
5899,2026-09-20 01:39:00,2026-09-20 02:46:12,2026-09-20 03:18:43,138,12,6.0,Rompimento de fibra,Roedores,Crítica,4,5.35,38.4,Encerrado
5900,2026-09-20 03:55:13,2026-09-20 05:22:49,2026-09-20 09:14:33,73,2,4.0,Furto/vandalismo de cabo,Vandalismo,Crítica,4,2.01,39.3,Encerrado
5901,2026-09-20 06:38:33,2026-09-20 07:54:02,2026-09-20 10:33:49,109,4,10.0,Rompimento de fibra,Roedores,Crítica,4,8.51,18.2,Encerrado
5902,2026-09-20 10:23:14,2026-09-21 12:41:00,2026-09-21 17:03:34,365,2,10.0,Queda de energia,Falta de energia da concessionária,Baixa,48,,,Encerrado
5903,2026-09-20 10:25:08,2026-09-20 23:45:36,2026-09-21 08:37:40,222,5,16.0,Atenuação alta,Conector sujo,Média,24,2.38,8.4,Encerrado
5904,2026-09-20 14:50:27,2026-09-20 22:33:56,2026-09-21 00:54:16,271,5,4.0,Atenuação alta,Emenda degradada,Média,24,5.64,4.6,Encerrado
5905,2026-09-20 19:24:54,2026-09-20 22:52:30,2026-09-21 01:12:52,318,15,12.0,Atenuação alta,Curvatura excessiva,Média,24,4.99,2.3,Encerrado
5906,2026-09-21 00:09:18,2026-09-23 16:12:38,2026-09-23 16:42:59,314,2,10.0,Atenuação alta,Curvatura excessiva,Baixa,48,2.81,1.9,Encerrado
5907,2026-09-21 00:21:00,2026-09-21 09:20:17,2026-09-21 12:09:01,289,10,2.0,Falha de equipamento,Módulo óptico (SFP/QSFP),Baixa,48,,,Encerrado
5908,2026-09-21 01:24:08,2026-09-21 09:31:16,2026-09-21 10:05:59,18,13,6.0,Queda de energia,Disjuntor,Média,24,,,Encerrado
5909,2026-09-21 02:22:55,2026-09-21 04:04:13,2026-09-21 05:11:12,46,12,15.0,Rompimento de fibra,Obra de terceiros,Crítica,4,5.0,34.2,Encerrado
5910,2026-09-21 03:51:42,2026-09-21 04:18:45,2026-09-21 06:27:41,120,12,9.0,Rompimento de fibra,Acidente de trânsito (poste),Crítica,4,9.38,20.6,Encerrado
5911,2026-09-21 04:11:38,2026-09-21 05:14:34,2026-09-21 07:40:52,36,9,2.0,Rompimento de fibra,Roedores,Crítica,4,2.45,20.2,Encerrado
5912,2026-09-21 08:21:08,2026-09-21 09:42:44,2026-09-21 11:06:18,38,16,18.0,Queda de energia,Disjuntor,Crítica,4,,,Encerrado
5913,2026-09-21 13:21:22,2026-09-21 13:40:37,2026-09-21 18:18:16,179,15,3.0,Rompimento de fibra,Queda de árvore,Crítica,4,1.74,19.1,Encerrado
5914,2026-09-21 15:47:06,2026-09-21 19:22:38,2026-09-21 21:35:23,297,2,10.0,Falha de equipamento,Placa de interface,Alta,8,,,Encerrado
5915,2026-09-21 17:55:11,2026-09-21 20:42:56,2026-09-21 22:10:16,369,4,4.0,Falha de equipamento,Fonte de alimentação,Média,24,,,Encerrado
5916,2026-09-21 19:33:10,2026-09-21 20:32:24,2026-09-21 22:55:35,37,1,4.0,Atenuação alta,Emenda degradada,Alta,8,3.92,5.4,Encerrado
5917,2026-09-21 21:58:52,2026-09-21 22:50:38,2026-09-22 00:14:07,202,15,9.0,Rompimento de fibra,Acidente de trânsito (poste),Crítica,4,3.49,39.4,Encerrado
5918,2026-09-21 22:35:07,2026-09-21 23:51:51,2026-09-22 08:38:37,149,7,14.0,Rompimento de fibra,Obra de terceiros,Alta,8,1.55,36.5,Encerrado
5919,2026-09-21 23:39:37,2026-09-22 19:19:23,2026-09-22 20:48:18,366,13,15.0,Queda de energia,Disjuntor,Baixa,48,,,Encerrado
5920,2026-09-22 01:20:20,2026-09-22 04:24:12,2026-09-22 07:29:48,150,8,8.0,Furto/vandalismo de cabo,Furto de cabo,Alta,8,3.77,30.1,Encerrado
5921,2026-09-22 01:56:42,2026-09-22 02:12:46,2026-09-22 09:54:47,104,4,1.0,Furto/vandalismo de cabo,Furto de cabo,Crítica,4,4.11,18.3,Encerrado
5922,2026-09-22 05:26:39,2026-09-22 21:44:00,2026-09-23 02:29:07,380,11,6.0,Atenuação alta,Conector sujo,Baixa,48,2.96,8.7,Encerrado
5923,2026-09-22 08:32:37,2026-09-22 09:16:50,2026-09-22 10:53:25,286,16,12.0,Rompimento de fibra,Queda de árvore,Crítica,4,2.28,25.6,Encerrado
5924,2026-09-22 12:20:20,2026-09-22 12:46:43,2026-09-22 15:04:15,134,1,13.0,Rompimento de fibra,Queda de árvore,Crítica,4,2.75,20.7,Encerrado
5925,2026-09-22 16:35:08,2026-09-22 17:10:02,2026-09-22 20:04:10,353,1,13.0,Furto/vandalismo de cabo,Furto de cabo,Alta,8,2.91,24.1,Encerrado
5926,2026-09-22 22:17:37,2026-09-23 00:19:13,2026-09-23 03:54:54,274,15,18.0,Atenuação alta,Umidade na caixa de emenda,Alta,8,3.83,3.1,Encerrado
5927,2026-09-22 22:55:58,2026-09-23 14:31:20,2026-09-23 19:51:39,338,14,9.0,Atenuação alta,Curvatura excessiva,Média,24,4.96,3.5,Encerrado
5928,2026-09-23 00:35:56,2026-09-23 01:21:44,2026-09-23 03:47:08,114,2,10.0,Rompimento de fibra,Acidente de trânsito (poste),Crítica,4,6.8,23.8,Encerrado
5929,2026-09-23 00:39:54,2026-09-23 02:23:36,2026-09-23 03:45:23,48,6,1.0,Queda de energia,Disjuntor,Alta,8,,,Encerrado
5930,2026-09-23 01:02:30,2026-09-23 03:31:32,2026-09-23 04:16:55,193,7,2.0,Queda de energia,Falta de energia da concessionária,Média,24,,,Encerrado
5931,2026-09-23 02:28:34,2026-09-23 05:20:38,2026-09-23 06:20:18,271,5,4.0,Queda de energia,Disjuntor,Alta,8,,,Encerrado
5932,2026-09-23 04:00:28,2026-09-24 20:22:46,2026-09-25 00:07:52,388,11,9.0,Falha de equipamento,Switch,Baixa,48,,,Encerrado
5933,2026-09-23 06:02:53,2026-09-23 09:05:39,2026-09-23 11:38:09,262,10,11.0,Atenuação alta,Conector sujo,Baixa,48,14.92,3.0,Encerrado
5934,2026-09-23 06:31:24,2026-09-23 08:02:16,2026-09-23 08:24:06,112,9,11.0,Configuração,Atualização de firmware,Crítica,4,,,Encerrado
5935,2026-09-23 07:24:07,2026-09-23 07:46:56,2026-09-23 12:53:36,248,11,3.0,FURTO/VANDALISMO DE CABO,Furto de cabo,Crítica,4,2.38,24.0,Encerrado
5936,2026-09-23 08:28:54,2026-09-23 16:07:11,2026-09-23 17:49:24,151,5,4.0,Atenuação alta,Conector sujo,Média,24,2.27,6.8,Encerrado
5937,2026-09-23 15:09:34,2026-09-23 15:22:56,2026-09-23 16:27:56,55,8,11.0,Falha de equipamento,Fonte de alimentação,Crítica,4,,,Encerrado
5938,2026-09-23 15:22:17,2026-09-23 21:12:09,2026-09-23 22:51:36,248,12,9.0,Falha de equipamento,Switch,Média,24,,,Encerrado
5939,2026-09-23 22:42:05,2026-09-24 02:35:03,2026-09-24 06:24:29,225,13,9.0,Rompimento de fibra,Queda de árvore,Alta,8,6.22,33.7,Encerrado
5940,2026-09-24 07:46:02,2026-09-24 12:34:52,2026-09-24 16:48:05,354,7,17.0,Atenuação alta,Curvatura excessiva,Média,24,11.32,1.5,Encerrado
5941,2026-09-24 07:46:15,2026-09-24 08:15:14,2026-09-24 10:18:33,118,3,7.0,Rompimento de fibra,Obra de terceiros,Crítica,4,3.17,25.8,Encerrado
5942,2026-09-24 09:22:25,2026-09-24 09:56:36,2026-09-24 13:54:38,258,10,8.0,Rompimento de fibra,Obra de terceiros,Alta,8,8.01,38.3,Encerrado
5943,2026-09-24 10:20:34,2026-09-24 12:37:52,2026-09-24 17:32:23,162,2,7.0,Atenuação alta,Umidade na caixa de emenda,Alta,8,5.8,4.7,Encerrado
5944,2026-09-24 12:46:31,2026-09-24 14:01:40,2026-09-24 20:51:37,66,7,11.0,Atenuação alta,Curvatura excessiva,Crítica,4,5.19,6.3,Encerrado
5945,2026-09-24 14:11:35,2026-09-24 14:38:20,2026-09-24 15:19:24,24,6,16.0,Rompimento de fibra,Queda de árvore,Crítica,4,5.8,32.0,Encerrado
5946,2026-09-24 16:19:19,2026-09-24 16:57:39,2026-09-24 20:39:46,69,16,12.0,Rompimento de fibra,Queda de árvore,Crítica,4,3.1,18.5,Encerrado
5947,2026-09-24 18:29:14,2026-09-24 20:30:50,2026-09-25 05:28:32,200,1,16.0,Rompimento de fibra,Queda de árvore,Alta,8,2.52,38.1,Encerrado
5948,2026-09-24 20:23:30,2026-09-24 23:06:21,2026-09-25 00:21:56,14,2,16.0,Configuração,Atualização de firmware,Alta,8,,,Encerrado
5949,2026-09-24 22:50:49,2026-09-24 23:42:56,2026-09-25 01:32:17,122,14,18.0,Rompimento de fibra,Obra de terceiros,Crítica,4,1.7,27.5,Encerrado
5950,2026-09-24 23:49:25,2026-09-25 00:33:17,2026-09-25 02:25:21,51,6,1.0,Queda de energia,Disjuntor,Crítica,4,,,Encerrado
5951,2026-09-25 00:33:10,2026-09-25 00:48:31,2026-09-25 04:39:58,79,7,14.0,Rompimento de fibra,Queda de árvore,Crítica,4,3.75,27.2,Encerrado
5952,2026-09-25 08:24:48,2026-09-25 08:47:00,2026-09-25 16:30:44,265,15,15.0,Rompimento de fibra,Acidente de trânsito (poste),Crítica,4,8.88,37.9,Encerrado
5953,2026-09-25 11:35:59,2026-09-25 18:10:48,2026-09-25 18:45:20,84,11,6.0,Falha de equipamento,Placa de interface,Média,24,,,Encerrado
5954,2026-09-25 11:38:26,2026-09-25 12:18:32,2026-09-25 18:21:39,46,11,15.0,Rompimento de fibra,Obra de terceiros,Crítica,4,7.12,32.6,Encerrado
5955,2026-09-25 22:14:12,2026-09-26 06:07:06,2026-09-26 07:47:28,178,13,15.0,Queda de energia,Bateria do nobreak,Média,24,,,Encerrado
5956,2026-09-26 01:06:10,2026-09-26 03:17:34,2026-09-26 04:39:16,24,6,13.0,Queda de energia,Bateria do nobreak,Alta,8,,,Encerrado
5957,2026-09-26 06:07:26,2026-09-26 06:48:19,2026-09-26 10:26:26,322,12,18.0,Rompimento de fibra,Roedores,Crítica,4,1.79,24.8,Encerrado
5958,2026-09-26 12:55:23,2026-09-26 14:33:51,2026-09-26 16:25:18,18,13,18.0,Rompimento de fibra,Queda de árvore,Crítica,4,5.37,29.1,Encerrado
5959,2026-09-26 14:19:01,2026-09-26 18:46:40,2026-09-26 20:04:06,148,1,16.0,Furto/vandalismo de cabo,Vandalismo,Alta,8,3.79,30.2,Encerrado
5960,2026-09-26 14:23:59,2026-09-27 12:10:36,2026-09-27 13:52:30,106,13,9.0,Falha de equipamento,Placa de interface,Média,24,,,Encerrado
5961,2026-09-26 14:32:08,2026-09-26 17:48:56,2026-09-26 21:11:15,139,13,15.0,Atenuação alta,Umidade na caixa de emenda,Baixa,48,10.19,2.2,Encerrado
5962,2026-09-26 17:05:59,2026-09-26 22:48:25,2026-09-26 23:24:02,21,4,4.0,Atenuação alta,Umidade na caixa de emenda,Alta,8,4.78,8.2,Encerrado
5963,2026-09-26 19:01:32,2026-09-26 21:14:52,2026-09-26 22:44:16,16,3,16.0,Queda de energia,Disjuntor,Alta,8,,,Encerrado
5964,2026-09-26 21:35:32,2026-09-27 20:39:27,2026-09-27 23:03:13,12,15,15.0,Queda de energia,Bateria do nobreak,Média,24,,,Encerrado
5965,2026-09-26 22:43:29,2026-09-27 00:58:11,2026-09-27 02:40:04,207,3,13.0,Configuração,Atualização de firmware,Alta,8,,,Encerrado
5966,2026-09-26 22:46:23,2026-09-27 00:14:30,2026-09-27 04:22:51,149,9,5.0,Furto/vandalismo de cabo,Furto de cabo,Crítica,4,6.64,24.4,Encerrado
5967,2026-09-26 22:54:26,2026-09-27 18:44:04,2026-09-27 19:41:00,322,11,6.0,Falha de equipamento,Módulo óptico (SFP/QSFP),Média,24,,,Encerrado
5968,2026-09-26 23:20:40,2026-09-26 23:31:56,2026-09-27 01:19:40,212,8,5.0,Furto/vandalismo de cabo,Vandalismo,Alta,8,8.2,38.4,Encerrado
5969,2026-09-27 06:05:01,2026-09-27 08:20:35,2026-09-27 08:34:57,148,2,4.0,Configuração,Erro de configuração,Média,24,,,Encerrado
5970,2026-09-27 07:57:55,2026-09-27 22:20:59,2026-09-28 01:51:12,191,8,2.0,Atenuação alta,Curvatura excessiva,Média,24,0.62,7.5,Encerrado
5971,2026-09-27 09:40:32,2026-09-27 11:49:00,2026-09-27 16:31:03,97,10,11.0,Rompimento de fibra,Queda de árvore,Crítica,4,4.54,27.4,Encerrado
5972,2026-09-27 10:57:27,2026-09-27 12:04:34,2026-09-27 15:10:39,386,14,12.0,Rompimento de fibra,Acidente de trânsito (poste),Crítica,4,5.25,31.1,Encerrado
5973,2026-09-27 12:12:16,2026-09-27 12:55:27,2026-09-27 16:03:28,312,10,11.0,Rompimento de fibra,Queda de árvore,Crítica,4,8.25,36.3,Encerrado
5974,2026-09-27 12:50:01,2026-09-27 14:55:37,2026-09-27 16:43:18,33,11,3.0,Queda de energia,Bateria do nobreak,Alta,8,,,Encerrado
5975,2026-09-27 16:02:14,2026-09-27 17:58:19,2026-09-27 18:36:18,8,7,5.0,Configuração,Atualização de firmware,Crítica,4,,,Encerrado
5976,2026-09-27 21:14:47,2026-09-27 22:50:18,2026-09-27 23:41:08,179,15,12.0,Queda de energia,Bateria do nobreak,Alta,8,,,Encerrado
5977,2026-09-27 21:35:02,2026-09-29 15:21:51,2026-09-29 17:53:56,249,4,13.0,Falha de equipamento,Placa de interface,Baixa,48,,,Encerrado
5978,2026-09-28 00:11:52,2026-09-28 03:22:08,2026-09-28 04:33:28,49,4,16.0,Falha de equipamento,Módulo óptico (SFP/QSFP),Crítica,4,,,Encerrado
5979,2026-09-28 02:01:03,2026-09-28 03:54:43,2026-09-28 07:12:07,84,11,12.0,Falha de equipamento,Módulo óptico (SFP/QSFP),Crítica,4,,,Encerrado
5980,2026-09-28 09:48:31,2026-09-28 11:21:47,2026-09-28 14:06:33,188,14,3.0,Rompimento de fibra,Acidente de trânsito (poste),Alta,8,2.85,18.6,Encerrado
5981,2026-09-28 13:38:39,2026-09-28 16:05:29,2026-09-28 20:07:52,372,14,9.0,Falha de equipamento,Switch,Alta,8,,,Encerrado
5982,2026-09-28 14:26:17,2026-09-28 19:47:32,2026-09-28 22:23:07,210,1,10.0,Queda de energia,Bateria do nobreak,Baixa,48,,,Encerrado
5983,2026-09-28 18:22:27,2026-09-28 19:57:23,2026-09-29 00:01:46,331,15,9.0,Furto/vandalismo de cabo,Furto de cabo,Alta,8,1.33,28.0,Encerrado
5984,2026-09-28 20:34:58,2026-09-28 21:03:16,2026-09-29 03:21:28,231,4,16.0,Furto/vandalismo de cabo,Vandalismo,Crítica,4,7.07,30.1,Encerrado
5985,2026-09-28 21:04:35,2026-09-29 23:59:20,2026-09-30 01:22:45,247,4,1.0,Configuração,Erro de configuração,Baixa,48,,,Encerrado
5986,2026-09-28 22:07:01,2026-09-29 07:51:45,2026-09-29 08:50:21,84,12,15.0,Configuração,Erro de configuração,Média,24,,,Encerrado
5987,2026-09-28 22:49:30,2026-09-29 05:47:22,2026-09-29 07:56:39,193,7,8.0,Falha de equipamento,Fonte de alimentação,Média,24,,,Encerrado
5988,2026-09-28 23:11:56,2026-09-29 10:44:54,2026-09-29 12:10:57,271,5,13.0,Falha de equipamento,Placa de interface,Média,24,,,Encerrado
5989,2026-09-29 00:39:17,2026-09-29 04:27:36,2026-09-29 07:35:02,151,5,13.0,Atenuação alta,Conector sujo,Média,24,2.11,5.0,Encerrado
5990,2026-09-29 05:28:25,2026-09-29 07:38:46,2026-09-29 14:29:26,25,7,8.0,Rompimento de fibra,Obra de terceiros,Crítica,4,5.9,33.9,Encerrado
5991,2026-09-29 08:47:38,2026-09-29 09:04:18,2026-09-29 11:12:09,86,6,7.0,Queda de energia,Disjuntor,Crítica,4,,,Encerrado
5992,2026-09-29 08:50:10,2026-09-29 09:52:36,2026-09-29 13:55:24,363,6,16.0,Atenuação alta,Umidade na caixa de emenda,Alta,8,5.63,1.7,Encerrado
5993,2026-09-29 17:51:39,2026-09-29 18:10:52,2026-09-29 21:46:14,184,5,4.0,Atenuação alta,Curvatura excessiva,Alta,8,2.59,2.4,Encerrado
5994,2026-09-29 18:20:27,2026-09-30 00:29:21,2026-09-30 02:02:39,378,10,14.0,Falha de equipamento,Placa de interface,Média,24,,,Encerrado
5995,2026-09-29 21:16:34,2026-09-29 22:49:32,2026-09-30 00:35:01,219,16,12.0,Queda de energia,Falta de energia da concessionária,Alta,8,,,Encerrado
5996,2026-09-29 21:52:47,2026-09-29 22:40:09,2026-09-30 05:34:21,386,14,15.0,Furto/vandalismo de cabo,Furto de cabo,Alta,8,1.86,26.4,Encerrado
5997,2026-09-30 00:13:53,2026-09-30 09:38:06,2026-09-30 10:32:33,394,12,12.0,Queda de energia,Bateria do nobreak,Baixa,48,,,Encerrado
5998,2026-09-30 02:06:51,2026-09-30 06:46:59,2026-09-30 11:48:31,369,4,4.0,Falha de equipamento,Placa de interface,Alta,8,,,Encerrado
5999,2026-09-30 19:15:33,2026-09-30 19:55:41,2026-09-30 20:22:39,8,9,5.0,Falha de equipamento,Fonte de alimentação,Alta,8,,,Encerrado
6000,2026-09-30 23:50:42,2026-10-01 17:24:37,,122,14,3.0,Configuração,,Média,24,,,Em aberto
